row_id,actual,prediction
48872,0,0
100864,1,1
123233,0,1
7228,0,0
3948,0,0
37096,0,0
34890,0,1
130549,0,0
138492,0,0
104003,0,0
103275,0,0
110280,0,0
28003,0,0
66308,0,0
130487,1,0
83863,0,0
76967,1,1
47199,0,0
122573,0,0
123276,0,0
82393,1,0
23375,1,0
144354,0,0
127379,1,0
77781,0,0
114071,0,0
2676,0,1
63871,1,1
106971,0,0
21684,1,1
76340,0,0
3911,0,0
80220,1,1
48667,1,1
23191,0,0
128214,0,0
34968,0,0
56315,0,0
25160,1,0
114527,1,1
102037,0,0
33205,0,0
89129,0,1
94633,0,0
29014,0,0
91087,1,1
22170,0,0
99854,0,0
118572,1,1
2078,0,0
20872,1,1
60601,0,0
103196,0,0
14553,0,0
50073,0,0
72954,0,0
35086,0,0
16415,0,0
144012,0,0
135091,0,0
121965,0,0
70243,0,0
86399,1,0
57078,0,0
72431,0,0
9222,0,0
6112,0,0
104086,0,1
122157,1,1
58247,0,0
54633,1,0
109602,0,0
120675,0,0
21008,1,0
21778,0,0
108335,0,0
41863,0,0
131471,0,0
119476,0,0
112385,0,0
114612,0,0
126631,0,0
14833,0,0
145279,0,0
32355,0,0
118794,0,0
90155,1,0
115402,0,0
75193,1,1
112340,0,0
139652,0,0
104360,0,0
95694,0,0
131135,0,0
8595,0,0
91931,0,0
63651,1,1
111486,0,1
136250,1,0
93135,0,0
37432,0,0
28462,0,0
70263,0,0
5832,0,0
142000,0,0
20871,1,0
10213,0,0
1872,0,0
111884,0,1
25798,0,0
37230,0,0
22718,0,0
126695,1,1
12388,0,0
99565,0,0
79805,1,0
26409,1,0
129038,0,1
29721,0,0
53476,0,0
54540,0,0
45532,0,0
123413,0,0
48231,0,0
136440,0,0
51450,0,0
133587,0,0
19195,1,1
57809,0,1
105343,0,0
49860,0,1
85952,1,1
36199,0,0
43252,0,1
136079,0,0
59347,0,0
78238,1,1
100007,1,1
79811,1,1
94065,0,0
117846,0,0
136050,0,0
97806,1,1
104130,0,0
49015,0,0
32243,0,0
86208,0,0
119268,0,0
114007,0,1
53087,0,0
39293,0,0
56325,0,1
59167,1,1
126646,0,0
136431,0,0
18235,0,0
6343,0,0
98325,0,0
120336,0,0
20094,1,1
30302,0,1
131442,0,0
52807,0,0
21743,0,0
145096,0,0
145258,1,1
67547,0,0
31963,0,1
129377,1,1
123741,0,0
99989,0,0
91080,0,0
29920,0,0
30881,0,0
140050,0,1
22229,0,0
1164,0,0
127586,1,0
131882,1,1
726,1,1
9438,0,0
27815,0,0
64649,0,0
120732,0,0
135615,0,0
124971,0,0
38107,0,0
77036,1,0
6587,0,0
39557,0,0
84900,1,1
36858,1,1
3321,0,1
53327,1,1
47142,1,1
2230,0,0
45750,1,0
74119,0,0
109649,1,1
70408,0,0
24564,0,0
21869,1,1
96253,0,0
75737,0,0
138132,0,0
62618,0,0
139984,0,1
114364,0,1
23443,0,0
92978,0,0
131186,0,0
75025,0,0
126341,0,0
79842,0,0
102748,1,1
110536,0,1
49993,0,0
98391,1,1
25349,0,0
10831,1,1
145049,0,0
104123,1,1
43110,0,0
7290,0,0
101536,0,0
93339,1,1
84960,0,1
21086,0,0
84328,1,0
4199,0,0
99892,0,0
126285,0,0
49000,0,0
37140,1,1
8090,0,0
67930,0,0
115207,1,1
122801,0,0
111959,0,0
125700,0,0
55431,0,0
3087,1,0
121411,1,0
83626,1,1
38510,0,0
24943,0,0
20652,1,1
103843,0,0
144213,0,0
113086,0,0
138660,0,0
1796,0,0
13568,0,0
42216,0,0
11847,0,0
130336,0,0
98255,0,0
8330,0,0
123927,0,0
143310,1,1
109078,0,1
106434,0,0
27820,0,0
126609,0,0
111971,0,0
127978,0,0
130069,0,0
76764,0,0
10577,0,1
46196,1,1
108032,0,0
77765,0,0
109934,0,1
25508,1,1
102990,0,0
140905,0,0
56310,1,1
120631,0,0
12289,0,0
24053,1,1
26527,1,1
7200,0,0
108254,0,0
1047,0,0
84454,0,0
44207,0,0
55534,0,0
17733,0,0
59832,0,0
60294,0,0
47143,0,0
115345,0,0
26886,1,1
3380,0,0
79180,0,0
130839,0,0
36292,0,0
64414,0,0
30869,1,1
115429,0,0
117158,0,0
69365,0,0
19177,0,0
127782,0,0
125707,1,0
29543,0,0
64230,0,0
110316,0,0
69257,0,1
128616,0,0
87387,0,0
56721,1,1
145321,1,0
121158,0,0
43962,0,0
51266,0,1
13738,0,0
92439,0,0
3488,0,0
78873,0,1
135778,0,0
33740,0,0
114147,0,0
95620,0,0
31250,0,1
61650,0,0
110608,1,1
127692,0,0
90229,0,0
74045,0,1
109209,1,1
58078,0,0
19432,0,0
126553,0,0
32489,1,1
92980,0,0
9788,0,0
13643,0,0
133051,0,0
86063,1,0
102293,1,1
90626,0,0
65029,0,0
142465,0,0
14949,0,0
53629,0,1
117747,0,0
50802,0,0
140618,0,0
26652,0,0
73540,1,1
110131,0,0
132549,0,0
271,1,1
43968,0,0
124110,0,0
8054,0,0
37457,1,1
45021,0,1
19608,0,1
139897,0,0
68189,0,0
21472,0,0
134091,1,1
114642,0,0
48565,0,0
59386,0,0
73518,0,0
31472,0,0
58202,0,0
91781,0,0
49031,0,0
45342,0,0
131721,1,0
62512,0,0
138391,0,0
29806,0,0
76822,0,1
97631,0,0
130676,0,0
61365,0,1
99997,0,0
137401,0,0
133241,1,0
82356,0,0
13481,0,0
12680,0,0
59459,0,1
86790,0,0
56280,1,1
58743,0,0
91517,0,0
55915,0,0
40724,0,0
46906,0,0
119163,0,0
3138,0,0
17602,0,0
40417,0,0
93860,0,0
71708,0,0
122297,0,0
89293,0,0
81438,0,0
108138,0,0
21411,0,0
107699,0,0
133294,1,1
24810,0,1
68953,0,0
22321,1,0
62550,0,0
4252,0,0
106641,0,0
138923,0,0
2559,0,0
46351,0,0
35268,0,0
70043,0,0
48364,0,1
131119,0,0
43788,0,1
31071,0,0
110637,0,0
19820,0,0
25458,1,1
66850,0,0
102821,0,0
551,0,0
68437,0,0
104303,1,1
66493,0,0
113940,1,0
12184,0,0
24004,0,1
72035,0,0
130109,0,0
81153,0,0
130335,0,0
15460,0,0
119384,0,0
129014,0,0
23681,0,0
5315,0,0
117815,1,1
1584,0,0
83256,0,0
8736,0,0
18012,1,0
111740,1,0
58886,1,0
26366,0,1
136590,0,0
83651,1,1
104967,0,0
68912,1,1
145220,0,0
118038,0,0
27686,1,1
122782,0,0
35823,0,0
58888,1,1
66857,0,0
37547,0,0
18291,0,0
14220,0,0
136529,0,0
58984,1,1
136600,0,0
116408,0,0
57504,0,0
6009,0,0
4871,1,1
114508,0,0
108615,0,0
116080,0,0
137204,0,0
72019,1,1
84616,1,1
119355,0,0
141696,0,0
44259,0,0
106585,0,0
87779,0,1
46395,0,0
112502,1,1
65851,1,1
12442,0,0
56780,0,0
49785,0,0
96826,0,0
67917,1,0
113908,0,0
95687,0,0
21427,0,0
124996,0,0
138750,0,0
124846,0,0
8477,0,0
73508,0,0
41615,1,1
138301,0,0
13379,0,0
65088,1,1
47643,0,0
58316,0,0
128531,0,0
2911,0,0
88632,0,1
31073,0,0
139486,0,0
136473,1,1
123354,0,0
47813,0,0
121530,0,0
52232,0,0
52078,1,1
138703,0,0
97914,0,0
72755,0,0
72336,0,0
34653,0,0
108528,0,0
19914,0,0
79730,0,0
88660,0,0
120051,0,1
15846,1,0
122957,1,1
111083,0,0
135889,0,0
58387,0,0
23354,1,1
20141,0,0
9578,0,0
44708,0,0
111156,0,0
4440,0,0
54828,0,1
93209,0,0
142515,0,0
54601,0,0
125809,1,1
80450,1,1
76941,0,0
8165,0,0
135609,0,0
32178,0,0
25548,0,0
103590,0,0
22585,0,0
125666,0,0
19814,0,0
100630,0,0
46195,0,0
39120,0,0
84857,0,0
25019,0,0
136639,0,0
22245,1,0
142226,1,0
48074,0,0
117185,0,0
9031,0,0
82570,1,1
138632,0,0
83188,0,0
77129,0,0
1205,1,1
93616,0,0
5951,0,0
66204,0,0
134801,0,0
4197,0,0
21567,0,0
123516,1,1
58486,0,0
33455,0,0
107095,0,0
113979,0,1
43824,0,0
105982,0,0
57840,0,0
47465,1,1
17008,0,0
86558,0,1
144626,0,0
134783,0,0
18590,0,0
106054,0,0
3609,1,0
28657,0,0
76006,0,0
43857,0,0
76495,0,1
127830,0,0
120800,1,1
122175,0,0
129836,1,0
55422,0,0
125810,1,0
125275,0,0
125350,0,0
34104,0,0
58751,0,0
135281,0,0
108020,0,0
7097,0,0
86630,0,0
63703,0,0
84299,0,0
5387,0,0
101527,0,0
109968,0,0
4037,1,1
627,0,0
44313,0,0
16744,0,0
141633,0,0
339,0,0
32193,0,0
22851,1,1
96689,0,0
137465,0,0
50666,0,0
24879,0,1
6282,0,0
16117,1,0
71945,0,0
75668,0,0
95539,0,0
116560,0,1
48187,0,0
28774,0,0
102740,0,0
123352,0,0
80592,0,0
57141,0,0
115210,0,0
131257,0,0
73082,0,0
59715,0,0
17874,1,0
84005,0,0
118898,0,0
21136,0,0
102379,0,0
140253,0,0
7239,0,0
108035,0,0
142100,0,0
143161,0,0
56128,0,1
8994,0,0
25979,1,1
54210,0,0
65387,0,0
98589,0,0
6178,0,0
57541,0,0
32153,0,0
116792,0,0
9907,1,1
49536,0,0
8744,0,0
93623,1,0
23590,1,0
42940,0,0
74344,0,0
77047,0,0
117064,0,0
76717,1,1
66366,0,0
53470,0,0
10582,1,1
78123,0,1
41743,0,0
121927,0,0
123914,0,0
8028,0,0
15344,0,0
3448,1,1
89509,1,0
19752,0,0
141353,0,0
97823,0,0
21575,0,1
98651,0,0
98879,0,0
25273,1,1
89610,0,1
109786,1,1
51799,0,0
117921,0,0
134458,0,0
75133,0,1
103874,0,0
31531,1,1
19564,0,0
108723,0,0
47010,1,0
30759,0,0
8656,0,0
99113,1,1
107305,0,0
44823,0,0
138090,0,0
41818,1,0
8249,0,0
73110,0,0
134710,0,0
80645,0,1
78282,0,0
83447,0,0
32911,1,1
4654,0,0
104765,0,0
21693,0,0
77709,0,1
68692,0,0
101906,0,0
83465,0,0
82818,0,0
31873,0,0
133391,1,0
29091,0,0
37822,1,0
65543,0,0
9676,0,0
12696,0,0
56911,0,0
8112,0,0
76383,0,0
46047,0,0
16598,0,1
126123,0,0
126135,1,0
104358,0,0
16218,0,0
138096,0,0
75356,1,0
127262,0,0
53057,0,0
83833,0,0
54935,0,0
93245,0,0
113683,0,0
100886,0,0
138705,0,0
137921,0,0
43237,0,0
57459,0,0
143075,0,0
51809,1,1
99377,0,0
58835,0,0
128452,1,0
83359,1,0
108773,1,1
87748,0,0
4960,0,0
144628,0,0
62346,1,1
95228,0,0
140775,0,0
93689,0,0
70111,0,0
19414,0,0
38586,0,0
42371,1,0
83623,1,1
50454,0,0
131076,0,0
137636,0,0
20640,0,0
267,1,1
6063,0,0
25670,0,0
21436,0,0
127027,1,0
32406,1,0
30446,1,0
94763,1,1
135651,1,1
33913,0,0
96430,0,0
116434,0,0
1029,0,0
82814,1,1
75588,1,1
141337,0,0
50812,0,0
58504,1,1
46552,1,0
14203,0,0
120059,0,0
67752,0,0
97230,0,0
116329,0,0
138528,0,0
133686,0,0
139837,0,0
23276,1,0
27176,0,0
61130,0,0
110573,0,0
140959,0,0
40124,1,1
37980,1,1
67396,0,0
85376,0,1
3076,0,0
57619,1,0
82763,0,0
46048,0,0
134300,0,0
33732,0,0
116817,1,0
74147,0,0
51321,1,1
17819,1,1
115451,0,0
47022,0,0
73696,0,0
56696,0,0
89136,0,0
94420,0,0
662,0,0
13813,0,0
75903,0,0
82187,1,1
88405,0,0
63492,0,0
113996,0,0
75649,1,0
80167,0,0
7470,0,0
64643,0,0
94201,0,0
95237,0,0
56306,0,0
106375,0,0
604,1,1
3043,0,0
132172,0,0
18320,0,0
85728,0,0
79808,0,0
120514,0,0
102321,0,0
144734,0,0
92562,0,0
58389,0,0
91489,1,1
23582,0,0
96731,1,1
99452,0,0
30316,1,1
64119,0,0
130943,0,1
29854,0,0
140005,1,1
123320,0,0
56059,1,1
97800,0,0
6033,0,1
410,0,0
62828,1,1
109583,0,1
28031,1,1
118603,0,0
47847,0,0
93425,0,0
60413,1,1
12206,1,1
117480,0,0
46666,1,1
51774,0,0
78239,1,1
88786,0,0
19878,0,0
121350,1,0
139425,0,0
91383,0,0
113957,0,0
48784,1,0
91400,1,1
7406,0,0
78357,0,0
48178,0,0
116172,0,0
25696,0,0
99184,1,1
92504,0,0
142488,0,0
117782,1,1
68018,1,1
54389,0,1
71664,1,0
52323,0,1
23630,1,1
94910,0,0
129815,0,0
1250,0,0
77252,0,0
22395,1,1
120407,0,0
27999,0,0
89271,0,0
47627,0,0
45378,0,0
53448,0,0
18569,0,1
87528,0,0
24054,0,0
108767,0,0
20772,0,0
71116,0,0
129575,0,1
30897,0,0
56398,0,0
139254,1,1
124930,0,0
110586,0,0
29562,1,1
110941,0,0
21489,0,0
131908,0,0
63239,0,0
63497,1,1
69307,0,1
66170,0,0
141942,0,0
132977,0,0
110015,0,0
17559,0,0
32829,0,1
48851,1,0
82135,0,0
137232,0,0
72351,0,0
138728,0,0
133755,0,1
108209,0,0
93884,0,0
22693,0,0
19388,0,0
107613,0,0
21951,1,0
98924,0,0
131323,1,0
61294,0,0
76185,0,0
19919,0,0
118827,0,1
104926,0,0
43000,0,0
33836,0,0
91639,0,0
8374,0,1
132410,0,0
48753,1,1
131516,1,0
35544,0,0
130166,1,0
35083,0,0
54599,0,0
56719,1,1
23115,0,1
55440,0,0
79381,0,0
61798,1,1
13636,0,0
133996,1,0
26566,1,1
143790,1,1
91917,0,0
53007,0,0
21561,0,0
58848,1,1
62853,0,0
30789,1,1
40026,0,0
14717,0,0
98905,0,0
409,0,0
108135,0,0
122395,0,0
91815,0,0
72075,0,0
8353,1,1
3864,0,0
135994,0,0
45516,0,0
136616,0,0
112150,1,1
53050,0,0
110335,0,0
15412,0,0
108571,0,0
123483,0,0
119968,0,0
74965,0,0
104170,0,0
49446,0,0
132124,0,0
117860,1,1
104463,1,1
46564,1,0
113636,0,0
75431,1,1
126273,0,0
78070,0,0
38779,0,0
94046,0,1
4237,0,0
118367,0,0
33376,0,0
9977,0,0
11799,0,0
51110,0,0
103064,0,0
39653,0,0
118020,0,0
20624,0,0
22094,0,0
33839,1,0
38256,0,0
3601,0,0
4643,0,0
48875,0,0
88024,1,0
6415,0,0
13277,0,0
2462,0,0
4887,0,0
34764,0,0
116522,0,0
133794,0,0
72890,0,1
15164,0,0
31038,0,0
141308,0,0
110881,0,0
101166,0,1
92144,1,1
18374,0,0
109163,1,1
92832,0,0
71807,0,0
51413,0,0
67202,0,0
16974,1,1
134828,0,0
130799,0,1
141954,0,0
2516,0,0
60017,0,0
64059,0,0
134099,0,0
14695,0,0
95492,0,0
142381,0,0
34596,0,0
38065,0,0
34988,0,0
8614,0,0
52359,0,1
85886,0,0
83825,0,0
113533,1,1
22729,0,0
110136,0,0
126200,0,0
36076,0,0
30406,0,0
38424,0,0
109826,0,0
113685,0,0
139202,0,0
110734,0,0
19900,1,0
22366,0,1
124944,0,0
135270,0,0
72240,0,0
25499,0,0
70550,0,0
8769,0,0
122079,0,0
127451,0,1
768,0,0
87253,0,1
137400,0,0
78892,1,0
133525,0,0
1485,0,0
105723,0,0
137882,0,1
21639,1,1
72514,0,1
130757,0,0
119945,0,0
140811,0,0
4638,0,0
76094,0,0
69268,0,0
67979,0,1
51006,0,0
93889,0,0
123032,0,0
124282,0,0
1992,0,0
55093,0,0
77352,0,0
17758,0,0
34997,0,0
136422,0,0
242,0,0
137010,0,0
27987,0,0
92424,1,1
33658,1,1
105157,0,0
34134,0,0
10501,0,0
81723,0,0
78053,1,0
6244,1,1
25969,1,1
49519,0,0
43333,0,0
127946,0,0
131018,1,1
64050,1,1
11723,0,1
91916,1,0
120914,0,0
36086,0,0
31022,1,0
110079,0,0
79892,1,1
19728,0,0
75232,0,0
43256,1,1
28617,0,0
105513,0,0
24859,1,1
499,0,0
130017,0,0
12424,0,0
113287,0,0
65356,0,0
98903,0,0
135077,1,1
32155,0,0
51812,0,0
105812,0,0
106169,0,0
103997,0,0
49591,0,0
141598,0,0
140396,0,1
135818,1,1
63995,0,0
124579,1,1
121105,0,0
109190,1,1
30963,1,1
44985,1,1
2501,1,0
14236,0,0
128832,0,0
68486,0,0
99312,1,1
62895,0,0
76634,1,0
118019,0,0
50236,0,0
118432,0,0
11645,0,0
62640,1,1
132391,0,0
2403,0,0
23133,0,0
58557,0,0
109504,1,0
7027,0,0
1800,0,0
43888,0,0
138552,0,0
48459,0,0
22510,0,0
128532,0,0
12529,0,0
82869,0,0
51977,0,0
114719,0,0
11199,0,1
134993,0,0
75145,0,0
121713,1,1
70161,0,0
57275,0,0
29710,0,0
65689,0,0
93874,0,0
125491,0,0
122423,0,0
72119,0,0
90961,1,1
86915,0,0
95277,0,0
72200,0,0
125432,0,0
129095,1,0
136904,1,1
26547,0,0
54855,1,1
73182,0,0
93967,0,0
107539,0,0
82921,0,0
119442,0,0
80400,1,1
84781,0,0
14271,0,0
100703,0,0
82978,1,1
96022,0,0
139584,0,0
75353,0,0
92130,0,0
50842,0,0
95006,0,1
41274,0,0
48579,0,0
12,1,1
31056,0,0
99350,0,0
21731,0,0
122673,0,0
1415,0,0
22471,0,0
23577,0,0
89500,0,0
137931,0,0
79951,0,0
51291,0,0
100018,1,0
91480,1,0
7920,0,0
73805,1,1
64001,0,0
32843,0,0
136103,0,0
74382,0,0
453,1,0
73450,0,0
50197,0,1
33790,0,0
69006,0,0
17814,0,0
49960,0,0
13215,0,0
21931,0,0
37333,0,0
33235,0,0
85889,1,0
83230,1,1
138523,0,0
138317,0,0
79989,0,0
11818,0,1
93834,0,0
104389,0,0
116336,0,0
6485,0,0
25447,0,0
78845,0,0
6100,0,0
54387,1,1
83116,0,0
123904,0,0
1177,0,0
14060,0,0
41833,1,0
30414,0,0
22604,0,0
43332,0,0
97960,0,0
19103,1,1
141549,0,0
47606,0,1
143003,0,0
137436,0,0
101701,0,0
140012,1,1
103733,0,0
77097,1,1
134161,0,1
62522,0,0
46474,1,1
35358,1,1
73625,0,0
109263,0,0
133506,1,0
107164,0,0
47551,0,0
11542,0,0
31099,0,0
95358,0,0
65764,0,1
99505,0,0
137350,0,0
91031,0,0
134493,0,0
125201,0,0
3778,1,1
136824,0,0
66676,1,0
65034,1,0
24328,1,0
50238,0,0
112052,0,0
144602,0,0
44703,1,0
21871,0,0
74015,0,0
119862,0,0
42361,0,0
65815,0,0
74870,0,0
122052,1,1
10236,1,0
43086,1,0
141988,0,0
137307,0,0
109860,1,1
67716,1,1
77331,1,1
84417,0,0
100158,0,0
196,0,0
109144,1,1
101444,1,0
119603,0,0
130191,0,0
112408,0,0
81221,0,1
106766,0,0
32368,0,0
145273,0,0
10624,0,0
4753,0,0
81440,0,0
141341,0,0
95809,0,0
85069,0,0
10243,1,1
44050,0,0
11631,0,0
87486,0,0
91205,1,1
63819,1,1
112487,1,1
46020,0,0
51922,1,0
101335,0,0
120912,0,0
30431,0,0
86549,0,0
6926,0,0
142015,0,0
83080,0,0
130295,0,0
561,0,0
142087,0,0
33597,0,0
76884,1,0
47474,0,0
106392,0,0
119849,0,0
142618,0,1
66196,0,0
132458,1,0
44718,0,0
87964,1,0
56652,0,0
64527,0,0
30616,0,0
57435,0,0
64470,0,0
24558,1,1
130598,0,0
102400,0,0
59651,0,0
32784,1,1
141605,0,0
133079,0,0
101877,1,1
141127,1,1
73205,0,0
8538,0,0
40011,0,0
132224,0,0
41022,0,0
60706,0,0
144036,0,0
35479,1,1
90695,1,1
121418,0,1
118899,0,0
97762,1,0
93964,0,0
15366,0,0
52507,0,0
58506,0,0
114674,0,0
60432,0,0
85139,0,0
98468,1,0
55514,1,0
76655,0,0
62310,0,0
10449,1,0
84491,1,1
33537,0,0
125310,0,0
74629,1,1
96984,0,0
71249,1,0
10771,0,0
74675,0,0
37209,0,0
56789,0,0
82911,0,1
105947,0,0
127148,0,1
51073,0,0
7755,0,0
5235,1,1
95989,0,0
65731,0,0
59168,0,0
118335,0,0
54511,1,1
13699,0,0
47544,0,0
17001,0,0
81258,0,0
132064,1,1
111637,0,0
54075,0,0
98716,0,0
66674,0,0
130505,0,0
148,0,0
64016,0,0
100763,1,1
120619,0,0
98176,0,0
65414,0,0
29498,0,0
12431,1,0
29800,0,0
135705,0,0
118921,0,0
83817,0,0
125288,0,0
15562,0,0
65871,0,0
19937,0,0
72930,0,0
9521,0,0
113976,0,0
66500,0,0
139786,0,0
31913,0,0
30208,0,0
46843,0,0
139747,1,0
2883,1,0
131095,0,0
128216,1,0
140303,0,0
45900,0,0
132737,0,0
132141,0,0
116789,0,0
136432,0,0
96036,0,0
143034,1,1
25880,0,0
129918,0,1
51199,1,0
15172,0,0
91839,1,1
77504,0,0
59968,0,0
13073,0,0
136993,0,0
66502,0,0
8894,0,0
62791,0,0
93542,0,0
20565,0,0
47126,1,0
76679,0,0
103542,0,0
108612,0,0
73299,0,0
98076,1,1
10251,0,0
75254,1,0
70889,0,0
94138,1,1
4579,0,0
59849,0,0
95864,0,0
7674,0,0
91934,0,0
19679,0,0
123673,0,0
12435,0,0
11659,0,0
10571,1,1
136549,0,0
133728,0,1
38736,1,0
18286,1,1
128480,0,1
136387,0,0
59030,0,0
91430,0,0
84366,0,1
10452,0,0
63184,0,0
18683,1,0
86994,0,0
78042,0,0
52935,1,1
126310,0,0
36184,0,1
17811,1,0
112907,1,0
76153,0,0
107266,0,0
4289,0,0
39820,1,0
19136,0,0
89813,1,0
56626,0,0
83343,0,0
87635,0,0
138237,0,0
1371,0,0
141375,1,0
139144,0,0
22769,0,0
30530,1,0
41730,0,0
16274,0,1
36981,1,0
143907,0,1
139330,1,1
139313,1,0
37532,0,0
17119,0,0
88253,0,0
117730,0,0
516,0,0
125033,0,0
58141,1,1
15792,1,0
6287,0,0
85272,1,1
129574,1,1
98220,0,0
118373,0,0
109753,1,0
71803,0,0
97353,0,0
14237,1,0
49142,0,0
136314,0,0
102120,0,0
84130,0,0
89340,1,1
42971,0,0
100478,0,0
136697,0,0
3995,0,0
142033,0,0
64933,1,1
113679,0,1
129872,0,0
24069,1,1
57411,0,0
68769,0,0
98084,0,0
37221,0,0
94361,0,0
88281,0,1
27442,0,1
60754,0,0
106401,0,0
126687,0,0
126591,0,0
10423,0,0
6641,0,0
27769,0,0
47903,0,0
99496,0,0
128717,0,1
116037,0,0
66883,0,0
132788,0,0
122926,0,0
124668,0,0
18420,0,0
55515,1,0
6836,0,0
132342,0,0
64169,0,0
87290,0,0
106090,0,0
104909,0,0
71316,0,0
94711,0,0
116438,0,0
77420,0,0
9098,0,1
117340,0,0
75974,0,0
52867,0,0
51152,1,1
16045,0,1
8918,0,0
29025,0,1
34109,0,0
40108,1,1
79267,0,0
4459,1,0
113281,0,0
201,1,1
67694,0,0
2452,0,0
70165,0,0
48586,0,0
45065,1,1
3274,0,0
87658,0,0
63847,0,0
66572,0,0
39657,0,0
30520,0,0
60272,0,0
78600,1,1
144592,0,0
81376,0,0
2209,0,0
27268,0,0
93833,0,0
107306,0,0
41496,0,0
45165,0,0
73861,0,0
124179,0,0
107265,0,0
280,0,0
62446,0,0
54034,1,1
36344,0,0
123384,0,0
109383,0,0
71499,0,0
129541,1,1
104912,0,0
11733,0,0
91211,0,0
87497,0,0
36510,1,1
75276,0,0
70539,0,0
103488,0,0
7187,0,0
48016,0,0
15479,0,0
107897,1,0
30879,0,0
24851,0,0
110462,0,1
106387,0,0
92727,0,0
129696,0,1
27554,0,0
66655,0,0
126772,0,0
53856,0,0
112336,0,0
54014,1,0
113525,0,0
95298,0,0
51530,0,0
40269,0,0
92527,0,0
140310,1,1
55472,0,0
142502,0,0
107035,0,0
7072,1,1
96085,0,0
86099,1,0
120778,0,0
22460,0,0
58943,1,0
39316,0,0
100779,0,0
92882,0,0
111004,0,1
129249,0,1
27037,0,0
140509,0,0
45700,0,0
104868,1,1
39655,0,0
26059,0,0
4645,0,0
18398,0,1
78013,0,0
10465,0,0
17094,0,0
53368,1,0
135340,0,0
118439,0,0
68448,0,0
56635,0,0
18137,0,0
56220,0,0
119994,0,0
73796,0,0
138410,0,0
22608,0,0
143834,0,0
31041,0,0
141205,0,0
57575,0,0
143236,0,0
66518,0,0
29976,0,1
32772,1,0
48498,0,0
111660,0,0
47315,1,1
26251,1,1
106112,0,0
120580,0,0
53796,0,0
2053,1,1
113288,0,0
34659,0,0
8029,1,0
1588,1,0
132755,0,0
113929,0,0
2222,0,0
130545,0,1
62422,0,0
49249,0,0
25067,0,0
107360,0,0
89127,1,1
99148,1,1
129665,0,0
138915,0,0
132776,0,0
110572,0,0
96166,1,0
71074,1,1
96350,1,1
102804,0,0
130495,0,0
19248,0,0
21611,1,0
98729,1,1
14675,0,0
5938,1,0
132347,0,0
17849,0,1
101382,0,0
91700,1,1
29469,0,0
112759,0,0
125717,0,0
102911,0,0
13381,0,0
70285,0,0
16277,1,1
145042,0,0
129990,0,0
144874,0,0
58988,0,0
123589,0,0
95959,0,0
133638,1,1
1886,1,1
122049,1,1
113666,0,0
59076,1,0
76386,0,0
59036,0,0
8011,0,0
4979,0,0
120660,1,1
117095,0,0
100234,0,0
117028,0,0
25513,0,0
82939,1,1
104087,0,1
91722,1,0
9139,0,0
65405,0,0
15421,0,0
102614,1,1
60112,0,0
73673,0,0
46427,0,0
125858,0,0
20022,0,0
124883,0,0
89658,1,1
49564,0,0
53090,1,1
23787,0,1
121241,0,0
130182,1,0
113543,1,1
134097,0,1
92373,0,1
87340,0,0
62748,1,1
87322,0,0
119212,0,1
47558,0,0
106810,0,0
40835,0,0
50862,0,0
62428,0,0
120524,0,0
115980,0,0
35862,0,0
21395,1,1
84074,0,0
64568,0,0
73000,0,0
82087,0,0
130681,0,0
35458,0,0
15129,0,0
59633,0,0
6431,0,0
99055,0,0
122377,1,0
68882,0,0
119847,0,0
133356,0,0
57422,0,0
137404,0,0
77067,0,0
131512,0,0
57503,0,0
78865,0,0
73620,0,0
144229,0,0
53302,1,1
128423,1,1
94967,0,0
19408,0,0
137825,0,0
54912,0,0
142125,1,0
11087,0,0
33042,0,0
113211,0,0
47925,1,1
111745,0,0
36543,0,0
33854,1,1
130001,0,0
5506,0,0
75314,0,0
131283,1,1
21361,1,0
23178,0,0
133611,0,0
18934,0,1
145439,0,0
118962,1,1
75200,1,0
126747,0,0
108064,0,0
126025,0,0
123015,0,0
123920,0,0
142188,0,0
2306,1,0
79039,0,0
143130,0,0
94093,1,0
15234,1,1
98425,1,0
13732,0,0
49573,0,1
119740,0,0
57429,1,1
35463,1,0
72493,0,0
64260,1,1
17677,1,1
9179,0,0
55250,0,0
83713,0,0
108875,0,0
59895,0,0
67039,0,0
24977,1,1
138447,0,0
99068,0,0
90708,1,1
109741,0,0
121793,0,0
120784,1,0
37627,0,0
142022,1,0
44584,0,0
31814,0,0
34546,1,1
145038,0,0
60698,0,0
30502,0,0
22822,0,0
102380,0,0
61865,0,1
65244,0,0
92089,0,0
54259,0,0
53157,0,0
94091,0,0
142383,0,0
35931,1,1
51637,0,0
55032,0,0
109072,0,0
108772,1,1
96114,0,0
131762,0,0
28013,0,0
127938,0,0
83294,1,1
59858,0,0
34855,0,0
116167,1,1
142235,0,0
144657,0,0
109679,0,0
99759,1,0
70340,0,0
44462,0,0
51624,0,0
14354,0,0
56159,0,0
3585,0,0
118032,0,0
77487,0,0
141685,0,0
52082,0,0
56085,1,1
90724,0,0
95578,0,0
101586,0,0
80425,0,0
61415,0,0
97386,1,1
37356,0,0
123234,0,0
1055,1,0
3369,1,1
127561,0,0
62561,0,0
52676,0,0
107581,0,0
103217,0,0
145259,0,0
108565,0,0
138540,0,0
34676,1,0
144389,0,0
142929,0,0
25253,1,0
111625,0,0
42794,0,0
83532,0,0
86087,0,0
106448,0,0
103687,0,0
63105,0,0
114270,0,1
120503,0,0
79397,0,0
33595,0,0
122319,0,0
21828,0,0
142293,0,0
78908,0,0
97506,0,0
25192,0,0
39266,0,0
116488,1,0
86815,0,0
144498,0,0
60300,0,0
138998,0,0
108500,0,0
113642,1,0
104658,0,0
93880,0,0
125818,0,0
126338,1,0
4090,0,0
30704,0,1
35884,0,1
55903,1,0
138198,0,0
122668,0,0
35740,1,1
3624,0,0
104758,0,0
134632,1,1
68343,0,0
46761,0,0
24016,1,0
81926,1,1
113739,0,0
98574,0,0
64310,0,0
50289,0,0
47888,0,0
144981,0,0
2358,0,0
25014,0,0
53963,0,0
70769,1,0
9306,0,0
39580,1,1
46109,0,0
56257,1,1
119615,1,1
115143,0,0
6763,0,0
89938,0,0
122012,1,1
82571,0,1
82165,0,0
118084,0,0
61304,0,0
75031,0,0
32543,0,0
240,0,0
78643,0,0
30476,0,0
49818,1,1
104461,0,0
111289,1,1
112920,1,1
47109,0,0
145299,0,0
134222,0,0
22561,1,1
59666,0,0
1472,0,0
63330,0,0
60246,1,0
141689,0,0
83145,0,1
27292,0,0
81982,0,0
80922,0,0
43917,0,0
18731,1,1
30669,0,0
81332,0,0
62303,0,0
43876,0,0
135253,0,0
109056,0,0
102436,0,0
80539,0,0
46300,0,1
98985,0,0
78164,1,1
15256,1,0
7477,0,0
104818,0,0
87644,1,1
46210,0,0
20196,0,1
49090,0,0
35251,1,0
120313,0,0
71475,0,0
50785,0,0
89044,0,0
105342,0,0
72881,1,1
126680,0,0
78553,0,0
104760,1,1
5078,0,0
111677,0,0
45088,0,0
67695,0,0
64994,0,0
74014,0,0
57477,0,0
65725,1,1
94191,0,0
67087,0,0
127037,0,0
100088,1,1
14370,0,0
93954,0,0
92910,0,0
82942,0,0
34725,1,1
132673,1,0
97946,0,0
82768,0,0
128594,0,0
56311,1,1
121539,1,0
90390,0,0
26605,0,0
42750,0,1
139262,1,1
135435,0,0
33902,0,0
108269,0,0
119520,0,0
57254,0,0
17831,0,0
6517,0,0
137071,0,0
7455,0,0
25743,0,0
62758,0,0
82619,0,0
130928,0,0
36919,0,0
59640,0,0
61533,0,0
20055,0,0
72427,0,0
90089,1,1
83121,0,0
63316,0,0
139365,1,1
100546,0,0
1052,0,0
124701,1,1
23522,0,0
127814,0,0
54242,1,0
99249,0,0
124678,0,0
100153,0,0
31937,1,1
10952,0,0
1768,0,0
50262,1,1
53322,1,0
135712,0,0
57024,1,0
141618,0,0
18502,0,0
7757,0,0
12819,0,0
11527,1,1
56560,0,0
111581,0,1
88386,0,0
62415,0,0
93801,0,0
46497,0,0
137053,0,0
8670,1,1
97303,0,0
87789,0,0
18251,0,0
71084,1,0
21761,0,0
72696,0,0
9389,1,0
64894,0,1
78993,0,1
67602,0,1
133593,1,1
98069,1,1
6662,0,0
113953,1,1
61002,0,0
30654,0,0
123944,0,0
101157,1,1
134216,0,0
97129,0,0
6591,0,0
41541,0,1
127394,1,1
85012,0,0
145055,0,0
95080,1,1
50243,0,0
145411,0,0
118757,0,0
36021,1,0
37755,0,0
105047,1,0
18355,0,0
90905,1,0
71988,0,0
107393,0,0
85863,0,0
64178,0,0
35405,0,0
87496,0,0
29865,0,1
9377,0,0
8805,1,1
108230,0,0
19594,0,0
53854,0,0
113317,0,0
62193,1,1
77688,1,0
136926,0,0
19143,1,1
119654,0,0
49880,0,0
41636,1,1
53003,0,0
108638,1,1
133260,1,0
87785,0,0
108909,0,0
8350,0,0
73267,0,0
115800,0,0
30209,0,0
66106,1,1
136395,0,0
130214,0,0
99057,0,0
97576,1,1
95931,0,0
144615,0,0
51061,0,0
58019,0,0
75682,0,1
139974,0,0
7080,0,0
53884,0,0
27174,1,0
49019,0,0
28922,0,0
16042,0,0
66222,0,0
85414,0,0
72815,0,0
118355,0,0
83516,0,0
36113,0,0
81169,0,0
118791,0,0
74966,0,0
42433,1,1
64881,0,0
12282,0,0
103556,0,0
74772,0,0
45718,0,1
124060,1,0
60635,0,0
39421,0,0
125287,0,0
103511,0,0
142172,0,0
77359,0,0
33498,0,0
114442,0,0
142483,0,0
78372,0,0
78293,0,1
8191,0,0
16709,0,0
90334,0,0
102683,0,0
109824,1,1
90990,0,0
63349,0,0
39089,0,0
22833,0,0
30690,0,0
122427,0,0
21034,1,0
92976,1,0
21788,0,0
65544,0,0
108805,1,1
128567,0,1
40233,0,0
75831,0,0
48811,0,0
110613,0,0
137433,0,0
141518,0,0
138321,0,0
57621,1,1
107166,0,0
64312,0,0
74797,0,0
68417,1,0
141600,0,0
85206,0,0
22955,0,0
42425,0,0
85540,1,1
51964,1,0
87191,0,0
2482,0,0
76460,0,0
116913,0,0
55561,1,1
126448,1,1
69465,0,0
45962,0,0
55746,1,0
115972,1,0
30796,0,0
20562,0,0
64878,0,0
108227,0,0
26890,0,0
136196,0,0
53956,0,0
76163,1,0
92723,1,1
27326,0,0
7024,0,0
103297,0,0
86837,0,0
77645,0,1
143720,0,0
117335,0,0
54572,0,0
114629,0,0
138804,0,1
136798,0,0
31098,0,0
103159,0,0
60792,0,0
93272,0,0
56897,0,0
89518,0,0
74316,1,0
78082,0,0
74380,1,1
34399,1,1
112093,0,0
54041,1,0
96323,0,0
20203,1,1
31686,0,0
32062,1,1
49297,0,0
112120,1,1
89253,1,0
44825,0,0
40585,0,0
83027,0,0
9452,1,0
51899,0,0
117418,0,0
145126,0,0
37386,1,0
128077,0,0
76670,0,0
82941,0,0
82594,1,1
136861,0,0
125436,0,1
109011,0,0
93331,0,0
140685,0,0
133796,0,0
60054,0,0
143653,0,0
106715,0,0
82668,0,0
92272,1,0
58987,0,0
17670,0,0
25601,0,0
111201,0,1
118661,0,0
134257,1,0
78591,1,1
3788,0,1
118909,1,0
131386,0,0
92642,1,0
52698,0,0
111994,0,0
140678,1,0
34033,1,1
57104,1,1
10848,0,0
90679,0,0
91338,0,0
129327,0,0
16865,0,0
143721,1,0
78388,1,1
99754,1,1
50658,0,0
26610,0,0
43878,1,0
38301,0,0
89981,0,0
131318,0,0
135839,0,0
1568,0,0
95028,0,0
119824,0,0
71823,0,0
6888,0,0
90431,0,0
81089,0,0
135473,0,1
135968,0,1
23928,1,0
127570,0,0
27745,1,0
17474,1,0
61278,0,0
115085,0,0
55731,0,0
141010,0,0
24313,0,0
78595,0,0
14137,0,0
37840,0,0
124994,0,0
30019,1,1
26309,1,1
144935,0,0
99343,0,0
24901,1,0
88860,0,0
49067,0,0
739,0,0
74813,0,0
15290,0,0
97237,0,0
104904,1,0
1141,0,0
1008,0,0
107317,0,0
37778,0,0
10842,0,1
90119,1,0
78767,1,0
142299,0,0
45745,0,0
64311,0,0
102447,0,0
102319,1,0
8471,0,0
122730,1,1
46940,0,0
23119,0,0
126752,0,0
6755,1,1
6402,0,0
97765,0,1
130583,0,0
131965,0,0
27125,0,0
103067,1,1
54201,1,1
26849,0,0
119338,0,0
112164,1,1
19494,0,0
13403,0,0
47829,0,0
125531,0,0
74926,0,0
129353,0,0
1982,0,0
73789,0,0
86505,0,0
107443,0,0
8866,0,0
137344,0,0
70876,0,0
9495,0,1
103433,0,0
75256,1,0
83168,0,0
143059,1,1
112966,0,0
11833,0,0
33225,0,0
132191,0,0
1271,1,0
44901,0,0
1740,1,1
6851,0,0
32880,1,1
128494,0,0
97600,0,0
86005,0,0
114374,1,1
85947,0,0
127629,0,0
57313,0,0
110817,1,0
54968,1,1
7888,0,0
66707,0,1
114011,0,0
120293,1,1
66565,0,0
52978,1,1
133134,0,1
54536,1,1
37798,0,0
90411,1,1
90052,1,0
74980,1,1
79698,1,1
67792,1,0
56883,0,0
59961,0,0
4423,0,1
138369,0,0
89534,1,0
52144,0,0
11576,0,0
132310,1,0
2250,0,0
17499,0,0
131335,0,0
124329,1,1
68041,0,0
39139,0,0
120090,0,0
71985,0,0
34303,0,0
576,1,0
87437,0,1
21327,1,1
90558,0,0
68549,0,0
90446,0,0
45800,0,0
3642,0,0
82475,0,0
57846,1,0
51904,0,0
37721,0,0
95048,0,0
127403,1,1
100073,0,0
1225,0,0
1696,1,0
105789,0,0
87647,1,1
85055,0,0
56576,0,0
92220,0,0
2973,0,0
143171,0,0
121314,0,0
30970,0,1
51855,0,0
106398,0,0
48848,0,0
133621,0,0
48000,0,0
24628,0,0
124404,0,0
17637,0,0
61354,0,0
3799,0,0
54015,0,0
134944,1,1
131091,1,0
137584,0,0
7232,0,0
37930,0,0
14484,0,0
107883,0,0
104125,1,1
94250,0,0
83478,1,0
114766,0,0
38648,0,0
55883,0,0
110967,0,0
100336,0,0
132237,1,1
106223,0,0
20001,1,0
76507,0,0
38885,0,0
98675,0,0
19612,1,1
37335,0,0
1006,0,0
142790,0,0
54085,0,0
6413,1,1
127835,1,1
13948,0,0
120071,0,0
25655,0,0
13390,0,0
18132,0,0
114707,0,0
31509,1,1
19202,0,1
18970,0,0
33482,1,1
100097,0,0
145285,0,0
90378,0,0
27470,0,0
25001,1,0
97116,1,1
104741,0,0
106540,0,0
86131,0,0
58484,0,0
61552,0,0
67874,0,0
5749,0,0
20515,0,0
103197,0,0
98158,1,1
6121,0,0
73204,0,0
51534,0,0
72718,1,0
112443,0,0
109938,0,0
62890,0,0
47393,0,0
58833,0,0
139520,0,0
16750,0,0
101879,0,0
15063,0,0
90062,1,0
73132,1,1
77495,1,1
70002,0,0
45871,0,0
86199,0,0
8035,0,0
117080,0,0
22865,0,0
84737,0,0
107173,1,0
108631,0,0
17486,0,0
8939,0,0
22132,0,0
121121,0,0
61253,0,0
37974,0,0
66942,0,0
120485,0,0
45983,0,0
60303,0,0
106886,0,0
57715,0,0
1952,1,1
140322,0,1
75533,0,0
65744,0,1
1503,0,0
33219,0,0
3025,0,0
104797,0,0
110287,0,0
122437,0,1
53361,0,0
68754,0,0
16838,0,0
24286,0,0
142994,0,0
29182,0,0
91577,0,0
139437,0,0
101304,0,0
15310,1,0
84384,0,0
129864,1,0
95936,0,0
45356,0,0
82130,0,0
96998,0,1
112278,0,0
52473,0,1
104734,0,0
107037,0,0
117047,0,0
72309,0,0
46035,1,1
8821,0,0
110889,0,1
136841,0,0
110715,0,0
70662,0,0
91757,0,0
20940,0,0
103213,0,0
36664,0,0
21546,0,0
110944,1,1
135794,0,0
105718,0,0
140885,0,0
60510,0,0
71491,0,0
102060,0,0
90428,1,0
58709,0,0
38677,0,0
99805,0,0
95572,1,1
3649,1,1
131967,1,1
32900,0,0
55868,0,0
43683,1,1
34086,0,0
47317,0,0
80787,0,0
114183,0,1
82206,1,1
53222,0,0
71377,0,0
58890,1,1
17700,0,0
35388,1,0
58347,0,0
89295,1,0
121334,0,0
101052,1,0
66670,0,0
105626,0,0
11462,0,0
45580,0,0
93723,1,0
42214,0,0
56857,0,0
139281,1,1
40245,1,0
101079,1,1
140606,0,0
125875,1,1
60203,0,0
139008,0,0
48515,0,0
95198,1,1
49707,0,0
110873,0,1
49620,0,0
19011,1,1
50124,0,0
56011,0,0
86931,0,0
31112,0,0
21999,1,1
93902,0,0
52447,0,0
73122,0,0
40653,1,0
128708,1,1
11140,1,0
122929,0,0
48389,0,0
115841,0,0
98881,0,0
131743,0,0
34967,0,0
113844,0,0
137445,0,0
61437,0,1
99891,0,0
81568,0,0
94269,0,0
108750,0,0
97864,0,0
73888,1,0
94975,0,0
67160,0,0
123732,0,0
24543,0,0
29082,0,0
13885,1,0
30427,0,0
34740,0,0
107684,0,0
128014,0,0
132011,1,1
10717,0,0
31846,0,0
112752,0,0
87515,0,0
90080,1,1
92751,0,0
89767,1,1
102623,1,0
17010,0,0
115313,0,0
76479,0,0
65161,1,1
50048,0,0
33791,0,0
117819,1,1
8233,0,0
9001,0,0
116266,0,0
74932,0,0
83729,0,1
131400,1,1
9748,0,0
106951,0,0
95129,0,1
115357,0,0
24002,0,0
61474,0,0
136784,1,1
116403,0,0
116264,0,0
121209,0,0
12975,0,0
134117,0,0
49841,0,1
16351,0,0
16968,0,0
4936,1,1
76652,1,1
133224,0,0
117824,1,1
10195,1,0
69265,0,0
50268,0,0
6380,0,0
86530,0,0
62868,1,0
23396,0,0
45661,0,0
96454,0,0
32849,1,1
98547,0,0
52131,0,0
92110,1,0
51212,0,1
15481,0,0
96426,0,0
46051,0,0
123398,0,0
130296,0,0
69052,0,0
12526,0,0
120898,0,0
44544,1,1
126230,1,0
11589,0,0
82092,1,0
44615,0,0
18252,0,0
113719,0,0
31869,0,0
139319,1,1
139865,0,0
108879,1,0
2595,0,0
84879,0,1
29102,0,0
47613,1,1
6536,0,0
109942,0,1
131008,0,0
74606,0,0
37844,0,0
139857,0,0
141732,0,0
2834,0,0
109462,0,0
80762,0,0
93578,0,0
100379,0,0
71610,0,0
115807,0,0
87878,1,1
991,0,0
61693,0,0
97869,0,0
87895,0,0
54776,0,0
55764,0,0
119877,0,0
104337,0,0
89741,0,0
142504,0,0
6058,0,0
52788,1,1
138305,0,0
73715,0,0
6160,0,0
57159,0,0
113630,0,0
44135,0,0
126970,1,0
11453,0,0
83350,1,0
44069,0,0
58836,0,1
103949,0,0
145301,1,0
66765,0,0
51088,0,0
43161,0,0
91571,0,0
111035,0,0
144355,0,0
96572,0,0
21822,0,0
87226,1,1
38074,0,0
127501,0,0
10556,1,1
109239,0,0
72094,0,0
93767,0,0
34232,0,0
74411,0,0
72857,0,0
31985,0,0
57320,1,0
71092,1,1
53033,0,0
48683,0,0
125169,0,0
25384,1,0
63933,0,0
81970,1,1
49138,0,0
56851,0,0
131785,0,0
76195,0,0
20925,0,0
22735,1,1
61822,0,0
127986,0,1
24822,1,1
137462,0,0
98646,0,0
95445,0,0
77825,1,1
105258,0,0
14096,0,0
12836,0,0
136434,0,0
133791,0,0
42848,0,0
118207,0,0
44492,0,0
109094,1,1
39856,0,0
138520,0,0
134768,0,0
25706,1,1
119587,0,0
121719,0,0
27372,0,0
110496,0,0
55757,0,0
87331,1,1
125820,0,0
64339,0,0
36800,0,0
128403,0,0
135439,0,0
135225,0,0
54545,0,0
27,0,1
133704,0,0
108602,0,0
52431,0,0
98629,0,0
126804,0,0
112667,0,0
91401,1,1
138196,1,1
23763,0,0
61971,0,0
138711,0,0
122203,0,0
112608,0,0
66363,0,0
104875,0,0
133843,0,0
139498,0,0
24663,0,0
65728,0,0
25957,0,1
101854,0,0
40867,0,0
85052,1,0
46275,0,0
32596,0,0
18488,0,0
540,1,1
137869,0,0
100087,1,1
3689,0,0
49529,0,0
83619,0,1
94535,0,0
121535,0,0
129729,1,1
24661,0,0
3541,0,0
39522,0,0
119631,0,0
17036,0,0
61721,0,0
126983,0,0
139606,1,0
115031,0,0
81509,0,0
138965,0,0
37938,0,0
39846,1,0
94218,0,0
79088,0,0
118253,0,0
117739,0,0
123446,1,1
63259,1,1
95929,0,0
132994,1,1
110105,1,0
9337,0,0
95383,0,0
53281,0,0
13003,0,0
113949,0,0
130991,0,1
78252,1,1
140275,0,0
139421,0,0
118381,0,0
46849,0,0
142634,1,1
84201,0,0
61103,1,1
25662,0,0
7375,0,0
119412,0,0
6494,0,0
2678,0,0
83897,0,0
93270,1,0
122283,0,0
52909,0,0
120248,0,0
95039,0,0
74262,0,0
42393,0,0
9501,0,0
29098,0,0
98725,0,0
113108,0,1
25233,0,0
16099,0,0
69273,1,0
17340,0,0
48406,0,0
26491,0,0
44772,1,1
100594,1,1
75180,0,1
32842,0,0
81176,1,1
134829,0,0
70770,0,0
3944,0,0
20620,0,0
8387,0,0
96560,0,0
55315,1,1
92350,1,1
11882,0,0
42888,0,0
70958,1,0
84990,0,0
92747,0,0
37523,0,0
89219,0,0
25351,0,0
130030,0,0
66024,0,0
143409,1,1
14327,0,0
948,1,1
26364,1,1
76794,0,0
52338,1,0
97571,0,0
123661,0,0
42861,0,0
7625,0,0
2142,1,1
61636,0,0
119330,0,0
131282,0,0
117913,0,0
7896,0,0
51247,0,0
55834,1,1
60135,0,0
94907,0,0
96513,0,0
38140,0,0
115193,1,1
125874,1,0
85990,1,0
138502,0,0
114582,1,1
39446,0,0
106567,0,0
131531,0,1
12128,0,0
24365,1,1
48944,0,0
66536,0,0
103942,0,0
140602,0,0
12081,0,0
34959,0,0
67809,0,0
62753,1,0
48745,1,1
13332,0,0
114432,0,0
40034,0,0
91579,0,0
13587,0,0
111374,0,0
67080,0,0
97306,0,0
60812,1,1
15159,0,0
30959,0,0
98350,0,0
76147,0,0
131378,1,0
84484,0,0
53488,0,0
31335,0,0
141508,0,0
47753,0,0
61806,0,0
103806,0,0
71486,0,1
39715,0,0
134266,0,0
96683,0,1
48977,0,0
6634,1,1
50060,0,0
55657,1,1
82685,1,0
26028,0,0
89109,1,0
50251,0,0
7868,0,0
106010,0,0
76862,1,1
25914,1,0
57012,0,0
139016,0,0
36034,0,0
89886,0,0
141487,1,1
72091,0,0
85530,0,0
87330,1,0
105623,1,0
137654,0,0
57361,1,1
18159,1,1
23471,1,0
100257,0,0
133925,0,0
103313,0,0
90132,0,1
118573,1,1
131804,1,1
50383,0,0
36484,1,0
61662,0,0
93718,0,1
110070,0,0
56267,0,0
142642,1,0
51900,0,0
107162,0,0
143540,0,0
130819,1,0
86830,0,0
35035,1,0
133127,0,0
38985,0,0
20128,0,0
108332,0,0
129240,0,1
81773,1,0
21272,1,1
57880,0,0
5126,0,0
106503,0,0
124121,0,0
50673,0,0
87146,0,0
133435,0,0
122170,0,0
76173,0,1
144869,0,0
71547,0,0
96848,0,0
29861,0,0
73954,0,0
106864,0,0
120677,0,0
105337,1,1
131415,0,0
115338,1,1
13649,0,0
121006,0,0
53761,0,0
43777,0,0
32956,0,0
95664,0,0
100226,0,0
49999,0,0
114858,0,0
120343,0,0
32534,1,1
124291,0,0
20564,0,0
128946,0,0
119197,1,1
115075,0,0
11037,0,0
21571,0,1
48627,1,1
15074,0,0
54141,0,0
143374,0,0
81346,0,0
101405,0,0
107346,0,0
70650,0,0
21533,0,0
22165,1,1
131722,0,0
115866,0,0
120938,0,0
129657,1,1
114326,0,1
112978,1,1
12118,0,0
60850,1,1
7451,0,0
133455,0,0
827,0,0
92425,1,1
119399,0,0
67691,0,0
94410,1,1
59504,0,0
15786,0,0
20512,0,0
189,1,1
116700,0,0
56479,0,0
96043,0,0
95394,0,1
61050,0,0
112406,0,0
4967,0,0
125887,0,0
138354,0,0
9165,1,0
95046,0,0
110843,1,0
72706,1,0
79775,1,1
101945,0,0
138486,0,0
134242,0,0
81524,1,1
8725,0,0
73046,0,0
19118,1,0
125865,0,0
119492,1,1
51032,0,0
110171,1,1
94265,0,0
117244,1,1
122799,1,1
17338,0,0
120361,1,1
137788,0,0
46259,0,0
112566,0,0
91100,1,0
71858,0,0
57085,0,0
82847,1,1
137438,1,0
68124,1,1
28724,0,0
36096,0,1
134795,0,1
39773,0,0
7190,0,0
14386,0,0
63473,0,0
119425,0,0
87165,0,0
143925,0,0
94849,0,0
22832,0,0
91278,0,0
110994,1,0
116305,0,0
8226,0,1
132487,0,0
104104,1,0
2790,0,0
18915,0,0
98813,1,0
136756,0,0
140803,1,0
46847,0,0
5772,0,1
76668,1,0
113557,0,1
74648,0,1
123836,0,0
65051,0,0
31247,1,1
7400,0,0
44507,0,0
60298,0,0
76408,0,0
139996,0,0
12131,0,0
27097,0,0
111491,0,0
23157,0,0
88320,1,1
35833,0,0
16475,0,0
11782,1,1
57513,0,0
21227,0,0
81119,0,0
129375,0,0
110180,1,1
130493,0,0
45056,0,1
36097,0,0
122786,0,0
86983,0,0
17160,0,0
137069,0,0
144962,0,0
102942,0,0
119514,0,0
25210,1,0
83616,0,0
142382,0,0
9995,0,0
64217,0,0
66871,1,1
140971,0,1
35644,0,0
139757,1,1
45315,0,0
22040,0,0
19058,0,0
18478,1,0
24272,0,1
88468,0,0
99683,0,0
48171,0,0
19713,0,0
861,0,0
73657,0,0
136956,0,0
40920,0,0
66781,0,0
65681,0,0
49057,0,0
13684,0,0
26990,0,0
4577,0,0
56573,0,0
120534,1,1
141222,0,0
1963,1,1
118396,0,0
49852,1,0
36879,1,1
98230,0,1
88806,0,0
82547,0,0
108812,0,0
34795,0,0
94335,0,0
21551,0,0
40217,0,0
1223,0,0
12026,0,0
143292,1,1
23880,0,0
113581,0,0
112788,0,0
82775,0,0
44172,0,0
56805,1,1
63769,1,0
68782,0,0
46969,0,0
55913,0,0
61018,1,1
105103,1,1
25254,1,1
29649,1,1
124496,0,0
126946,0,0
85658,0,1
128547,0,0
30353,1,1
68530,0,0
66528,0,0
99546,0,0
126612,0,0
38647,0,0
141168,0,0
111477,0,0
88789,0,0
99408,0,0
121712,1,1
97020,0,1
124114,0,0
99298,0,0
49729,1,1
63303,1,0
113207,0,1
10599,0,0
61664,0,0
5907,0,0
64073,0,0
76783,0,0
35433,0,0
133207,0,1
124053,0,0
135465,0,0
25360,0,0
13415,1,0
52743,1,1
39851,0,0
32898,1,1
78550,0,0
59755,0,0
45583,0,0
54970,0,0
71846,0,0
33984,0,0
11100,0,0
2196,0,0
104759,0,0
107225,0,0
32247,0,0
103215,0,0
19295,0,0
57839,0,0
11533,0,0
62947,0,0
35947,0,0
9482,1,1
51527,0,0
13294,0,0
137956,0,0
116671,0,0
140856,0,0
89684,1,0
117935,0,0
74988,0,0
132924,1,1
22615,0,0
139509,0,0
7049,1,0
85845,0,0
88184,0,0
4838,1,0
115533,1,1
115630,1,1
107219,0,0
110694,0,0
120201,0,0
55767,1,1
99939,0,0
113579,1,1
22212,0,0
118280,0,0
62372,0,0
6509,1,1
71367,0,0
110611,0,0
101589,0,0
4377,0,0
111801,1,1
19766,0,0
26260,0,0
135831,1,0
47178,0,0
98121,0,0
69158,0,0
11825,0,0
109635,0,0
76751,0,0
65274,0,0
125092,1,0
23563,0,0
46440,0,0
28000,0,0
105050,0,0
50055,0,0
43198,1,0
115717,1,1
50271,1,1
34384,1,1
38163,0,0
139376,0,0
77914,0,0
101040,0,0
13361,0,0
53014,1,0
127533,1,1
89438,1,0
9132,1,1
86801,0,0
90841,1,0
122585,0,0
35250,1,1
53989,0,0
122186,0,0
96195,0,1
14597,0,0
82691,0,0
39776,0,0
71437,0,0
108028,0,0
59584,0,0
13971,0,0
132930,0,0
113659,0,0
108652,0,0
48768,0,0
22347,1,1
91147,0,0
130745,0,1
8408,0,0
15508,0,1
112550,0,0
125154,0,0
7231,0,0
84402,0,0
68778,0,0
59562,0,0
99276,0,0
62703,1,0
33802,1,1
61710,0,0
67023,0,0
7620,0,1
77824,1,0
11515,1,1
44531,0,0
72070,0,0
92145,0,1
115420,0,0
86880,0,0
39831,0,0
99611,0,0
81817,1,0
59664,0,0
14132,0,0
18006,1,0
122284,0,0
26360,0,0
89213,0,0
5111,1,1
67300,0,0
65817,0,0
5274,0,0
92234,1,0
6074,0,0
105956,0,0
32635,0,0
33083,0,0
44793,0,1
80368,0,0
83169,0,0
19894,0,0
59308,0,0
80476,1,0
61833,1,0
133027,0,0
131570,0,0
72338,0,0
90043,1,1
7456,0,0
43941,0,0
12123,0,0
117140,0,0
33962,0,0
27497,0,0
78400,0,0
52740,0,0
19965,1,0
11320,1,0
131265,0,0
98874,0,0
35323,0,0
102764,0,0
81754,0,0
33149,0,0
120734,0,0
12829,0,0
70579,0,0
7606,0,0
912,0,0
55506,0,0
104638,0,0
28486,0,0
100815,1,1
137875,0,0
44247,0,0
124070,1,0
107853,0,0
87063,1,0
18562,0,0
36390,1,1
89545,0,0
107559,0,0
70916,0,0
35577,0,0
190,1,1
83500,0,0
6326,0,0
15030,0,0
81379,1,0
88129,0,0
139309,1,1
17994,0,0
63317,0,0
101663,0,0
29048,0,0
60571,0,0
74484,0,0
125801,1,1
100086,0,0
70429,0,0
89321,0,1
34682,0,0
10509,1,0
109933,0,0
24163,0,0
59082,0,0
1658,0,0
14972,1,0
32159,0,0
88070,0,0
55503,0,0
145108,1,0
24907,1,1
7703,0,0
32798,0,0
36133,0,0
76718,0,0
87150,0,0
95696,0,0
139250,0,0
64629,0,0
10367,0,0
9854,0,0
106272,0,0
113562,0,0
136661,0,0
64727,0,0
85370,0,1
96748,0,0
114601,0,0
98998,1,1
16093,0,0
83960,0,0
65407,0,0
6308,1,0
108252,0,0
36118,0,0
100145,1,1
78063,0,0
34175,1,0
51066,0,0
71221,0,0
116811,0,0
118338,0,0
39672,0,0
7806,0,0
127826,0,1
29940,0,0
82522,0,1
140728,1,1
119060,0,0
27597,0,0
125046,1,1
97957,0,0
128295,0,0
99157,1,1
14655,1,1
84088,0,0
85684,0,0
110552,0,0
123750,0,0
56609,0,1
141998,0,0
140323,1,0
27074,0,0
44568,0,0
16297,0,0
96735,0,0
44337,0,0
67586,1,1
101769,1,1
55059,1,0
34632,1,0
105951,0,0
34142,0,0
68034,1,1
49314,0,0
29642,0,0
30219,0,0
133401,0,0
102006,0,0
133385,1,1
58033,0,0
23853,1,1
117637,0,0
96519,0,0
40877,0,0
32309,1,1
100008,1,0
71528,0,0
113130,0,1
73872,0,0
86320,0,0
72997,0,0
18620,1,1
104242,0,0
23742,1,1
25881,0,0
17558,0,0
6373,0,0
107122,0,0
132893,0,0
120477,0,0
103637,0,0
1363,0,0
1624,0,0
76536,1,1
75706,0,0
11262,0,0
61000,1,0
65217,0,0
119479,0,0
6418,1,1
70655,0,0
102382,0,0
40452,0,0
70743,1,1
47994,1,1
117586,1,0
37463,0,0
39338,0,0
61188,0,1
120879,0,0
48505,1,0
60320,1,0
113705,0,0
18750,0,0
5023,0,0
2291,0,0
48044,0,0
128063,1,1
35805,0,0
36730,0,1
45685,1,1
86781,0,0
9382,0,0
12335,0,0
11547,1,1
130403,1,0
131604,0,0
85205,0,0
131592,0,1
140004,1,1
3686,0,0
26805,0,0
49626,0,0
60668,0,0
112176,0,0
8439,0,0
33471,0,0
50576,1,1
133954,0,0
123493,0,0
56995,0,0
33947,0,0
25323,0,0
63218,1,1
128059,1,1
99008,0,0
6620,0,0
45079,0,0
134607,0,0
94930,0,0
110801,0,0
75478,0,0
139748,1,1
44087,0,0
27139,0,0
101833,0,0
115995,0,0
30582,0,0
143238,0,0
11880,1,0
100424,0,0
102568,0,0
120717,1,1
41300,0,0
90127,0,1
127032,1,1
121592,0,0
98931,0,0
13006,0,0
99746,1,1
141868,0,0
21688,0,0
101198,0,0
61047,0,0
104335,0,0
60223,0,0
77536,0,1
56235,0,0
101939,0,0
66302,0,0
96942,0,0
97555,1,1
109988,0,0
114812,1,0
93638,0,0
126635,1,0
55686,0,0
46874,0,0
44136,0,0
30783,0,0
30786,1,1
54209,0,0
81205,1,1
114917,0,0
104137,0,0
21464,0,0
2000,0,0
29622,0,0
64992,1,1
90220,0,0
21532,0,0
118880,0,0
84289,1,0
144139,0,0
50633,0,0
102902,1,0
110148,1,1
42074,0,0
127697,1,1
116233,1,1
125239,0,0
33862,0,0
112877,0,0
61953,0,1
35963,0,0
137871,0,0
38176,0,0
96805,0,0
143483,0,0
119648,0,0
93780,0,0
24867,0,0
48470,0,0
13826,1,1
13387,0,0
72918,0,0
113124,0,0
110961,0,0
142703,0,0
101027,1,1
43305,0,0
71667,0,0
14537,0,0
111088,1,1
21971,1,0
46646,0,0
127023,0,0
104884,0,0
34260,1,1
133963,0,0
83596,1,1
32361,1,0
142013,0,0
99026,0,0
20350,0,1
125672,0,0
72928,0,0
99589,0,0
90443,1,1
55311,0,1
103116,1,1
87,0,0
118339,0,0
127063,1,1
45270,0,0
28210,0,1
106297,0,0
121669,0,0
75463,1,1
90988,1,1
130360,0,0
73135,1,1
134639,1,0
118730,0,0
7182,0,0
129063,0,0
51960,0,0
15574,0,0
75525,1,1
77450,0,0
118401,0,0
56723,1,1
33089,0,0
49717,0,0
48219,0,0
135238,0,0
48422,0,1
57223,0,0
142217,1,1
120113,0,1
83486,0,1
11649,0,0
107160,0,0
110298,0,0
114057,0,0
116272,1,1
6846,1,1
120339,0,1
72230,0,0
142069,0,0
66752,0,0
3348,1,0
123663,0,0
43427,1,1
81669,0,1
134635,1,1
68082,0,0
118544,0,0
64508,0,0
62009,1,1
79663,0,0
18890,0,0
134238,0,1
22129,0,0
1318,0,0
140046,1,1
62138,0,0
89428,0,0
71964,0,0
117910,0,0
91549,0,0
31226,0,0
100536,1,0
82257,1,1
82084,0,0
80074,0,0
22527,0,0
67455,0,0
59764,1,0
130042,0,0
143260,0,0
40704,1,1
126746,0,0
145135,0,0
109303,1,1
64462,0,0
114009,0,0
82309,0,1
7402,0,0
135203,0,0
127433,1,0
97423,1,1
47323,0,0
109580,0,0
88547,0,0
120083,0,0
53347,0,0
9225,1,1
117825,1,1
83375,0,0
13437,0,0
8340,1,0
133111,0,0
143639,0,0
7021,1,0
91378,1,1
15791,1,0
83614,0,0
92096,0,1
97235,0,0
72004,0,0
109422,1,1
2663,0,0
33217,0,0
25704,1,0
113223,1,1
114013,0,0
31581,0,0
80578,0,0
19230,1,1
99887,0,1
124985,0,0
67081,0,0
133376,0,0
124482,0,0
144905,0,0
35397,0,0
80487,0,0
27452,0,0
119959,1,1
15837,0,0
16414,0,0
13150,0,0
76174,1,0
716,0,0
142617,0,0
5933,0,1
127957,0,0
46082,0,0
98141,0,0
79536,0,0
16389,0,0
136929,0,0
98875,0,0
34803,0,0
1023,0,0
86243,1,0
32033,0,0
4021,0,0
118620,0,0
2777,0,0
103417,0,0
104177,0,1
21524,0,0
1958,0,1
82049,1,1
113093,1,1
15438,0,0
118732,0,0
125042,0,0
64784,0,0
140482,1,0
45041,0,0
44126,1,1
44382,0,0
139195,1,0
128087,1,1
121151,0,0
75661,1,1
19972,0,0
21629,1,1
102964,0,0
123616,0,0
123597,0,0
134603,0,0
132407,1,0
124112,0,0
95998,0,0
64862,1,0
15748,1,1
106891,0,0
144833,0,0
129036,0,0
61507,1,1
68819,0,0
130635,0,0
59903,0,0
88888,0,0
2771,1,1
136512,0,0
112047,1,0
115446,0,0
22288,0,1
100537,0,0
128972,0,0
46575,0,0
144815,0,0
143508,0,0
78086,0,0
74256,0,0
40155,0,0
97362,0,0
15949,0,0
12669,0,0
46679,0,0
106137,0,0
52664,0,0
118087,0,0
40175,0,0
63029,0,0
4864,0,0
43585,0,0
90978,0,0
85666,0,0
9778,1,0
21326,1,0
57120,1,0
89876,1,1
33782,1,0
113548,1,1
49615,0,0
21733,1,0
104210,0,0
61165,0,0
140702,1,1
80465,0,0
46230,0,0
143943,0,0
2002,0,0
96864,0,0
32577,0,0
111198,0,1
79240,0,0
127068,0,0
66022,0,0
125535,1,1
77268,1,0
141229,0,0
80445,0,0
132801,0,0
141072,0,1
100911,0,0
6882,0,0
113566,0,0
102799,0,0
109513,1,1
128,0,0
113268,0,0
9099,1,0
49381,0,0
102842,0,0
55975,1,1
83283,0,0
6298,0,0
96126,0,1
48218,0,0
129264,0,0
48970,0,0
108743,1,1
6119,1,0
34255,1,0
83803,1,0
65557,0,0
63853,1,1
127632,0,0
132086,1,0
26091,0,0
141460,0,0
79262,1,1
4138,1,1
59873,0,0
130877,1,0
138099,0,0
69490,0,0
66646,1,1
106574,0,1
104078,0,0
50956,0,0
6935,0,0
30878,0,1
11291,0,0
139336,0,1
12068,0,0
31186,0,0
107676,0,0
71719,0,0
60370,0,0
110184,0,0
87207,1,0
73292,0,0
132250,1,1
137088,0,0
123267,0,0
106708,0,0
32928,0,1
55398,0,1
4373,0,0
56206,1,0
12097,0,0
108770,1,1
35780,0,0
83063,0,0
109086,1,0
21946,0,0
115044,0,0
45917,0,0
5030,0,0
13781,0,0
115389,0,0
64658,0,0
82260,0,1
62314,0,1
17880,0,0
126848,0,0
139811,0,0
71024,0,0
52042,0,0
2992,0,0
125383,0,0
4471,1,1
98088,1,0
122224,0,0
89418,1,0
120908,0,0
103180,0,0
51119,0,0
122222,0,0
94502,0,0
139359,0,0
29011,0,0
47771,0,0
35249,0,0
37317,0,0
73787,0,0
139895,0,0
57136,1,1
20907,0,0
63887,0,0
7082,1,0
14475,0,0
132238,0,0
37462,0,0
16545,0,0
88140,0,0
3554,1,1
90211,0,0
54044,0,0
56343,1,1
19904,1,0
123771,0,0
60567,1,0
53522,0,0
68105,0,0
118652,0,0
71287,0,0
47437,0,0
113863,0,0
37337,0,0
19458,0,0
94162,0,0
134663,1,1
1739,0,0
90317,0,0
99729,0,0
114450,0,0
37064,0,0
28106,0,0
100124,1,0
18874,0,0
38038,0,0
77800,1,1
59271,0,0
101708,1,0
142904,0,0
70863,0,0
128372,0,0
139894,0,0
3724,0,1
138526,0,0
43981,0,0
101310,0,0
139807,1,1
129637,0,0
60811,0,0
123551,0,0
116347,0,0
84749,0,0
71268,0,0
31773,0,0
6185,0,0
60420,0,0
94933,0,0
17783,0,0
82809,1,0
47002,0,0
45930,0,0
64792,0,0
127252,0,0
132660,1,0
35024,0,0
25,0,0
37282,0,0
85953,0,1
121137,1,1
3296,0,0
103575,1,0
42623,1,1
49689,0,0
39700,0,0
76480,0,0
4502,0,0
56740,0,0
45987,0,0
108521,0,0
30352,0,0
111773,1,0
19398,0,0
85038,0,0
94391,1,1
3556,0,0
83460,0,0
98208,0,0
13931,0,0
32230,1,0
52079,1,1
5255,0,0
40485,0,0
16128,1,0
142824,0,0
100619,0,0
11411,0,0
45297,0,0
5446,1,1
28666,0,0
91872,0,0
75146,0,0
21674,0,1
13287,0,1
42444,1,1
102820,0,1
13645,0,0
17295,0,1
122874,0,0
40933,1,1
134807,0,0
80394,1,1
106023,1,0
61514,1,1
4966,0,0
126952,0,0
107390,1,0
128938,0,0
60831,1,1
89576,0,0
6219,0,0
73650,0,0
50663,0,0
121826,0,0
127696,1,1
7526,0,0
108921,0,0
3295,0,0
110716,0,0
94807,0,0
95589,0,0
46067,1,0
116431,0,0
143804,0,0
85988,1,0
93308,1,1
34834,0,0
100999,0,1
140862,0,0
25357,0,0
34622,0,0
14700,0,0
30973,1,0
75988,0,0
49672,0,0
21172,0,0
81559,0,0
29717,0,0
10094,0,0
122696,1,1
128796,0,0
145106,0,0
78324,0,0
126473,0,0
135206,0,0
129392,0,0
132173,0,0
119846,0,0
35504,1,0
65869,1,1
66312,0,1
83446,0,0
130776,0,0
56145,1,1
53611,0,0
3149,1,1
68895,1,1
15037,1,0
54532,0,0
18310,0,0
91197,0,0
56375,0,0
49163,0,0
112582,0,0
97014,0,0
9484,1,1
76166,1,1
126216,0,0
125836,0,0
101416,0,0
86672,0,0
84375,0,0
22000,0,0
122507,0,0
21430,0,0
24605,0,0
34900,0,0
46511,0,0
12983,0,0
119362,0,0
45947,0,0
32554,0,0
127872,0,0
113263,1,1
59282,0,0
4501,0,0
14149,0,0
97104,1,1
25325,0,0
20725,0,0
27253,0,0
65183,1,0
115289,0,0
99886,1,0
14990,0,0
113146,1,0
93146,0,0
100253,1,1
49276,1,1
132125,0,0
141553,0,0
8328,0,0
19007,0,0
60589,0,0
105410,0,0
8159,0,0
60724,0,0
105964,0,0
23662,0,0
63843,1,0
23498,0,0
117063,0,0
127592,1,0
110144,0,0
27353,0,0
14679,0,0
109812,1,0
64454,1,1
124834,0,0
93748,0,0
29880,0,0
82320,0,0
46141,0,0
58511,0,0
88863,0,0
66825,1,1
78521,1,1
85039,1,0
62122,0,0
115462,0,0
63264,0,0
111770,1,1
103490,0,0
63800,0,0
85188,0,0
66546,0,0
144009,0,0
22744,0,1
91185,0,0
128366,0,0
95087,1,1
144841,0,0
46688,0,0
62704,1,0
4093,0,0
116369,0,0
56525,0,0
37127,0,0
141834,1,0
61488,0,0
114639,0,0
60372,0,0
33816,0,0
123488,0,0
121650,0,0
61942,0,0
35917,0,0
142707,1,0
24560,1,1
112355,0,0
131433,0,0
58125,0,0
115311,0,0
25590,1,1
111100,0,0
95751,0,0
1927,0,0
103110,0,1
15179,1,1
30729,0,0
93513,0,0
28059,0,0
116557,1,0
142255,0,0
86877,0,0
79369,0,0
43103,0,0
82936,0,0
116496,1,1
35304,0,0
65285,1,1
131157,0,0
143237,0,0
110122,1,1
140925,0,0
36513,1,1
85332,1,1
70582,0,0
10003,0,1
66726,1,1
124521,0,0
137775,0,0
124815,0,0
67532,0,0
3806,0,0
35588,0,0
70601,0,0
8551,0,0
74766,0,0
119822,0,0
60975,0,0
525,0,0
35899,0,0
122371,0,0
3548,1,0
100094,0,0
132873,1,0
109870,0,0
73293,0,0
137469,0,0
92134,0,0
137359,0,0
105511,0,0
21628,1,1
22535,0,0
57409,0,0
70305,1,0
4972,0,0
59466,1,1
96008,0,0
144706,0,0
145151,0,0
9362,0,0
59306,0,0
75406,0,0
6942,1,0
56350,0,0
113716,0,0
97276,0,1
126902,0,0
2071,0,0
62649,0,0
143084,0,0
134188,0,0
61447,0,1
130141,0,0
25316,0,0
21710,0,0
88432,0,0
92808,0,0
74022,0,0
56926,0,0
36047,0,0
74637,0,0
132322,0,0
117018,0,0
37359,0,0
61433,1,1
104090,0,0
129231,0,0
44490,0,0
130525,1,1
51647,0,0
91341,0,0
136942,0,0
13245,1,1
77579,1,1
57529,0,0
135999,0,0
804,0,0
11479,1,0
79438,0,0
12218,0,0
109288,0,0
37530,0,1
6189,0,0
94524,0,0
32825,0,0
76107,1,1
37202,0,0
48519,0,0
82174,1,1
33863,0,0
143272,0,0
56901,0,0
95016,0,0
102566,0,0
140473,1,1
62619,0,0
4446,0,0
51156,0,0
1870,0,0
93870,0,0
67650,1,0
96071,0,0
96880,1,0
60610,0,0
129812,0,0
15146,0,0
112664,0,0
81529,1,1
109189,1,0
22791,0,0
96038,0,1
48123,1,1
70046,0,0
76705,1,0
133076,0,0
66018,0,0
2436,1,0
82817,0,0
111300,1,1
57432,1,0
121382,0,1
121638,0,0
124970,0,0
71744,0,0
124728,1,0
3972,0,0
115158,1,1
30529,0,0
19760,0,1
59590,0,0
2707,0,0
100996,0,0
144924,0,0
61593,0,0
91601,0,0
91305,1,0
72545,0,0
13718,0,0
68423,0,0
27885,0,0
431,1,0
92573,1,0
13740,0,0
6335,0,0
33049,0,0
22387,1,1
26947,0,0
76342,1,1
27631,0,0
28068,1,1
117440,0,0
7870,1,1
83551,0,0
28116,0,0
42255,0,0
66110,0,0
36899,0,0
141464,1,0
39956,0,1
90680,0,0
137977,0,0
77952,0,0
85623,1,1
35350,1,1
24157,0,0
78220,1,0
80357,0,0
72650,0,0
4701,0,0
130216,0,0
7967,0,0
31636,1,1
119665,0,0
52530,0,0
59630,1,0
22539,1,0
9268,0,0
4210,0,0
140385,1,1
28071,0,0
125642,0,0
141107,0,0
22863,0,0
98473,0,0
67426,0,0
93282,0,0
25938,0,0
114440,0,0
14930,0,0
139415,0,0
4143,0,0
101271,0,1
96256,0,0
40533,0,0
23097,0,0
143990,0,0
42405,1,0
96448,0,0
115526,0,0
56769,0,0
72548,0,0
142836,0,0
106086,0,0
47770,0,1
58762,0,0
83295,1,0
85574,0,0
54562,1,0
129204,0,0
27027,0,0
119238,1,1
40339,0,0
124280,1,0
32096,0,0
23516,1,1
113866,0,1
56935,0,0
85021,0,0
50097,1,0
120328,0,1
60363,0,0
12112,0,0
98242,0,0
9915,0,0
30015,0,0
61303,0,0
82127,0,0
76574,1,1
50501,0,0
116786,0,0
25936,1,0
99204,0,1
142947,0,0
77843,0,0
27299,0,0
83345,0,0
94267,0,0
130287,1,1
123180,1,0
60509,0,0
65119,1,1
27965,0,0
115648,0,0
140312,0,1
88324,0,1
64333,0,0
32874,0,0
27334,0,0
58263,0,0
136007,1,1
136996,0,0
28473,0,0
135113,0,0
82269,1,1
83573,0,0
5086,0,0
78751,0,0
79801,0,0
4235,0,0
79929,0,0
39895,0,0
66360,0,0
56766,1,1
104950,0,0
51305,0,0
9628,1,0
139055,0,0
73793,0,0
27933,0,1
67296,0,0
123221,0,0
137809,1,1
32409,0,0
82011,0,0
93091,0,0
111719,0,0
93702,1,1
90265,0,1
11548,1,0
110108,0,0
27574,1,1
128861,0,1
45274,0,0
125743,0,0
36974,0,0
144145,1,0
140395,0,0
62735,0,0
52106,0,0
19367,1,1
33797,1,1
19712,0,0
131029,0,0
58044,1,1
6353,0,0
60213,1,0
139712,1,1
76357,1,1
49863,1,1
9176,0,0
21961,0,0
100250,1,1
74515,0,0
3745,0,0
33063,0,0
57912,0,0
4364,0,0
104590,0,0
77168,0,0
138180,0,0
62294,1,0
99198,0,0
112220,0,0
3065,1,1
17534,0,0
20490,0,0
41832,1,1
1782,0,0
55326,1,1
91136,0,0
46610,0,0
64040,0,0
21648,1,0
13739,0,0
137592,0,0
79408,0,0
96500,0,1
124998,0,0
11794,0,0
93017,0,0
105656,0,0
127993,0,0
5919,0,0
88154,0,0
34526,1,1
86682,1,1
109218,0,0
144160,0,0
23229,0,1
77751,1,1
55954,0,0
58276,0,0
27658,0,0
138993,0,0
97635,0,0
36526,0,0
84051,0,0
79506,0,0
64265,0,0
55452,0,0
71883,1,0
57601,0,0
30611,0,0
73521,0,0
101928,0,0
117356,1,1
64316,0,0
87708,1,1
50263,0,1
95251,0,0
13631,0,0
56289,0,0
10355,0,0
30606,0,1
99658,1,1
92635,1,0
58099,0,0
55986,0,1
58715,0,0
1317,0,1
77053,1,1
78387,0,0
13376,0,0
28927,1,1
99552,0,0
21005,1,1
8566,0,0
76313,0,0
51434,0,0
137692,0,0
100317,0,0
46437,1,0
53827,0,0
79189,0,0
136327,0,0
18678,0,0
13385,0,0
76546,1,1
60383,0,0
71644,0,0
56147,0,0
16417,0,0
75841,0,0
50698,1,0
78105,1,1
15261,0,1
19008,0,0
137857,0,1
77526,0,0
76549,1,1
68847,0,0
136164,0,0
14350,0,0
30914,0,1
142285,0,0
6908,0,0
4697,0,0
71817,0,0
75210,1,1
56474,0,0
35710,1,1
20214,0,0
44115,0,0
22828,0,0
12180,0,0
79295,1,1
106801,0,0
122866,0,0
93918,0,0
88768,0,0
24136,0,0
121552,0,0
36058,0,0
64962,1,1
67925,1,0
42918,0,0
109856,1,0
142458,0,0
96945,1,0
68656,1,1
42369,0,0
2537,0,0
99118,1,1
83281,0,0
89355,0,0
118828,0,0
39771,0,0
3962,1,0
120124,0,0
96116,0,0
134614,0,1
88721,1,1
74187,0,0
144239,0,0
7482,0,0
70437,0,0
114910,0,0
50806,0,0
44279,0,0
25004,0,0
138001,0,0
58164,0,0
5869,0,0
57130,0,0
133754,1,0
127843,0,0
33555,0,0
142586,0,0
360,1,1
144155,0,0
7335,0,0
108317,0,0
114951,0,0
3907,0,0
109216,1,1
75607,1,1
20932,0,0
116569,0,0
14731,0,0
132311,0,0
78108,0,0
77708,1,1
102172,1,1
74905,0,0
27121,0,0
29590,0,0
119856,0,0
26831,0,0
129497,1,1
86500,0,0
75045,0,0
122767,0,0
38473,0,0
126603,0,0
82153,0,0
14765,0,0
118937,0,1
133264,0,1
89102,1,1
105150,1,0
50960,0,0
31984,0,0
63478,0,1
95898,0,0
76812,0,0
8042,0,0
14836,0,0
65227,0,0
76939,0,0
68772,0,0
7532,0,0
40277,0,1
127968,0,0
91851,0,1
122909,0,0
60040,0,0
63836,1,1
121833,0,1
114505,0,0
79794,0,0
107817,0,0
65318,1,1
70210,0,0
10321,1,0
19528,0,0
97282,1,1
26986,0,0
12618,0,0
58293,1,0
41910,0,0
55149,0,0
36947,0,0
93469,0,0
51515,0,0
118464,0,0
75654,0,0
9558,0,0
68881,0,0
24489,0,0
108015,0,0
97877,0,0
98928,0,0
98282,0,0
65504,0,1
116442,0,0
116270,0,0
63875,0,0
22164,0,1
9162,0,0
139987,0,0
86616,0,0
73073,1,1
3908,0,0
14209,0,0
23466,0,0
50040,0,0
54117,0,0
82633,0,1
36354,1,1
61006,0,0
133381,0,1
33129,1,1
139534,0,0
143939,0,0
90435,0,0
23751,0,1
143711,0,0
79187,1,1
130570,0,0
22639,0,0
121827,1,0
130396,0,0
3155,0,0
143303,0,0
114631,0,0
88312,0,0
70012,1,0
45822,0,0
1406,1,0
115024,0,0
39292,0,0
43614,0,0
109334,0,0
33313,0,0
23658,1,1
47200,0,0
100705,1,1
127541,0,0
74157,0,0
114732,0,0
19489,0,0
62008,0,0
80854,0,0
126832,0,0
57759,1,1
73398,0,0
48821,0,0
98108,1,1
28824,0,0
124402,0,0
17139,0,0
41988,0,0
49624,0,0
82696,1,1
101059,0,0
120891,0,0
127441,1,1
58621,0,0
28965,1,0
126791,0,0
5521,0,1
126624,0,0
51985,0,0
129883,1,0
110346,0,0
136,0,0
7580,1,0
143656,0,0
88254,1,0
36792,1,0
45539,0,0
15676,0,1
67158,0,0
43308,0,0
34253,0,0
36872,0,0
106591,0,0
38324,1,0
24796,0,0
126833,0,0
60539,0,0
85721,1,1
94263,0,0
108396,0,0
44974,1,1
104799,0,0
126033,0,0
123878,0,0
126815,0,0
24738,0,0
143459,0,0
36649,0,0
17372,0,0
137423,0,0
46902,0,0
74545,0,0
42328,0,0
2044,0,0
73112,0,1
116154,0,0
7667,0,0
88730,1,1
70259,0,0
134030,0,0
5050,0,0
122822,1,1
11944,0,0
122112,0,0
4274,0,0
68036,1,1
103778,0,0
28711,1,0
144368,0,0
104771,0,0
109802,1,1
68211,1,1
118414,0,0
80925,0,0
74417,0,0
24482,0,1
71930,0,0
133972,0,0
142672,0,0
77722,1,1
127457,0,0
112402,0,0
71299,0,0
137650,0,0
34672,1,1
91772,0,1
76697,1,0
29470,0,0
48296,0,0
110773,0,0
102795,1,1
55277,1,1
119109,0,0
91114,0,0
78917,1,1
21228,1,1
128936,0,1
102507,0,0
33675,0,0
143325,0,0
95597,0,0
53420,0,0
120595,1,1
110544,1,1
23145,1,1
89268,0,0
126095,1,1
109174,0,0
73568,1,1
35732,1,1
44210,0,0
8880,1,1
42037,0,0
19372,0,0
4499,0,0
30126,0,0
107524,0,0
72875,0,0
83847,0,0
91216,0,0
114602,0,0
137874,0,0
92902,0,0
85091,0,0
136695,0,0
13776,1,0
137250,0,0
40275,0,0
49989,0,0
37027,0,0
101856,1,1
9536,0,0
54290,1,1
60271,0,0
34634,1,1
120123,0,0
84821,0,0
14500,0,0
125265,0,0
145073,0,0
5073,0,0
12870,0,0
32354,0,0
122180,0,0
103186,0,0
93651,0,0
84812,0,0
133325,0,0
96916,0,0
53791,0,0
35587,0,0
142888,0,0
19806,1,0
99791,1,1
17202,1,1
61119,1,0
97559,0,0
89056,0,0
28635,1,0
133581,0,0
48049,0,0
42167,0,0
58920,0,0
51947,1,0
132382,0,0
16391,0,0
18282,1,1
1391,0,0
6477,1,1
31179,1,0
20860,1,0
31552,0,1
107427,0,1
108647,0,0
27430,0,0
143780,0,0
69338,0,0
55950,0,0
98777,0,0
56333,0,1
25246,1,0
104399,0,0
140264,0,0
61888,1,1
47499,0,0
39062,0,0
105305,0,0
35198,0,0
16136,1,0
43939,0,0
47073,0,1
104922,0,0
64309,0,0
19931,1,1
49391,0,0
21282,1,0
91702,1,1
135776,0,0
97033,0,0
28165,1,1
143550,0,0
34022,1,1
57716,0,0
119218,1,1
16643,0,0
17747,0,0
22946,0,0
103819,0,0
94216,0,0
112691,0,0
79415,0,0
371,0,0
60494,0,0
140132,0,0
76270,1,1
111626,0,0
59425,0,0
19643,0,0
83707,1,1
20890,1,0
63851,1,1
94685,0,0
36984,0,0
66965,0,0
116280,0,0
21982,1,1
76644,0,0
99332,1,1
16472,0,0
65574,0,0
97773,0,0
65696,0,0
141949,0,0
111919,0,0
84202,0,0
89038,1,1
119885,0,0
13560,0,0
30712,0,0
64198,0,0
3737,1,1
82772,0,0
6163,0,0
137158,0,0
144500,0,0
91354,0,0
47733,1,0
7759,0,0
2161,0,0
121647,0,0
77566,1,0
133935,0,0
99300,0,0
53174,0,0
76530,1,1
105713,0,0
68013,0,0
95643,0,0
1319,0,0
28497,0,0
13186,1,0
46995,0,0
140598,0,0
95825,0,0
145109,0,1
126210,1,0
135494,0,0
67227,0,0
36657,0,0
130862,0,0
87305,0,0
29353,0,0
83111,1,0
34417,0,0
51100,0,0
95715,0,0
122966,0,0
59502,0,0
120157,0,0
80246,0,0
74197,1,1
142662,0,0
41585,0,0
66992,0,0
98191,0,0
97225,0,0
44217,0,0
32424,0,0
9333,1,0
90848,0,0
35366,0,0
92839,1,0
82422,0,0
50301,0,0
114619,0,0
51819,0,0
61773,0,1
73578,0,1
30769,0,1
10503,1,0
10485,1,1
106423,0,0
24011,0,1
44272,0,0
3224,0,0
10927,0,0
127531,0,0
40701,1,1
109895,0,0
2413,0,0
15147,1,0
28114,0,0
72391,0,0
33591,0,0
64908,1,1
90306,0,0
84432,0,0
68797,0,0
78943,0,0
39232,1,1
102677,0,0
88842,0,0
1091,0,0
4772,0,0
35722,0,0
120354,1,1
103167,0,0
7295,0,0
2611,0,0
68675,1,1
13507,0,0
44658,1,1
135337,0,0
12532,0,0
18285,1,1
83855,0,0
11768,0,1
126122,0,0
12953,0,0
47083,0,0
95306,0,0
101111,0,0
94896,0,0
90919,1,1
2428,0,0
31522,1,1
64709,0,0
83678,1,1
35059,0,1
40946,0,0
1122,0,0
137364,0,0
123094,1,1
70529,0,0
135744,0,0
117357,1,1
99718,1,0
86886,0,0
116934,0,0
131638,0,0
102115,0,0
110472,1,1
129336,0,0
43429,1,1
16930,1,1
26076,0,0
31124,0,0
31211,0,1
130634,1,1
43187,1,1
86018,0,0
105279,0,0
106059,0,0
132015,0,0
29278,1,1
20297,0,0
4342,0,0
94351,0,0
1422,0,0
105339,0,0
38302,0,0
34533,0,0
81508,0,0
33479,0,0
27035,0,0
66397,0,0
87898,0,0
23757,0,1
117280,0,0
23411,0,0
81675,0,0
28330,1,0
99535,0,0
40703,1,0
67742,0,0
106635,0,0
44442,0,0
104291,0,1
130281,1,1
43111,0,0
86775,1,0
67945,0,0
116810,0,1
30215,0,0
127967,0,0
8427,0,0
59450,0,0
24865,1,0
78548,1,1
12403,0,0
116761,0,0
9802,0,0
48786,0,0
64292,0,0
123985,1,1
41062,1,1
17350,1,1
59136,0,0
103751,0,0
60998,0,0
134602,0,0
118606,0,0
23753,1,0
144091,0,0
90318,1,1
36119,0,0
53261,0,1
96220,1,0
61478,0,0
82604,1,1
143031,0,0
15267,0,0
61982,0,0
76466,1,1
140349,1,0
32774,0,0
91972,0,0
20661,0,1
51584,1,0
46240,0,0
110674,0,0
10400,0,0
127909,0,0
24751,0,0
121148,0,0
56505,0,0
45737,0,0
73813,0,0
90727,0,0
75313,0,0
1066,0,0
17584,1,0
120080,0,0
97923,0,0
75638,0,0
145291,0,0
94478,0,0
36160,0,0
56629,0,0
80921,1,0
99663,1,0
123776,0,0
97885,0,0
31102,0,0
25430,0,0
41478,0,0
138336,0,0
28483,0,0
69063,0,0
107451,0,0
113430,0,0
7947,0,0
80564,0,0
28699,1,1
52213,0,0
35952,0,0
89450,0,0
16507,0,0
60209,0,0
133370,0,0
108119,0,0
85543,0,0
33554,0,0
100048,0,0
109917,0,0
52271,1,1
101655,0,0
12671,0,0
127001,1,1
53824,1,0
109592,1,0
1754,0,0
63265,0,0
13540,0,0
1036,0,0
9910,1,1
80144,1,1
123769,0,0
20494,0,0
107422,0,0
14644,0,0
113473,1,1
71182,0,0
102292,0,0
14053,0,0
9943,0,0
121843,0,0
92659,1,0
129267,0,1
61090,0,0
57794,0,1
104597,0,0
80520,0,0
108519,0,0
42924,0,0
29663,1,1
102064,1,0
104430,0,0
20929,0,0
28460,0,0
55135,0,0
34089,0,0
38745,1,1
76910,0,1
110359,0,0
143543,0,0
51941,0,0
87045,0,0
136160,0,0
44729,0,0
136940,0,0
141811,1,1
91660,0,0
131502,1,0
140372,1,1
27194,0,0
125691,0,0
32533,1,1
19449,0,0
47948,0,0
85755,0,0
22801,0,0
106667,0,0
75583,1,1
66672,0,0
15688,0,0
116724,0,0
18049,0,0
25835,0,1
7311,0,0
59703,0,0
111311,0,1
129538,1,0
127064,1,1
20194,0,0
67791,0,0
125582,0,1
119728,0,0
51932,0,0
42466,0,0
133352,0,0
29239,0,0
113219,1,1
101287,0,0
261,0,0
145327,0,0
143268,0,0
100014,0,0
132387,1,1
106194,0,0
91455,0,0
2682,0,0
71093,0,0
14650,0,0
123441,0,0
30697,0,0
6939,0,0
3822,0,0
70201,0,0
101002,1,1
21950,1,0
61725,0,0
29895,1,1
112520,1,1
138835,0,0
58543,0,0
92505,0,0
88991,0,0
97558,0,0
68874,0,0
19824,1,1
30823,0,0
28285,0,0
61832,1,1
101104,0,0
99245,0,1
10170,0,0
74136,0,0
140065,1,1
122724,0,0
275,0,0
41290,0,0
70813,0,0
129383,0,0
26355,1,1
27508,0,0
95400,1,0
79738,0,0
85208,0,0
121040,1,0
44778,0,0
126829,0,0
39252,1,1
110649,0,0
67534,0,0
20893,0,0
139118,0,0
16749,0,0
65816,0,0
60217,0,0
121203,0,0
59307,0,0
6260,0,0
85263,0,0
38863,1,0
30310,0,0
99468,0,0
135020,0,0
86867,0,0
124514,0,0
117005,0,0
39227,1,1
44770,0,0
68818,0,0
130810,1,0
37952,0,0
133402,0,0
57079,1,1
85020,0,0
141167,0,0
86695,0,0
59938,0,0
84728,0,0
101067,0,0
66649,0,0
2643,1,0
66820,0,0
83979,1,0
131521,0,0
112783,1,0
64650,0,0
12454,0,0
142919,0,0
122430,1,1
109240,0,0
131825,0,0
72659,1,0
59211,0,0
137409,0,0
15857,0,0
80057,0,0
19940,1,1
102957,0,0
117017,0,0
59741,0,0
94055,1,0
104811,0,0
75872,1,1
37834,0,0
27733,0,0
64206,0,0
41148,0,0
21879,0,0
100044,0,0
128428,1,1
79890,1,0
77842,1,1
75912,0,0
58346,1,1
5706,0,0
9631,1,1
88270,0,0
115725,0,0
134157,0,0
140581,0,0
140447,1,0
113386,0,0
102998,0,0
91997,0,0
86602,0,1
14004,0,0
65882,0,0
132012,1,0
12653,1,1
52993,0,0
26707,0,0
80457,0,0
27654,0,0
100875,1,1
22281,0,1
1560,0,0
17053,0,0
73150,0,0
7429,0,0
48828,0,0
26525,0,0
15331,0,0
76738,0,0
105861,0,0
55364,1,1
93421,0,0
79732,0,0
54057,1,0
112626,0,0
55447,0,0
144648,0,0
33785,0,0
27540,0,0
90827,0,0
38053,0,0
1159,0,0
34179,0,0
89339,1,1
126481,0,0
124166,0,0
38873,0,0
105931,0,0
47442,0,1
43927,1,0
81485,1,0
48558,1,1
114005,0,0
16740,0,0
137607,0,0
24503,0,0
19587,1,0
89889,0,0
134026,1,0
45568,1,1
59242,0,0
51818,0,0
122492,0,0
86409,0,0
20005,1,1
51943,0,0
50864,0,0
49871,0,0
34801,0,0
71507,0,0
80310,0,1
93892,0,0
36727,0,0
99368,0,0
35087,0,1
65888,0,0
75788,1,0
90327,1,0
135236,1,0
42501,1,0
19980,0,0
92740,1,1
53105,1,1
99971,0,0
22208,0,0
5826,0,0
89548,0,0
144766,0,0
120448,0,0
4633,0,0
35159,0,0
118296,0,0
36233,0,0
93341,1,1
21862,0,0
54764,1,1
39414,0,0
41303,0,0
40301,0,0
95407,0,0
300,0,1
3213,0,0
62452,0,0
7519,0,0
22501,0,0
110212,1,1
111748,1,1
140701,1,0
3307,0,0
120946,0,0
1310,0,0
83330,0,0
73943,0,0
23054,1,1
79838,0,0
131208,1,1
97685,0,0
18644,0,0
114598,0,0
28986,1,1
133710,0,0
76162,1,0
46944,0,0
115545,1,1
66895,0,0
16222,1,0
20511,0,0
10188,1,1
74196,1,0
49298,0,0
65909,0,0
83262,0,0
6870,0,0
106184,0,0
27804,0,0
101431,1,1
124870,0,0
98025,1,1
64791,1,1
66686,1,0
105260,1,0
6200,1,1
87820,0,0
87099,1,1
142967,0,1
109746,0,1
117027,0,0
47777,0,0
143906,0,1
7106,0,0
50265,0,0
87610,0,0
115875,1,1
128485,0,0
7204,0,0
45058,1,1
10742,0,1
114430,0,0
108823,1,1
119840,0,0
56241,0,0
136294,0,0
104863,0,0
9855,0,0
6386,0,0
120836,0,0
55896,1,0
58904,0,0
50249,0,0
103147,0,1
40402,1,1
92131,0,0
2388,0,0
35427,0,0
86386,1,0
74873,0,0
119458,0,0
28057,0,0
121811,1,0
2495,0,0
120945,0,0
57685,0,0
121066,0,0
134014,0,0
91166,1,1
98979,0,0
87459,0,0
50494,0,0
29270,0,0
55552,0,0
33320,0,0
78510,0,1
58558,0,0
20561,1,1
78878,0,0
113156,1,1
131161,1,1
33262,0,0
262,0,0
138612,0,0
94423,0,0
59643,0,0
44325,0,0
32630,0,0
137132,0,0
113977,0,0
143818,0,0
57365,1,1
84076,0,0
306,1,1
2181,1,0
135081,0,0
9721,0,1
98616,0,0
67596,0,0
74137,0,0
130160,0,0
90376,0,0
13426,0,0
101100,1,1
95907,0,0
99339,0,0
128320,0,0
101817,0,0
119346,0,0
22556,0,0
114644,0,0
124626,1,0
112724,0,0
4080,1,0
118919,0,0
20521,1,1
14430,0,0
117069,0,0
135791,0,0
143832,0,0
66978,0,0
35542,1,1
4955,0,0
26163,0,0
141311,0,0
10203,1,1
47934,0,0
46558,0,0
138253,0,0
38349,0,0
107182,0,0
48713,1,0
85506,0,0
97843,0,0
23451,0,0
109455,1,1
35663,0,0
85336,0,0
143871,0,0
68002,0,0
137114,0,0
81953,0,1
77273,1,1
31572,0,0
39310,0,0
91105,0,0
94837,0,0
49154,1,0
144277,1,0
76560,1,0
129158,1,0
23521,1,1
55923,0,0
136656,0,1
140825,0,0
107984,0,0
53746,0,0
130209,0,0
92904,0,0
122967,0,0
136244,0,0
55220,0,0
116865,0,0
27445,0,1
85234,1,1
145334,0,0
9728,0,0
44331,0,0
52521,1,1
122864,0,0
35681,1,1
141570,0,0
85633,1,0
53088,0,0
84551,1,1
123832,0,0
93120,0,0
138809,0,0
78487,0,1
56951,0,0
102867,0,0
71695,0,0
55238,0,0
134756,1,0
54709,0,0
127281,0,0
97336,0,1
117813,0,0
43149,0,0
141682,0,0
45736,0,0
9210,1,1
70341,0,0
133120,0,0
13170,0,0
138360,0,0
72840,0,0
25048,0,0
83673,1,1
56757,1,1
43191,0,0
37399,1,1
41443,0,1
59334,0,1
111130,0,0
126967,0,0
132193,0,0
18133,0,0
99720,0,0
24306,0,1
54398,0,1
139721,0,0
75148,0,0
70669,0,0
96509,0,0
36714,0,0
136040,0,0
22015,0,0
26413,0,0
127387,1,1
13197,1,0
106595,0,0
12577,0,0
27833,0,0
40677,0,0
93003,0,0
97002,0,0
110072,1,0
58940,0,0
101618,0,0
88403,0,0
52558,0,1
71014,1,0
58996,0,0
88928,0,0
30088,1,1
111002,1,1
77858,1,0
130514,0,0
142837,0,0
99090,0,0
142690,0,0
137182,0,0
123902,0,0
73142,0,0
20197,0,0
26485,0,0
67782,0,0
75500,1,0
46150,0,0
132796,0,0
108036,0,0
19029,0,0
62615,0,0
110942,0,0
126441,0,0
50094,0,0
53904,0,0
96309,0,0
67096,0,0
103887,0,0
119208,1,1
9168,1,1
31753,1,0
100967,0,0
49012,0,0
26429,0,0
65199,0,0
10645,0,0
95042,0,0
25557,0,0
87815,0,0
78802,0,0
82186,1,1
699,1,1
121333,1,1
36368,0,0
11938,1,1
46893,0,0
91362,1,1
35923,0,0
84889,1,1
15077,0,0
141763,0,0
34920,0,0
34964,1,1
86433,1,1
122514,0,0
78513,1,1
3916,0,0
106280,0,0
138902,0,0
112200,1,1
50735,0,0
21063,0,0
6691,0,0
129855,0,0
57405,0,0
130099,0,0
56000,1,1
130116,0,0
52609,0,0
53049,0,0
122725,0,0
42681,0,1
132246,0,0
14646,0,0
48330,0,0
96779,0,0
37636,0,0
133907,0,0
134202,0,1
103360,0,0
18654,0,0
133359,0,0
140919,0,0
126223,0,1
112404,0,0
126199,0,0
630,1,0
64122,0,0
122927,0,0
62094,0,0
89882,0,1
143968,0,0
81175,0,0
36670,0,0
39073,1,1
13138,0,0
62855,0,0
13668,0,0
95485,0,0
96974,0,0
113856,0,0
23777,0,0
83254,1,1
128402,0,0
16795,0,0
137664,0,0
110691,0,0
138722,1,1
137477,1,1
124225,0,0
99824,0,0
17342,0,0
114610,1,0
101472,1,1
54661,0,0
130051,0,0
130412,0,0
45984,0,0
88774,0,0
142639,1,0
113935,0,0
104449,0,0
16693,0,0
110106,1,0
119331,0,0
72475,0,0
1436,0,0
14151,0,0
21888,1,1
26946,0,0
32457,0,0
60655,0,0
139647,1,0
62959,0,0
20882,0,0
86106,1,0
124584,0,0
5532,0,1
97517,0,0
122457,1,1
121373,0,0
25514,0,0
98180,0,0
141420,1,1
123825,0,1
119474,0,0
4389,1,1
8533,0,0
140845,0,0
25400,0,1
43587,0,0
35200,0,0
48173,0,0
27181,0,0
89934,0,0
62738,1,1
79857,0,0
12228,0,0
45441,0,1
88019,0,1
29488,0,0
50417,0,0
142905,0,0
76645,1,1
29675,0,0
132184,0,0
24424,0,0
71318,0,0
23729,0,0
50857,0,0
9958,0,0
44620,0,0
120177,0,0
102805,0,0
8137,0,0
140143,0,0
97874,0,0
129947,0,0
99231,1,1
118451,0,0
44830,0,1
40332,0,0
60221,0,0
112688,0,0
65223,0,1
138394,0,0
103929,0,0
116070,0,0
121629,0,0
56627,1,0
72872,0,0
91039,1,1
76842,1,0
6284,0,1
60070,0,0
130828,0,0
72870,0,0
2346,1,0
21791,0,1
71757,0,0
54408,1,1
133159,0,0
67045,0,0
128230,0,0
100228,0,0
43123,0,0
74662,0,0
8217,0,0
98171,0,0
102370,0,0
42674,0,0
141679,0,0
99466,0,0
87639,0,0
122025,0,0
37408,0,0
111268,0,1
79873,0,0
79287,0,1
141860,0,0
26999,1,0
143861,0,0
127154,1,1
58452,0,0
29703,0,0
123418,0,0
2866,0,0
88749,1,1
56578,0,0
102939,0,0
30279,0,0
76145,0,0
3935,0,0
141797,1,1
106537,1,0
138476,0,0
108086,0,0
766,0,0
60478,1,0
112157,1,1
28665,0,0
100239,1,0
90898,1,1
141021,1,1
107621,0,0
51445,0,0
142344,0,0
44818,1,1
55650,0,0
30984,0,0
73270,0,0
103856,0,0
93454,0,0
135568,0,0
121437,1,1
53923,1,1
41231,1,1
118660,1,0
49734,0,0
66890,0,1
43335,0,0
120226,0,0
26932,0,0
31344,0,0
99386,0,0
56253,0,0
110997,0,0
115500,1,1
10693,0,0
34191,1,0
3186,1,1
76087,1,1
2996,0,0
27188,0,0
58168,0,0
82880,1,1
96179,0,1
72102,1,0
36952,0,0
2395,0,0
29304,0,0
33901,0,0
129750,0,0
136444,0,0
127923,0,0
11235,0,0
127051,1,0
2798,0,0
39449,0,0
8296,0,0
136523,1,1
78726,1,1
11502,1,1
32699,0,0
133543,1,0
134526,0,0
99047,1,0
110621,0,0
86699,0,0
103084,0,1
110110,1,1
66160,0,0
85804,0,0
115310,0,0
89133,0,1
104378,0,0
78579,0,0
29105,0,0
69356,1,0
3096,0,0
37737,0,0
121665,0,0
21186,0,0
46358,0,0
107237,0,0
70705,0,0
36955,0,0
112802,1,1
25521,0,0
4883,0,0
28100,0,0
14918,1,0
80142,0,0
71941,0,0
134500,0,0
70823,1,1
20498,0,0
101780,0,0
105902,0,0
39538,0,0
91344,0,0
17990,0,0
133744,0,1
121240,0,0
117009,0,0
81760,0,0
129735,0,0
117034,0,0
77044,1,1
86077,0,0
26123,1,1
28718,1,1
128762,0,0
50139,1,0
25217,1,0
35176,0,0
79117,0,0
112100,0,0
121745,0,1
8523,0,0
1802,0,0
18693,1,1
129821,0,0
119595,1,1
59335,0,0
109560,1,1
28175,0,0
36273,0,1
98504,0,0
114531,0,0
112833,1,0
144794,0,0
30161,0,0
62472,0,0
121546,0,0
74466,0,1
36618,0,0
72421,0,0
141798,0,1
125869,0,0
95919,0,0
122833,0,0
139915,0,0
88667,1,1
115339,0,0
129066,1,1
15507,0,0
71959,0,1
14505,0,0
48273,0,1
121078,1,1
116039,0,0
91435,0,0
11524,0,0
22842,0,0
37622,1,0
127156,1,1
5186,1,0
67204,0,0
26479,0,0
81540,0,1
143719,0,1
28174,0,0
78221,0,0
29029,0,0
122275,0,0
95920,0,0
107406,0,0
106249,0,0
137089,0,0
103224,0,0
65826,1,0
77727,0,0
90697,1,1
121839,0,0
3628,0,0
121641,0,0
62592,0,0
50779,0,0
72487,0,0
62817,0,0
49823,0,0
5209,0,0
39952,0,0
77220,1,1
34352,0,0
53273,1,1
14942,0,0
106713,0,0
76651,1,0
119138,0,0
104627,0,0
25614,0,0
80958,0,0
11477,1,1
24962,0,0
4833,1,0
83535,0,0
143337,1,0
96298,0,0
108059,0,0
111401,0,0
571,1,1
59673,0,0
21196,0,0
60955,1,1
83161,0,0
41245,0,0
53510,0,0
81826,0,0
72843,0,0
13920,1,1
142473,0,0
90517,1,0
110832,0,0
108952,0,0
136559,0,0
56424,1,0
125045,1,0
82405,0,1
78318,1,1
18630,1,1
33541,0,0
21331,0,0
70106,1,1
60537,0,0
16573,0,0
53482,0,0
32749,0,0
45263,0,0
53036,0,0
76127,1,1
96918,0,0
145026,0,0
81682,0,0
59524,0,0
101533,1,1
73458,0,0
76435,0,0
127434,0,0
111402,0,0
9597,0,0
11909,0,1
136285,0,0
109775,1,1
811,0,0
130446,0,0
8222,0,0
123973,0,0
136459,0,0
33337,0,0
73310,0,0
130996,0,0
126996,1,1
3113,0,0
83282,0,0
42884,1,0
112184,1,1
54472,0,0
31180,1,1
46929,0,0
81892,0,0
73693,0,0
57633,0,0
104987,0,0
101862,1,0
100781,1,1
106018,0,0
54726,0,0
27325,0,0
121702,1,1
6251,1,1
131740,0,0
133441,0,0
138340,0,0
39109,0,0
29746,0,1
100600,0,0
81437,0,0
114705,0,0
120087,0,0
27940,0,0
141674,1,0
66242,0,0
121968,0,0
73561,1,1
143785,1,0
84853,0,0
89366,0,0
123041,0,0
21041,1,0
47308,1,1
78132,0,0
78962,1,1
100195,1,0
117945,0,0
122634,0,0
59174,0,0
136241,0,0
10519,1,1
13486,0,1
89672,0,0
112206,1,0
17674,0,0
42152,0,0
117761,0,0
74794,0,0
111177,1,1
140432,1,1
38118,1,0
78134,0,0
32112,0,0
56099,0,0
13217,0,0
109300,0,0
75647,1,1
76445,0,0
23518,0,0
22503,0,0
1207,1,1
65364,0,0
72702,0,0
85989,1,1
130314,0,0
10247,0,1
13530,0,0
17213,0,1
108293,0,0
17542,0,0
36423,0,0
41518,0,0
91715,0,0
94061,1,1
12720,0,0
89553,0,0
131890,0,0
30765,0,0
125379,0,0
56539,0,0
29452,0,0
120075,0,0
119638,0,0
106511,1,0
93133,0,0
131993,0,0
29822,1,1
71910,0,0
46573,1,1
90883,1,1
117528,0,0
90634,0,1
128383,1,1
39113,0,0
139049,0,0
61680,0,0
91127,0,0
95230,0,0
80408,0,0
18236,1,1
110491,1,0
56357,0,0
135761,0,0
96625,0,0
4424,0,0
74493,0,0
13838,0,0
55300,0,0
28095,1,1
2858,1,0
14091,0,0
95833,0,0
126986,1,1
140373,0,0
34781,0,0
111223,1,1
18341,0,0
112665,0,0
30872,1,1
118798,0,0
27004,0,0
141326,0,0
6932,0,0
100271,0,0
42815,0,0
61660,1,1
117683,0,0
131940,0,0
65309,0,0
126005,0,0
30011,0,0
75016,0,0
76017,0,0
21192,0,0
28640,0,0
56032,0,0
77543,0,0
28673,0,0
95886,0,0
66046,1,1
70144,0,0
72085,0,0
84693,0,0
7933,0,0
43632,1,0
28039,0,0
88681,0,0
89643,0,0
77234,1,1
109429,0,0
91374,1,0
42224,0,0
25167,0,0
53464,0,0
38493,1,0
79538,0,0
143285,1,1
67422,0,0
95436,1,1
116357,0,0
130137,1,1
67011,1,0
100750,1,1
60339,0,0
73494,1,1
99383,0,0
97158,0,0
25951,1,0
49510,0,0
76219,1,1
67840,0,0
134843,0,1
50958,0,0
897,0,0
24252,0,0
55725,0,0
67038,0,0
118471,0,0
16758,0,0
22447,0,0
75589,0,0
37830,0,1
86027,0,0
121183,0,0
42383,0,0
126989,0,1
26079,0,0
63784,0,0
142470,0,0
11602,1,1
116853,0,0
35885,0,0
34065,0,0
91142,0,0
85686,0,0
121917,0,0
97776,1,1
111409,1,0
6560,0,0
4637,0,0
23417,0,0
36472,0,0
75394,0,0
80332,0,0
69010,1,0
65641,0,0
15160,1,0
58791,0,0
40824,0,0
1425,0,0
115998,0,0
97354,0,0
46541,0,0
45607,0,1
114205,0,0
87745,0,0
1924,0,0
124646,0,0
89149,0,0
118156,0,0
54301,1,1
73511,0,0
28289,0,0
48854,0,0
28435,0,0
19322,0,0
27538,0,0
59843,0,0
144362,0,0
19065,1,0
100918,1,1
2520,0,0
88123,0,0
75651,0,0
93142,1,1
106730,0,0
59911,0,0
141745,1,0
28103,0,0
79572,0,0
37451,0,0
77107,0,0
75701,0,0
100806,1,1
30030,0,0
62143,1,0
132100,0,0
134331,0,0
23245,0,1
139742,1,1
85113,0,0
102967,0,0
84838,1,1
118833,0,0
84069,0,0
135158,0,0
4680,0,0
56744,0,0
112430,0,0
61703,0,0
138045,0,0
64490,0,0
137588,0,0
35280,1,1
88344,0,1
93771,1,1
118269,0,0
114452,0,0
129039,0,0
129615,0,0
78818,1,0
96729,0,0
13884,0,0
37981,0,0
144541,1,0
56640,1,1
105960,0,0
117635,0,0
138189,1,1
61626,0,0
63573,0,0
143429,1,0
91967,0,0
25308,0,0
118764,0,0
21804,1,1
66789,0,0
115152,0,0
78631,0,0
91363,1,1
34113,0,0
123066,0,0
126806,0,0
119721,0,0
145036,0,0
33764,0,0
70238,0,0
38981,0,0
57297,1,0
49932,0,0
103326,0,0
10464,0,0
44871,1,1
5775,0,0
134271,1,0
128339,0,1
19591,1,0
48561,0,0
123709,0,0
49384,0,0
80013,0,0
73528,1,1
106825,0,0
73649,0,0
39467,0,0
99837,0,0
64172,0,0
16466,0,0
98050,0,0
2179,0,0
70236,0,1
14046,0,0
120416,1,0
65004,0,0
15667,0,0
5925,0,1
105160,0,0
118042,0,0
125806,0,0
44633,1,0
48573,0,0
51420,0,0
118237,0,0
9949,0,0
42663,0,1
79709,0,0
50992,0,0
43720,0,0
35300,0,0
132802,0,0
34561,0,1
44242,0,0
108009,0,1
15926,0,1
20529,1,1
36826,1,0
33130,0,0
16021,0,0
15014,1,1
65636,0,0
32273,0,0
10886,0,0
18201,0,0
53719,0,0
84909,0,0
18610,0,0
82262,1,0
20419,0,0
29237,1,0
25687,0,0
134928,1,1
5297,0,0
7634,0,0
127691,0,0
123425,0,0
22456,0,0
99015,0,0
134999,0,0
137528,0,0
130999,0,0
104562,0,0
76207,0,0
136302,0,0
55009,0,1
41413,0,0
101114,1,1
118890,0,0
91053,1,0
136808,1,0
71108,0,0
116056,0,0
94665,0,0
31860,1,1
38637,0,0
74224,0,0
115944,0,0
129237,0,0
101039,0,0
115880,0,0
110450,0,0
73316,0,0
57040,1,1
92548,1,1
93156,0,1
5627,0,0
69,0,0
132984,0,0
88318,1,1
142602,1,1
116938,0,0
140976,0,0
140652,0,0
129705,0,1
103440,0,0
123185,0,0
77678,1,1
137437,0,0
139412,0,0
27189,0,0
78982,1,1
62742,0,0
142006,0,0
61191,0,0
6565,1,0
133840,1,0
65859,0,0
3516,0,0
124885,0,0
47079,0,0
142590,0,0
116804,0,0
108205,0,0
82793,0,0
51951,0,0
96830,0,0
100218,0,0
129094,0,0
103601,0,0
46237,0,1
66634,0,0
75071,0,0
97021,0,0
42793,0,0
56837,0,0
54847,0,0
89260,1,1
117969,0,0
120498,0,0
71436,0,0
78438,0,0
62200,1,0
61398,0,0
113129,1,1
52332,1,0
88668,0,1
953,0,0
45975,1,1
14424,0,0
16625,1,1
34721,0,0
1414,0,0
17029,0,0
124986,0,0
98719,1,1
116963,0,0
119321,0,0
65925,0,0
63799,0,0
72324,0,0
88685,1,1
17690,0,0
120364,0,0
33377,0,0
83580,0,0
114513,0,0
13686,0,0
85926,0,0
18254,0,0
100256,0,0
65080,0,0
106204,0,0
113528,1,1
118951,0,0
22475,0,0
50320,0,0
46505,0,0
1125,1,1
7852,0,0
121661,1,1
17953,0,0
141491,0,0
74193,0,0
85778,0,0
29728,0,0
71514,0,0
1175,0,0
66102,1,1
139653,1,0
14097,0,0
27120,0,0
67785,0,0
33724,0,0
125586,0,1
68835,0,1
108198,1,0
76782,0,0
33584,0,0
77374,1,1
56079,1,0
144914,0,0
85785,0,0
118846,0,0
77468,1,0
75691,0,0
11387,0,0
121631,0,0
22517,0,0
18627,1,1
126049,0,0
76845,1,1
62433,0,0
105401,0,0
72383,0,0
48249,0,0
23822,0,1
31803,0,0
6859,1,0
89354,0,1
121207,0,0
86913,0,0
89374,1,1
145356,0,0
19037,1,0
11014,0,0
18188,1,0
131612,0,0
99018,0,0
6235,0,0
7795,0,0
65640,0,0
23185,0,0
99685,0,0
104085,0,1
114069,0,0
21012,0,0
65335,0,0
73863,0,0
106254,0,0
13265,0,0
8920,0,0
98020,0,0
118059,0,0
142067,1,1
16775,0,0
100290,0,0
101434,1,0
55119,1,0
130908,0,1
94521,1,1
66527,0,0
62291,0,0
67057,0,0
31282,1,0
94198,0,0
133980,1,0
67454,1,1
11946,1,1
30735,0,0
4850,1,1
118360,0,0
30619,1,0
103930,0,0
130546,1,0
37186,0,0
98707,0,0
76341,0,0
116006,0,0
124740,0,0
13707,0,0
99698,0,0
7327,0,0
101845,0,0
126040,0,0
57211,0,0
48752,1,0
143502,0,0
95074,0,0
1691,0,0
138332,0,0
44569,0,0
135607,0,0
124559,0,0
12652,1,0
78890,0,0
81378,1,0
8123,0,1
145090,0,0
4058,0,0
26659,0,0
9141,0,0
130310,1,0
135842,0,0
59,0,0
77820,0,0
142076,0,1
133752,0,0
17604,0,0
114037,0,0
94646,0,0
123882,0,0
35743,1,1
107456,0,0
84249,0,0
29236,0,0
51785,0,0
71882,1,0
83653,0,1
128653,1,1
93933,0,0
118942,1,1
26856,0,0
18795,0,0
47119,1,0
143945,0,0
78666,0,0
107329,0,0
20045,0,0
134452,0,0
54911,0,0
101188,1,1
63897,0,0
80157,0,0
109219,0,0
60779,0,0
52474,0,0
88587,1,0
123187,0,0
123910,0,0
43270,0,0
95196,0,0
2626,1,1
104407,1,0
15477,0,0
24994,0,0
88316,1,1
50835,1,1
429,0,0
65104,0,0
37870,0,0
115680,0,0
71335,0,0
145147,0,0
139378,1,0
110092,0,0
56208,1,0
103131,0,0
43656,1,0
30902,0,0
93416,1,1
2385,0,0
777,0,0
137842,0,0
4060,1,1
116294,0,0
36195,0,0
14224,0,0
33294,0,0
76752,0,0
50051,1,1
4416,1,0
6264,0,0
143940,0,0
89155,0,0
1859,1,0
45953,0,1
130905,1,1
54705,0,0
44878,0,0
71089,0,0
39367,0,0
31354,1,1
3260,0,0
50111,0,0
62405,0,0
75567,0,1
64090,0,0
38416,1,1
119379,0,0
143890,0,0
81419,0,0
50482,0,0
100841,1,0
35066,1,0
84013,1,0
6802,0,0
105815,0,0
101534,0,0
113079,0,0
32761,0,1
64426,1,1
2455,0,0
15181,0,0
106636,0,0
129191,1,0
72502,1,0
30798,0,0
71029,0,0
76519,1,0
20312,0,0
55625,0,0
112387,0,0
103195,0,0
47196,0,0
123363,0,0
139269,1,1
92804,1,0
46662,0,0
119012,0,0
1000,0,0
47331,0,0
60965,1,1
90381,0,0
90687,0,0
78997,0,0
93448,0,0
96926,0,0
19944,0,0
30390,0,0
142121,0,1
118164,0,0
30268,0,0
76455,0,1
142863,0,0
7042,0,0
20781,0,0
14663,1,1
131747,0,1
101062,0,0
123653,0,0
100305,0,0
137604,1,0
140689,0,0
104269,0,0
35435,0,0
75173,1,1
32339,0,0
109626,0,0
34749,1,1
90012,0,0
88853,1,1
103070,0,0
78265,0,0
5020,0,0
120853,0,0
51851,0,0
131354,0,0
55072,1,0
79347,0,0
143023,0,0
28063,0,0
112115,0,0
16520,1,0
136044,0,0
19810,0,0
126344,0,0
88249,0,0
58178,0,0
4282,0,0
141571,0,0
65975,0,0
79152,0,0
43557,1,0
57388,0,0
137894,1,0
33415,0,0
111310,1,0
18976,1,1
2785,0,0
16886,0,0
44959,0,0
65334,0,0
2587,0,0
25517,0,0
40386,0,1
131879,0,0
5657,0,0
39604,0,0
126097,1,1
69406,1,0
114785,0,0
130293,0,0
19466,1,0
117936,0,0
17516,1,1
32970,0,0
70925,0,0
101449,0,0
138666,0,0
73390,0,0
124663,0,1
63605,0,0
125627,0,0
54082,0,1
106176,1,0
42521,1,0
1642,1,0
134762,0,0
16440,0,0
17847,0,0
102472,0,0
121636,0,0
40819,0,0
82219,0,1
133431,0,0
45957,0,0
142204,1,0
110796,0,0
140295,0,1
67084,0,0
51842,0,0
76081,1,1
84488,0,0
125587,0,0
126083,0,0
128434,0,1
8940,0,0
3250,0,0
78002,0,0
58040,0,0
12106,0,0
105539,0,0
28370,0,0
132461,0,0
85598,0,0
104911,1,1
20858,0,0
112779,1,0
40731,0,0
86765,0,0
68980,0,0
1765,0,0
8156,0,0
135679,0,0
121021,1,1
136343,0,0
136132,1,0
3206,0,0
32756,0,0
13470,0,0
93790,0,0
100075,1,1
22706,0,0
16306,0,0
22153,0,0
20984,0,1
31635,1,1
41385,0,0
30471,0,0
60928,0,0
45228,0,0
71658,0,0
64077,0,0
7316,0,0
93225,0,0
97197,0,0
111159,1,1
82969,1,1
144274,0,0
23825,1,1
125835,0,0
7259,0,0
122403,0,0
139585,0,0
24220,0,0
18403,0,0
43636,0,0
100392,0,0
33150,0,0
18312,0,1
78672,0,0
131815,0,0
118349,0,0
12543,0,0
49977,0,0
54502,1,1
1473,0,0
4748,0,0
92696,0,0
43255,0,0
41722,1,1
19419,0,0
7054,0,0
78057,0,0
13343,0,0
18977,1,1
8606,0,0
33356,0,0
54621,0,0
94581,0,0
43918,0,0
109912,0,0
9110,0,0
39959,0,0
113526,0,0
53899,1,1
63623,0,0
105411,0,0
99681,0,1
42665,0,0
134342,1,1
13051,0,0
72438,0,0
11964,1,1
109713,0,0
60908,0,0
96367,0,0
74711,1,1
100395,0,0
128233,0,0
51709,0,0
81139,0,0
15138,0,0
6337,0,0
96325,1,1
83918,1,1
114523,1,0
92379,1,0
62697,0,0
99537,0,0
31321,0,0
73599,0,0
22983,1,0
133729,1,0
139292,1,1
79867,1,0
22418,1,0
92650,0,0
53950,0,0
23626,1,0
107829,1,0
49566,1,1
39808,0,0
66354,0,0
59827,0,1
94007,1,1
86884,0,0
119504,1,1
38678,1,0
58092,0,0
97749,1,1
11871,0,0
4805,0,0
134754,0,0
19526,0,0
26766,0,0
30344,0,0
131686,1,0
51564,0,0
47161,0,0
105156,0,0
131596,0,1
72511,0,0
24274,0,0
101899,0,0
113002,0,0
65351,0,0
57408,0,1
123191,0,0
87514,0,0
12751,0,1
137542,0,0
102514,1,1
80888,0,0
96613,0,0
49866,0,0
71928,1,1
140609,0,0
73952,0,0
88930,1,1
105997,0,0
52350,0,0
81994,1,1
85418,1,1
44921,0,0
121847,0,0
129957,0,0
23467,1,1
116008,0,0
136980,0,0
111108,0,0
94462,0,0
131545,0,0
22948,0,0
26844,0,0
92126,0,0
34794,0,0
47286,0,0
9479,1,1
135468,0,1
142628,1,1
68799,0,0
81291,0,0
68813,0,0
49258,0,0
108132,0,0
34883,0,0
119447,0,0
95965,0,0
41954,0,0
132444,0,0
50531,0,0
108402,0,0
106296,0,0
123930,0,0
103797,1,1
77916,0,0
20702,0,0
1291,1,1
121776,0,0
127516,0,0
117914,0,0
28951,0,0
49337,0,0
86687,1,1
49906,0,0
70663,0,0
82098,1,1
24613,0,0
7264,0,0
101056,0,1
136425,0,0
123692,0,0
29413,0,1
101505,0,0
78035,0,0
38580,0,0
37129,0,0
62799,0,0
102337,0,0
45985,0,0
57636,0,0
119659,0,0
44696,0,0
2847,1,0
93680,1,1
92322,0,0
137084,0,0
99960,0,0
10090,0,0
19682,0,0
137657,0,0
30693,0,0
53492,0,1
152,0,0
62464,1,0
97260,0,0
47539,0,0
37055,0,0
100040,0,0
68468,0,0
95239,0,0
97223,0,0
23230,0,0
131892,0,0
27603,1,0
14935,0,0
1966,0,0
92142,1,0
123476,0,0
56681,0,0
79759,0,1
118206,0,0
119137,0,0
78122,0,0
46299,1,0
26751,0,0
138315,0,0
125273,0,1
139554,0,0
108889,0,0
90113,0,1
117482,1,1
144705,0,0
11564,1,1
93374,0,0
21325,0,0
44763,0,0
58906,0,0
47878,0,0
20542,0,0
54504,1,1
140058,0,0
78616,0,0
121125,0,0
140814,0,0
37030,0,0
33272,1,1
10990,0,0
131137,0,0
22916,0,0
87398,0,0
38846,1,1
118564,0,0
52367,1,0
78382,0,0
86563,0,0
87140,0,0
134953,0,0
50177,1,1
131510,1,1
120337,0,0
58369,0,0
70139,0,0
132493,0,0
34161,1,1
117288,1,1
103336,0,0
122331,0,0
104107,0,0
55943,0,0
74744,0,0
38915,0,0
137600,0,0
58116,0,0
101976,0,0
14737,0,1
9453,1,1
60018,0,0
54538,0,0
137135,0,0
90775,0,0
83401,0,0
63379,1,0
101990,0,0
93829,1,0
42679,1,0
8585,0,0
7084,0,0
144366,0,0
139377,0,1
47152,0,0
14657,0,1
36757,0,0
120925,0,0
130420,0,0
105831,0,0
74657,0,0
28738,0,1
13866,0,0
39825,0,0
80891,0,0
89112,0,0
35375,1,0
66522,0,0
54629,1,1
32971,0,0
104383,0,0
112474,1,0
16862,0,0
68154,1,1
29758,0,0
90276,0,0
82410,0,0
41556,0,0
129138,1,0
132651,1,0
89729,0,1
6958,0,0
23139,0,0
122291,0,0
100471,1,1
86362,0,0
45448,1,1
139086,0,0
2566,0,0
66268,0,1
34135,0,0
111629,0,0
127142,0,0
100634,0,0
73903,1,1
122208,0,0
42297,0,0
95609,0,0
120064,0,0
76947,0,0
41342,0,0
60407,0,0
101867,1,1
75161,1,1
136541,0,0
21062,0,0
45164,0,0
11828,0,0
129533,0,0
95749,0,0
26830,0,0
125407,0,0
103633,0,0
75468,1,1
67208,1,0
89003,1,1
60009,1,1
141752,1,1
39635,0,1
17581,0,0
104913,1,1
45805,0,0
54706,1,1
37614,0,0
142825,0,0
117225,0,0
109371,0,0
22968,0,0
101556,0,0
84435,0,0
81479,0,0
35893,0,0
84284,0,1
86980,0,0
49523,0,0
80666,1,0
62443,0,1
21820,0,0
112526,0,0
46509,0,0
38868,1,0
9708,0,0
54032,0,0
92637,0,0
82778,0,0
55704,0,0
43139,0,0
21606,0,0
114334,0,0
73539,0,1
121232,0,0
19946,1,0
136817,1,0
52693,1,1
132562,0,1
115267,1,1
91250,1,1
66980,0,0
63281,0,0
80047,0,0
31366,0,0
98650,0,0
25406,0,0
24688,0,0
20432,0,0
120863,0,0
140549,0,0
13295,0,0
19464,0,1
132785,0,0
127552,0,1
122964,0,0
121441,0,0
28548,0,0
30282,0,0
112725,0,0
79280,1,1
45655,0,0
127246,1,0
86562,1,1
125321,0,0
79524,1,1
51157,0,0
128450,1,1
115483,1,1
109527,0,1
137951,0,0
53591,0,0
38549,0,0
49317,1,0
64922,0,0
68415,0,0
124248,0,0
25093,0,1
4738,0,0
109031,0,0
113956,0,0
23831,0,0
119733,0,0
46604,0,1
97811,0,0
10040,0,0
133635,0,0
110008,0,0
107695,0,0
73446,0,0
53653,0,0
104009,0,0
20066,0,0
129987,1,1
143680,0,0
77626,1,1
133865,0,0
30600,1,1
134516,1,1
217,0,0
56610,0,0
51927,1,1
74487,0,0
135133,0,0
69008,0,0
74927,0,0
23295,1,1
141748,1,0
136623,0,0
8748,0,0
141316,0,0
40552,0,0
101071,0,1
101752,0,0
18296,0,0
51804,0,0
46417,0,0
87192,0,0
21132,0,0
15378,0,0
134012,0,1
44608,0,0
134685,1,1
84019,0,0
130891,1,0
117334,0,0
117046,0,0
68796,0,1
106786,0,0
39967,1,1
41265,0,0
19167,1,1
34206,0,0
79231,0,0
96435,0,0
87127,0,0
40146,1,1
49318,1,1
4406,0,0
17189,1,0
44560,0,1
136705,0,0
61037,0,0
7589,0,0
27666,0,0
69472,1,1
106248,0,0
26060,0,0
28163,0,0
5046,0,0
13174,0,0
21475,0,0
22127,0,0
81356,0,0
95222,0,0
107457,0,0
104917,0,0
105833,0,0
130020,0,1
29428,0,0
87345,0,0
59553,0,0
35464,0,0
35331,1,0
63284,0,0
65432,0,1
79321,0,0
56867,0,0
120928,0,0
35701,1,0
58902,0,0
105989,0,0
92827,0,1
101887,0,0
71393,1,0
87409,0,0
18498,0,0
112591,1,1
41798,0,0
89806,0,0
140545,0,0
6875,0,0
61104,1,1
36112,0,0
6843,0,0
142633,1,1
77588,0,0
87888,1,0
56704,1,1
143531,0,0
81612,0,0
125260,1,0
122324,0,0
61396,0,0
110735,0,0
58630,0,0
132630,0,0
45230,1,0
51652,1,0
137045,0,0
42264,0,0
92770,0,1
45534,0,0
19061,0,0
20756,0,0
24146,0,0
118467,1,0
46716,1,1
89700,0,0
43495,1,0
74455,0,0
76539,1,1
20700,0,0
59184,1,0
104370,0,0
66599,0,0
4946,0,0
21460,0,0
7684,0,0
31358,0,1
136772,0,0
125311,0,0
56798,1,1
67284,0,0
9493,1,1
120499,0,0
94921,0,0
6125,0,0
9392,1,0
117978,0,0
109543,0,0
62909,1,1
122661,0,0
28528,0,0
112889,1,1
109491,1,0
58497,1,1
73687,0,0
85566,0,0
144479,0,0
24158,0,0
108610,0,0
14826,0,0
75137,1,1
35042,0,0
5709,0,0
34375,0,0
96455,0,0
74092,0,0
109638,0,0
9289,0,0
633,1,1
103463,0,0
120665,1,1
78225,1,1
14687,0,0
136935,0,1
142133,0,1
18570,0,0
47373,0,0
140173,0,0
28499,0,0
6463,0,0
137165,0,0
57268,0,0
77123,0,0
122417,0,1
81228,0,0
21621,1,0
103164,1,1
59567,0,0
124838,0,0
72853,0,1
79931,0,0
121222,0,0
121463,0,0
81979,0,0
131450,0,0
139795,1,0
30994,0,0
88194,0,0
105427,0,0
76819,0,0
26904,0,0
70480,0,0
136922,1,0
115304,0,0
92567,0,0
135298,0,0
131024,0,0
122245,0,0
86348,0,0
1833,0,0
57605,0,0
131266,0,0
64204,0,0
102628,0,0
80329,1,1
13989,0,0
36734,0,0
20923,0,0
106347,0,0
58494,0,0
107031,0,0
28149,0,0
27180,0,0
111219,0,0
32301,0,0
36683,0,1
39946,1,0
20291,1,1
1113,0,0
123651,0,0
16972,0,1
88816,0,0
124936,0,0
102761,0,1
32080,0,0
126449,1,1
126315,0,0
125232,0,0
11543,0,0
144944,0,0
100617,1,0
46939,0,0
109677,0,0
91752,0,0
126622,0,0
52587,0,0
91441,1,1
16456,1,1
113747,0,0
73627,0,0
75880,0,0
23807,1,0
118842,0,0
6633,0,0
103006,0,0
29477,0,0
78749,0,0
9791,0,0
62147,0,0
4329,0,0
35589,0,0
131757,0,0
62367,0,0
100264,0,0
103288,0,0
90003,0,0
26850,0,0
44321,1,1
62886,0,0
25583,1,0
74303,0,0
123184,0,0
27468,0,0
86956,0,0
117151,0,0
3709,1,0
37095,0,0
64197,0,0
30180,1,1
13623,0,0
15494,0,0
3665,0,0
2561,0,0
90136,1,0
128817,0,1
52647,0,0
3897,0,0
79531,0,0
129413,1,1
102708,1,1
134626,0,0
76694,1,1
19348,0,0
60909,1,1
116637,1,0
17149,0,0
101371,1,0
130277,1,0
80588,0,1
6069,0,1
116087,0,0
19800,1,0
31759,0,0
51489,0,1
139814,0,0
47257,0,0
26734,0,0
37784,0,0
141808,0,0
94971,1,0
75421,1,0
117282,0,0
83615,0,0
28952,0,0
20180,1,0
141062,1,1
103870,0,0
130145,0,0
53437,1,1
139651,0,1
83638,1,1
67117,0,0
7621,0,0
105010,0,0
121913,0,0
111996,0,0
94179,0,0
29569,0,0
77462,0,0
129199,1,0
53549,0,0
104421,0,0
103625,0,0
70073,1,0
141083,0,0
110118,0,0
10859,0,0
66886,0,0
13059,0,0
132624,1,1
120518,0,0
57095,0,0
109467,1,1
83650,1,1
63544,0,0
108923,1,1
102178,0,1
107458,0,0
31349,0,0
43047,0,0
50281,0,0
42948,0,1
139321,1,1
84132,1,0
47860,0,0
3121,0,0
7943,0,0
75176,0,0
33463,0,0
53054,0,0
55612,0,0
67362,0,0
67123,1,0
72571,0,0
117524,0,1
108006,0,0
89024,0,0
117960,0,0
17614,0,0
4043,0,0
92908,1,1
7450,0,0
140047,1,1
77467,1,0
81417,0,0
82968,0,0
127449,0,1
129172,0,0
22328,0,0
115299,0,0
143642,0,0
23039,1,1
16442,0,0
49144,0,0
79320,0,0
73356,0,0
113095,0,0
57780,0,1
141330,0,0
64514,1,0
74329,1,0
10784,0,0
83963,0,0
10979,0,0
4351,0,0
92664,0,0
41371,0,1
129303,0,0
107627,0,0
58144,0,0
141427,0,1
15163,0,0
46098,0,0
101737,0,0
67744,0,0
31499,1,0
49289,1,0
102476,1,1
102264,0,0
52726,0,0
142030,0,0
73247,0,0
6438,0,0
136546,0,0
25730,0,0
31697,0,0
134520,0,0
36959,1,1
105679,0,0
66413,0,0
76844,0,0
46989,0,0
30222,0,0
143893,0,0
108694,0,0
19142,1,0
106000,0,0
2972,0,0
83297,1,0
88626,0,0
5884,0,0
11342,0,0
136909,0,0
12477,1,0
33027,0,0
60565,0,0
39348,1,0
11950,1,0
30717,1,1
88391,0,0
29246,0,0
133882,1,0
8401,0,0
62100,0,0
144740,0,0
52297,0,0
68721,1,0
12283,0,0
113497,0,0
93493,0,0
91350,1,1
97049,0,0
47145,0,0
26556,0,0
40297,0,0
91697,1,1
87222,0,1
77760,0,0
15462,0,0
83144,0,0
34728,0,0
48315,0,0
85219,0,0
20108,0,0
135292,1,0
132623,0,0
44281,0,0
47469,0,0
140081,1,1
26809,0,0
63285,0,0
62054,0,1
120971,0,0
55998,0,0
37012,0,0
119388,0,0
101685,0,0
141741,1,0
66336,1,0
11008,0,0
4856,0,0
66787,1,1
71015,0,0
34231,0,0
84713,0,0
21351,0,1
101413,0,0
125455,0,1
123235,0,0
6573,0,0
61060,0,0
98059,0,0
92426,1,1
128704,1,0
47334,0,0
12804,0,0
103879,0,0
51498,0,0
78127,0,0
51043,0,0
137061,0,0
42086,1,0
75681,1,0
50277,0,0
115108,0,0
57558,1,1
84283,1,1
51757,0,0
91243,0,0
81846,0,0
135436,0,0
25934,0,0
92000,0,0
131517,0,0
7039,0,0
73246,0,0
31027,0,0
136365,0,0
141245,0,0
56613,0,0
103780,0,0
122459,1,1
29381,0,0
67083,0,0
5536,1,1
123966,0,0
24050,0,0
79077,0,0
58933,0,0
54228,0,0
124378,0,0
98498,0,1
58871,1,0
88573,0,0
2526,0,1
123430,1,1
123954,0,0
72644,0,0
86314,1,1
33549,0,0
21299,1,0
108089,0,0
19684,0,0
144292,0,0
113836,0,0
19613,1,0
114637,0,0
137926,0,0
119899,1,1
81594,1,1
134524,0,0
67866,1,1
20354,0,1
47662,0,0
101185,1,0
4709,0,0
49643,0,0
129713,1,1
140997,1,0
89904,0,0
111842,1,1
133422,0,0
115572,0,0
1452,0,0
28575,0,0
7443,0,0
55339,0,0
8648,0,0
34243,0,0
115518,0,1
143530,0,0
48316,0,0
111500,0,0
76646,1,1
140625,0,0
37900,0,0
16608,0,0
131763,1,0
67506,0,0
102736,1,0
38148,0,0
28911,0,0
127810,0,0
110740,0,0
55304,0,1
64209,0,0
139751,1,1
43048,0,0
73749,0,0
25298,1,1
11188,0,0
58536,0,0
11403,0,0
111847,0,1
83910,1,1
84592,1,0
141413,1,1
67609,0,0
45069,1,1
77502,0,0
118099,0,0
48715,1,0
3342,0,0
134599,0,0
140749,1,1
44740,0,0
145226,0,0
92835,0,0
35094,0,0
37973,0,0
48127,0,1
76979,0,0
117119,0,0
84277,1,0
54862,0,0
89896,1,0
20571,1,0
124857,0,0
102384,0,0
114692,0,0
87872,0,1
26462,1,0
125384,0,0
104943,1,0
67884,0,0
51464,0,1
78639,1,1
32767,0,0
14148,0,0
30782,0,0
108937,0,0
77207,1,1
22812,1,0
115392,0,0
24296,0,0
19812,1,1
138031,1,0
58345,0,0
73881,1,1
21376,1,0
49376,0,0
122337,0,0
126030,0,0
79575,1,1
64429,0,0
49918,0,0
99818,1,0
25907,0,0
95368,0,0
9541,0,0
72273,0,0
87170,0,0
59295,1,1
23399,0,0
15145,0,0
98408,0,0
128007,0,0
5412,0,0
22778,0,0
47124,0,0
87904,0,0
34689,0,0
103289,0,0
8743,0,0
26780,1,1
16791,0,0
5929,1,0
80532,1,1
128243,1,1
144080,0,0
38218,0,0
131799,0,0
4123,0,0
138003,0,0
140136,0,0
35329,0,0
16122,0,0
109259,1,1
26517,0,0
137896,0,0
128669,0,0
109242,1,0
77860,1,1
24517,1,0
111878,0,0
49228,0,0
73419,0,0
74581,0,0
112219,0,0
79256,0,0
53934,0,0
56018,1,1
139514,0,0
116148,0,0
105640,0,0
126041,0,0
17135,0,0
80807,0,0
143630,1,0
78555,0,0
80558,0,0
23247,0,0
124785,0,0
82080,0,0
128045,1,1
86122,0,0
25818,0,0
92041,0,0
81120,0,0
127404,1,0
50426,0,0
54099,0,0
72978,0,0
33585,0,0
24461,0,0
104110,0,1
32270,0,0
7639,0,0
104737,0,0
66947,1,1
63506,0,0
108394,0,0
68253,1,1
31484,1,1
100417,0,1
64979,1,1
103987,0,0
141100,1,1
84504,0,0
35822,0,0
32732,1,1
99024,0,0
12290,0,0
74608,0,1
63418,0,0
27021,0,0
109662,0,0
74817,0,0
109748,0,0
53818,0,0
95813,1,1
116561,0,0
46002,0,0
14841,0,0
9380,0,0
100507,0,0
61766,0,0
58732,1,1
102862,0,0
112542,1,1
70258,1,0
34627,1,1
127218,0,0
81551,0,0
25546,0,0
128628,0,0
107103,0,0
76328,1,1
67260,0,0
299,1,1
141593,0,0
128016,1,0
74447,0,0
91779,0,0
88174,0,0
143843,0,0
27945,0,1
10187,1,1
1771,0,0
129733,1,1
26505,0,0
21859,0,0
103177,0,0
9829,0,0
39544,0,0
141410,1,1
72292,0,1
137700,0,0
86871,0,0
100912,0,0
38639,1,1
97042,0,0
75103,0,0
144491,0,0
55003,1,0
128202,1,1
33054,1,0
126870,0,0
135650,1,1
88261,0,0
101539,1,0
91531,0,0
81498,0,0
144178,1,1
120026,0,0
110367,0,0
86416,0,0
20311,1,1
120735,0,0
3350,0,0
85745,0,0
40855,0,0
131297,1,0
125878,0,0
79135,1,0
60401,0,0
66719,0,0
117987,0,0
68719,0,0
100412,1,1
128019,1,1
95940,0,0
131641,0,0
129950,1,0
47062,0,0
8746,0,0
83276,0,0
124188,0,0
122813,0,0
60627,0,0
50997,0,0
23695,0,0
106060,0,0
126147,0,1
918,0,0
12055,0,0
111830,0,0
72161,0,0
82460,0,1
109169,0,0
143089,0,0
29241,1,1
20823,0,0
43058,0,0
35605,0,0
137000,0,0
35591,1,1
130384,0,0
55667,0,0
108102,1,0
82089,0,0
122883,0,0
133701,0,0
136108,0,0
112656,1,0
90953,0,0
934,0,0
64793,1,0
60721,0,0
60283,1,1
70425,0,0
10239,0,0
144250,0,0
13219,0,0
18318,1,0
23722,0,1
119132,0,0
7563,0,1
34587,0,0
110512,0,1
92103,1,1
101875,0,0
143217,0,0
2401,0,0
64225,0,0
5123,0,0
124763,0,0
63952,0,0
24382,0,0
127523,0,0
75129,0,0
105416,0,0
105733,0,0
103105,0,0
144102,0,0
112869,1,0
18668,1,1
107941,0,0
100960,0,0
34922,0,0
133551,0,0
41462,0,0
20954,0,0
89853,0,0
93008,0,0
54411,1,0
66643,0,0
117705,0,0
111072,0,0
39040,0,0
132997,1,1
9747,0,0
122334,0,0
80064,1,0
88720,1,0
11486,0,0
37855,1,0
144831,0,0
62061,0,0
68794,0,0
97034,0,0
24159,0,0
26461,0,0
15162,0,0
93632,0,0
42635,0,0
77077,0,0
37929,0,0
138226,0,0
37254,0,0
2212,0,0
7126,0,0
101808,0,0
14076,0,0
27001,0,0
79076,0,0
33857,0,0
124796,0,0
141921,0,0
34196,1,1
30474,0,0
7338,0,0
34949,0,0
26786,0,0
110191,1,1
28001,0,0
114503,0,0
13819,0,0
75590,1,1
60936,0,0
741,0,0
41726,0,0
98072,0,0
52435,0,0
9249,0,0
59743,1,1
81063,0,0
135565,0,0
6761,0,0
25485,0,0
90070,1,0
36421,0,0
104861,0,0
95594,0,0
49800,0,0
18072,0,0
69160,0,0
140137,0,0
133382,0,0
5751,1,0
17538,0,0
33691,1,1
116105,0,0
142793,0,0
2784,0,0
107412,0,0
126991,1,1
130438,0,0
118472,0,0
142024,0,0
53458,0,0
90448,0,0
29440,0,0
4283,0,0
1484,0,0
129374,0,0
144150,0,0
47596,0,0
131470,0,0
91500,0,0
143636,0,0
81898,0,0
76542,0,0
73855,1,0
103809,0,1
62503,1,0
131232,1,1
13845,0,0
37652,1,1
42428,1,1
69999,1,0
12001,1,0
93543,0,0
23789,0,1
13462,0,0
115524,0,1
64274,0,0
87299,1,1
13539,0,0
89381,0,0
143291,0,1
55265,0,0
2902,0,0
70277,0,0
144193,0,0
90975,1,1
137476,1,1
17527,1,0
121878,0,0
77618,1,1
22058,1,1
102008,0,0
123623,0,0
55332,0,0
110835,0,0
39277,0,0
104676,0,0
9706,1,1
117598,0,0
108149,0,0
35549,0,0
89144,0,0
114800,1,1
20822,1,1
82431,0,0
130283,0,1
97871,0,0
86451,0,0
31851,0,0
97979,0,0
134779,0,0
131017,1,1
121187,0,0
49074,0,0
93910,0,0
126944,1,1
106317,0,0
57337,1,0
65157,0,0
142889,0,0
78061,1,1
5323,0,0
87750,0,0
124841,0,0
18950,0,0
137101,0,0
51278,0,0
40821,0,0
61602,0,0
104375,0,0
1655,0,1
112348,0,0
96276,0,0
109782,0,0
9473,1,1
20418,0,0
94859,0,0
121168,0,0
69035,0,0
10107,0,0
17178,0,0
53259,0,0
16497,0,0
130971,0,0
31315,1,0
137319,0,0
78197,0,0
136722,0,0
45799,0,0
142914,0,0
22790,0,0
63909,0,0
86437,0,0
118066,0,0
118741,0,0
114926,0,0
37120,1,1
33335,0,0
75321,0,0
69183,0,0
125216,1,0
94386,0,0
115029,0,0
85024,0,0
56565,0,0
101651,0,0
12472,0,0
84481,0,0
117964,0,0
65256,0,0
82295,0,1
36030,0,0
127568,0,0
35301,1,1
141551,0,0
19527,1,0
63920,0,1
41590,0,0
36336,1,1
67868,0,0
101286,0,0
106058,0,0
62030,0,0
81884,1,1
24694,0,0
135708,0,0
74275,0,0
135870,1,0
96760,0,0
46894,0,0
96744,1,1
123218,0,0
129934,0,0
4137,1,1
98758,0,0
35118,0,0
122570,0,0
82306,1,1
20328,0,0
49783,0,0
57772,1,1
52158,0,0
112461,1,1
111242,1,1
8517,0,0
133545,0,0
5497,0,1
123700,0,0
123739,0,0
91589,0,0
12033,0,0
6366,0,0
83231,1,1
90015,1,0
145416,0,0
65941,0,0
84370,0,0
50202,0,0
6270,0,0
96072,0,0
128060,1,1
8434,1,0
89807,0,0
67812,1,0
29198,0,0
27305,1,0
127036,1,1
92163,0,0
81943,0,0
89041,0,0
35332,0,0
119980,0,0
122160,0,0
118159,1,1
68593,1,1
78511,0,0
81102,0,0
74401,0,0
20360,0,1
53661,1,1
109066,0,0
72848,0,1
36520,0,1
124993,0,0
78406,0,0
30791,0,0
90313,1,0
108342,0,0
115607,0,0
143314,0,0
22675,0,1
84274,0,0
35153,0,0
77135,0,0
26078,0,0
124552,0,0
99783,1,1
96722,0,0
106545,0,0
25728,0,0
136348,0,0
104832,0,0
92841,1,1
65378,1,1
86213,1,0
70509,1,0
28829,0,0
98654,0,0
94824,1,0
78205,0,0
16897,1,0
86026,0,0
61601,0,0
19474,0,1
111586,0,0
40374,1,0
24835,0,0
86260,0,0
45304,0,0
135779,0,0
9328,0,0
87669,1,1
134153,0,0
53595,0,0
26594,0,0
83248,0,1
87816,1,0
95577,0,0
20682,0,0
138322,0,0
114125,0,0
79353,1,1
57724,0,0
70949,0,0
77659,0,0
66663,0,0
39324,0,0
60529,0,0
89261,0,1
106036,1,1
10077,0,0
109092,0,0
115172,0,1
57381,0,0
114051,1,0
54211,0,0
52926,0,0
31431,0,0
110257,1,1
87614,1,1
101896,1,0
110109,1,1
46862,0,0
94342,1,0
125613,0,0
84267,0,0
139092,0,0
12903,0,0
35636,0,0
48551,1,0
62485,0,1
143685,1,0
89110,1,1
127492,0,0
22216,0,0
123262,1,0
130785,0,0
26367,1,0
125098,0,0
110376,0,0
112126,0,0
11017,0,0
100794,0,0
92081,0,0
68873,0,0
138342,0,0
124848,0,0
65645,0,0
131611,0,0
99576,0,0
109446,1,0
121292,0,0
17793,0,0
80519,0,0
20804,0,0
73973,0,0
1090,0,0
92304,0,0
104121,0,0
119117,0,0
84,0,0
72581,0,0
15493,0,0
66424,0,1
125751,0,1
11494,1,1
130173,0,0
137249,0,0
131122,1,1
101149,1,1
77433,0,0
84408,0,0
38109,1,1
125128,0,0
108609,0,0
64682,1,1
30554,1,1
15719,0,0
33175,0,0
88566,1,0
14796,0,0
141881,0,0
94945,0,0
74416,0,0
111496,0,0
8558,0,0
69105,0,0
56838,0,0
9650,0,0
49963,0,0
55018,0,0
72737,0,0
10414,0,0
93029,0,0
39586,0,0
67384,0,1
13118,0,0
51555,0,0
50778,0,0
2288,0,0
41616,1,1
116062,0,0
97382,0,0
80129,0,0
76630,0,1
106118,0,0
81658,0,0
28578,0,0
28363,0,0
130453,1,1
11653,0,0
36924,0,0
63903,0,0
91566,0,0
69450,0,0
54491,0,0
2109,0,0
143114,0,0
50789,0,0
89328,0,0
109829,1,1
64690,0,0
65650,0,0
94689,0,0
128718,1,1
37942,0,0
18931,1,1
1858,0,0
86172,0,1
94809,1,1
17844,0,0
114670,0,0
85880,1,1
53901,0,1
13652,0,0
55955,0,0
108012,1,0
6856,1,0
134340,0,0
131918,0,0
72468,0,0
3901,0,0
13327,0,1
2519,1,1
73297,0,0
9518,0,1
105466,0,1
45569,1,0
103454,0,0
94248,0,0
97475,1,1
8535,1,1
83621,1,0
13410,0,0
118282,0,0
25195,1,1
100292,0,0
100030,0,0
3888,1,1
49395,1,0
29637,1,1
45467,1,1
81972,0,0
88091,0,0
122067,0,0
7036,0,0
72095,0,0
91327,1,1
107722,0,0
116211,1,1
13689,0,0
79815,0,0
138900,0,0
51046,0,0
60097,0,1
33405,1,1
53374,0,1
63208,0,0
104558,0,0
58687,0,0
100236,1,1
113499,0,1
90117,1,0
30089,0,0
9487,0,1
97725,0,0
39488,0,0
34121,0,0
39299,1,1
66941,1,1
116617,0,0
3069,0,0
26672,0,0
137527,0,0
4155,1,0
749,1,1
57174,1,1
34756,0,0
116611,0,0
8367,0,0
109459,0,0
110666,0,0
133343,0,0
49658,0,0
137717,0,0
51433,0,0
6054,0,0
115911,1,0
39419,0,0
107408,0,0
144854,0,0
5949,1,1
82946,1,1
82359,0,0
43377,0,0
60219,0,0
117791,0,0
45684,0,0
92387,0,1
136655,0,0
133774,0,0
52266,1,0
13615,0,0
16611,1,0
32964,0,0
75017,0,0
65970,0,0
5495,0,0
53100,0,0
84000,0,0
126893,0,0
109650,0,0
120857,0,0
33324,0,0
81813,0,0
125096,0,0
114749,0,0
82658,1,1
113741,0,0
140022,1,1
84188,1,1
17240,1,1
98894,1,0
111588,0,1
99839,0,0
123740,0,0
112212,0,0
14312,1,0
84456,0,0
24073,0,0
25621,0,0
79689,0,0
118859,1,1
121175,0,0
4340,1,0
32806,0,0
73244,1,0
136574,0,0
2671,0,1
145052,0,0
73982,0,0
67342,0,1
24384,0,0
74241,0,0
137048,0,0
24737,0,0
28553,0,0
128054,0,0
8659,0,0
90490,0,0
107080,0,0
11939,0,1
108109,0,0
26302,0,1
109971,0,0
132210,0,0
81945,1,1
10402,0,1
37015,0,0
86659,0,0
106009,0,0
13640,0,0
85333,0,0
113986,0,0
14007,0,0
143008,0,0
65235,0,0
76295,1,1
95390,0,0
65284,1,1
136426,0,0
76390,0,0
23041,0,0
102091,0,0
110986,0,0
85604,0,1
9264,0,0
65565,0,0
21981,1,1
131961,0,0
87224,0,0
115062,0,0
89578,0,0
113216,0,0
23838,0,0
45392,0,0
35982,0,0
133495,0,0
5080,0,0
50670,0,0
138316,0,0
35150,1,1
75771,0,0
142579,1,1
94698,0,0
113183,0,0
17673,0,1
90833,0,0
65344,0,0
92761,0,0
32114,0,0
35122,0,0
32887,0,0
72398,0,0
119512,1,1
26080,0,0
30699,1,1
19231,1,1
12105,0,0
114175,0,0
28835,0,0
40816,0,0
91277,0,1
88889,0,0
130154,1,0
49335,0,0
2810,0,0
62006,0,0
82868,0,0
43479,1,1
62458,0,0
104341,0,0
59563,0,0
113209,1,1
83695,1,1
7958,0,0
13895,0,0
86721,0,0
124989,0,0
125427,0,0
74879,0,0
25289,1,0
11223,0,0
13285,1,1
14913,0,1
131581,0,0
89287,0,0
80055,0,0
26654,1,1
118434,0,0
36633,0,0
131391,1,0
20034,0,0
117517,0,0
143413,1,1
72598,0,0
3817,1,0
66617,0,0
132116,0,0
22920,1,0
98865,0,0
44459,0,0
136931,0,0
79864,0,1
64285,0,0
126134,0,0
84160,0,0
65963,0,0
5492,0,0
20366,0,0
52444,0,0
21671,1,0
3690,1,1
48632,0,0
130904,0,0
7030,0,0
134683,0,0
72120,1,1
7817,0,0
42947,0,0
30599,1,1
94393,1,1
90201,1,1
71216,0,0
125777,0,0
36186,0,0
84975,0,0
106024,1,0
113831,1,1
44846,0,1
14825,0,0
127709,1,1
28374,0,0
133194,0,0
135618,0,0
96888,0,0
132268,0,0
3381,0,0
143113,0,0
22190,1,0
75968,0,0
13189,0,0
72603,0,0
41572,1,1
88670,1,1
135357,0,0
92523,0,1
129055,1,0
37090,0,0
97990,0,0
91572,0,0
64150,0,0
100732,1,1
29511,0,0
35686,0,0
7814,0,0
138239,0,0
115869,0,0
133301,1,0
111290,1,0
53219,1,1
113381,0,0
5684,0,0
67707,1,1
17966,0,0
108745,0,0
54717,1,1
24315,1,0
21433,0,0
21969,1,1
115447,0,0
118449,0,0
42376,1,0
56466,0,0
66760,0,0
46786,0,1
20423,0,0
24018,1,1
112739,0,0
64920,0,0
100900,0,0
122924,0,0
76465,1,0
115320,0,0
4410,0,0
121531,0,0
132603,0,0
25244,1,0
81488,1,0
123994,1,1
34836,0,0
144344,0,0
78778,0,0
8973,0,0
134305,0,0
141212,0,0
124213,0,0
114131,1,1
58413,1,1
67946,0,0
23132,0,0
6991,0,0
49887,0,0
124886,1,0
19913,0,0
87019,0,0
83222,0,0
64572,0,0
116880,0,0
313,0,0
122515,0,0
78970,0,0
118492,1,1
63815,0,0
64617,0,0
22711,1,1
138300,0,0
25997,0,0
119567,1,1
134847,0,0
6707,1,0
39759,0,0
74693,1,1
133685,0,0
99586,0,0
129959,0,1
39425,1,0
126575,0,0
75207,1,1
95110,1,1
60411,0,0
78685,0,1
104833,0,0
21498,1,0
44888,0,0
29612,0,0
98454,0,0
143820,0,0
9164,0,0
30372,0,0
22113,0,0
126973,1,1
85298,1,1
119652,0,0
50721,0,0
39684,0,0
94121,0,0
140936,0,0
32719,0,1
82590,1,1
72521,0,0
63493,0,0
16360,0,0
144897,0,0
138213,1,1
86796,0,0
143807,1,0
45393,1,0
105490,0,0
122087,0,0
10488,0,1
141368,0,0
56071,0,0
22285,0,1
78512,1,0
24071,0,0
116333,0,0
111723,1,1
106200,0,0
46075,0,0
35903,0,0
112560,0,0
112753,0,0
35437,0,0
54973,0,0
129578,0,1
124313,0,0
1976,0,0
59982,0,0
18829,1,1
64618,0,0
110989,0,1
60757,0,0
21719,1,1
32210,0,0
12847,0,1
134560,0,0
127966,0,0
144111,0,0
81840,1,1
85786,0,0
143619,0,0
136438,0,0
138819,0,0
66056,1,0
114143,0,0
39793,0,0
8209,0,0
58728,1,1
141244,0,0
74658,0,0
95435,0,0
135326,0,0
142671,0,0
39097,0,0
116159,0,0
92404,1,0
129087,1,1
124800,0,0
3735,0,0
119495,1,1
67973,0,0
30341,0,0
118372,0,0
126655,0,0
138136,0,0
100189,0,0
123644,0,0
135278,0,0
44722,1,1
29964,0,0
30843,0,0
11336,0,1
117024,1,0
119280,0,0
21313,0,1
70251,0,0
14195,1,1
66303,0,0
135220,0,0
94767,0,0
56846,0,0
65611,0,0
144808,0,0
130308,0,1
106647,0,0
143558,0,0
79987,0,0
124222,0,0
76484,1,1
3450,0,1
45540,0,0
58982,0,1
68747,1,1
433,0,0
41627,0,0
87623,1,1
53891,0,0
36294,0,0
114099,0,0
128772,1,1
46932,0,0
138026,0,0
41754,0,1
143126,0,0
61541,0,0
101351,0,0
44425,0,0
44252,0,0
21694,0,0
56686,1,1
67823,0,0
95405,0,0
144153,1,0
81381,0,0
138210,1,0
27844,0,0
15387,0,0
6255,1,1
84956,1,1
102794,0,0
145289,0,0
93876,0,0
65519,0,1
125028,0,0
97255,0,0
42641,0,0
94338,1,0
137180,0,0
41822,0,0
128433,1,1
2008,0,0
39975,0,1
8632,0,0
96143,0,0
90904,0,0
14235,0,0
88657,1,0
40693,0,0
61428,1,0
43682,1,1
120767,0,0
45275,0,0
78098,0,0
41132,1,0
80471,0,0
59057,1,0
89150,0,0
6155,0,0
11550,1,0
98532,0,0
42034,0,0
30169,0,0
114537,0,0
3101,0,0
51106,0,0
140255,0,0
59229,0,0
108699,0,0
23288,1,0
141636,0,0
27549,0,0
131814,0,0
88712,0,0
38119,1,0
85158,0,0
90872,0,0
84769,0,0
116574,1,0
85081,0,0
32146,0,0
126190,0,0
109176,1,1
117023,0,0
7698,0,0
66256,0,0
55123,0,0
103508,0,0
50647,1,0
75283,0,1
60211,0,0
38877,0,0
2449,0,0
37218,0,0
125779,1,1
34298,0,0
134773,0,0
62520,1,0
114211,1,1
37841,0,0
8479,0,0
60947,0,0
28905,0,0
87805,0,1
86522,0,0
72738,0,0
135661,0,0
87973,1,0
132943,0,0
37536,0,0
116459,0,0
52792,1,1
47366,0,0
35897,0,0
8423,0,0
128790,0,0
46678,0,0
70232,0,0
34447,1,0
144406,0,0
135692,0,0
26009,0,1
118989,0,0
126398,0,0
43362,0,0
35891,0,0
61859,0,0
131094,0,0
30387,1,1
129140,0,0
39055,0,0
95181,0,0
144900,1,0
111321,1,0
46068,0,0
85268,0,0
118669,0,0
104517,1,1
48199,0,0
122978,0,0
40825,1,1
133497,0,0
82870,0,0
69399,1,1
96461,0,1
28803,0,0
95145,0,0
33663,0,1
73519,0,0
70950,0,0
76870,1,0
40535,1,1
35027,0,0
3267,0,0
32711,0,0
23126,1,0
74645,1,1
100082,0,0
56579,1,1
61838,0,0
19193,1,1
53238,0,0
129879,0,0
98247,0,0
77766,0,0
121993,0,0
28036,0,0
140440,0,0
22476,0,0
87879,0,1
83948,1,1
128873,0,0
109353,0,0
84944,0,0
144654,0,0
137192,0,0
72281,0,0
119916,0,1
12654,0,0
78509,1,1
61576,0,0
25944,1,1
131407,0,0
107449,0,0
120100,0,0
132031,1,1
59436,0,0
84543,1,1
127152,1,1
93510,0,0
25740,0,0
109779,0,0
25987,1,1
86671,0,0
67907,1,1
33300,0,0
43238,1,1
10211,0,0
4606,0,0
102971,0,0
50885,0,0
104862,0,0
48966,0,0
120539,0,0
105054,0,0
62089,0,0
102721,0,0
140340,1,1
1256,0,0
108511,0,0
42218,0,0
87438,0,0
126427,0,0
111960,0,0
121912,1,0
36372,1,1
53141,1,0
13767,0,0
108148,0,1
77464,0,0
100346,0,0
42862,0,1
22575,0,0
12028,1,0
88193,0,0
51428,0,0
122360,1,1
140963,1,0
145206,0,0
62771,0,0
134356,1,1
13061,0,0
47402,0,0
105484,0,0
141642,0,0
27990,0,0
55396,1,1
39284,0,0
37734,0,0
17246,0,0
39320,1,1
103691,1,1
138898,0,0
79818,0,0
40035,0,0
110039,0,0
33870,1,0
68075,0,0
91360,1,1
67906,0,0
1377,0,0
117081,0,0
12455,0,0
142854,0,0
54535,0,1
54678,0,0
60611,0,0
114208,0,0
10809,0,0
76498,0,0
131424,0,0
129590,0,0
139577,0,0
131787,0,0
6547,0,0
37998,0,0
121284,0,0
122444,0,0
17613,0,0
71984,0,0
31880,0,0
63020,0,1
46803,0,0
16427,0,0
119472,0,0
49530,0,0
103078,1,0
17290,1,1
76154,0,0
26894,0,0
141224,0,0
136835,0,0
139614,1,0
128903,0,1
73680,0,0
126239,0,0
121470,0,0
76702,0,0
143658,0,0
3568,0,0
42571,0,0
142418,0,0
67732,0,0
144568,0,0
52239,0,0
93381,1,0
97889,0,0
85016,0,0
32022,0,0
95829,0,0
119688,0,0
19224,0,0
108401,0,0
139177,0,0
26294,1,0
83226,1,1
61058,0,0
143187,0,0
105166,1,0
137535,0,0
103080,0,0
116975,1,1
63234,0,0
9189,0,0
138351,0,0
67831,0,0
47760,0,0
126303,0,0
83518,1,0
75111,1,0
51677,0,0
112893,0,1
11590,0,0
55589,0,0
126251,1,0
97114,1,1
124295,0,0
134268,1,1
6784,0,0
98211,0,0
93372,0,0
98183,0,0
11031,1,0
7908,1,0
121010,1,1
76524,0,0
102976,0,0
62005,0,0
78384,1,1
98278,0,0
115001,0,0
144125,0,0
61027,0,0
89334,0,0
34918,0,0
77209,1,1
127137,0,0
74985,1,0
92442,0,0
117031,0,0
12337,0,0
11040,0,0
80699,0,0
42896,0,0
52865,0,1
13087,0,0
91233,0,0
8890,0,0
48061,0,0
19479,0,0
83055,0,0
31889,1,1
126048,0,0
36548,1,1
3141,0,0
124170,0,0
11725,0,0
112030,0,0
31160,0,1
135157,0,0
44855,0,1
14423,0,0
125842,0,0
145241,0,0
55113,1,1
137170,1,0
57046,0,0
24100,0,0
81351,0,0
123781,0,0
45380,0,0
106386,0,0
49584,0,0
2260,0,0
112911,1,0
71786,0,0
5895,0,0
30642,0,1
780,0,0
136650,0,0
127286,0,0
132273,1,1
14860,0,0
72996,0,0
9323,0,0
23962,0,1
72586,0,0
36,0,0
123464,1,1
60089,1,1
30894,0,0
83814,0,0
40739,0,0
65148,0,0
116893,1,1
129246,0,0
139296,1,0
89134,0,0
134572,0,0
60218,0,0
51302,1,1
43668,1,1
19439,0,0
36332,0,0
91006,1,1
110489,0,1
22656,1,1
48285,0,0
24097,0,0
124349,0,0
137826,0,0
71097,1,0
46312,0,0
32962,1,1
48906,0,0
41294,0,0
16433,1,0
53365,1,1
144775,0,0
28836,0,0
99043,0,0
114351,1,1
109832,1,1
103965,1,1
8586,1,1
136111,0,0
60504,0,0
60848,0,0
93075,1,1
143455,0,0
52737,0,0
130274,0,0
130060,0,0
90341,0,1
16134,1,1
11011,0,0
145269,0,0
108782,1,1
53507,0,0
27132,0,0
55766,0,0
130359,0,0
122501,0,0
46343,1,0
62979,0,0
119020,0,0
44444,0,0
130593,0,0
122223,0,0
53321,0,1
26054,1,1
88850,1,1
23356,0,0
73821,0,0
125051,1,1
126222,1,0
4462,0,0
21184,0,0
23261,0,0
139849,0,0
84282,1,1
118458,0,0
79721,0,0
19886,0,0
42330,0,0
142990,1,1
3120,0,0
95043,0,0
125235,1,1
78173,1,1
108503,1,1
75304,1,1
63247,0,0
91261,0,0
134816,0,0
75374,0,0
142899,0,0
108920,0,0
144627,0,0
8619,0,0
15498,0,0
115805,0,0
23183,0,0
73767,0,0
54957,0,0
138414,0,0
81542,1,1
4465,1,1
31432,0,0
123514,0,0
15342,0,0
65375,0,0
112809,1,1
15855,1,0
111726,0,0
25043,0,0
95824,0,0
23202,1,1
82842,1,0
12146,0,0
66767,0,0
20970,0,0
22099,0,0
100120,1,1
59547,0,0
61384,0,0
53015,1,1
82205,1,1
19371,1,1
13954,0,0
28173,1,1
28373,0,0
59095,0,0
11256,0,0
2430,0,0
41940,0,0
17687,1,0
90361,1,0
30747,0,0
38372,0,0
29830,0,0
64258,0,0
93324,1,1
56392,0,1
134596,0,0
119440,0,0
55942,0,0
3833,0,0
89748,0,0
36473,0,0
60816,0,0
44628,0,1
57140,0,0
60461,1,0
8430,0,0
87057,0,0
62564,0,0
9831,1,1
889,0,1
138846,0,0
44093,1,1
91693,1,1
99335,0,0
101761,0,0
68169,1,0
101715,0,0
70908,0,0
30265,0,0
2474,1,1
88242,0,1
119324,0,0
85908,0,1
144862,0,0
96010,0,1
103652,1,0
9299,0,0
1147,0,0
60484,0,0
63448,0,0
101152,0,0
11210,1,1
20326,1,1
61729,0,0
7067,0,0
48091,0,1
54105,0,0
128944,0,1
48999,0,0
29894,0,0
13910,0,0
129747,0,0
24133,0,0
61392,0,0
26706,0,0
121877,0,0
71054,0,0
98411,1,1
27262,0,0
37447,0,1
12495,1,1
86631,0,0
31762,1,1
54595,0,0
140533,0,0
111736,0,0
58252,0,0
47050,1,0
70345,0,0
70684,0,0
50181,1,1
27274,0,0
90955,0,0
135677,0,0
34424,0,0
127195,0,0
132316,1,1
114604,0,0
128667,0,0
82886,0,0
92921,0,0
4320,0,0
49243,0,0
73769,0,0
10598,0,0
39497,0,0
32515,1,1
125454,0,0
74341,0,0
66000,0,0
135261,0,0
60544,0,0
41665,1,1
61279,0,0
16877,0,0
77099,0,0
105323,0,0
61438,0,0
18997,0,0
61957,0,0
9138,1,0
72894,0,0
64548,1,1
98972,0,0
134338,0,0
1678,0,0
44803,0,0
81327,1,0
25396,0,0
13124,0,0
124251,0,0
67456,1,1
136932,0,0
123586,0,1
19841,0,0
108456,0,0
46290,0,1
84964,0,0
6778,0,0
60717,1,1
61052,0,0
20121,0,0
64780,0,0
133561,0,0
71688,0,0
112757,0,0
115556,0,0
96528,0,0
24049,0,0
37142,1,1
135633,0,0
76944,0,0
83725,1,1
36685,1,1
57,0,0
111494,0,0
58174,0,0
119027,1,1
138762,0,0
78581,0,1
118128,0,0
66325,0,0
41799,1,0
23596,1,1
110488,0,0
65376,0,0
93471,0,0
113688,0,0
86868,0,0
116388,0,0
136159,0,0
123489,0,0
12185,0,0
115829,0,0
6809,0,0
87476,0,0
58671,0,0
139308,1,1
20825,0,0
138892,0,0
86081,0,0
65481,0,0
115874,0,0
113036,0,0
59363,0,0
142702,0,0
70306,0,0
11509,1,1
102249,0,0
7152,0,0
96534,0,0
83293,1,1
110352,0,0
117384,0,1
7609,0,0
86022,0,0
22100,1,1
90436,0,0
74274,0,1
92729,0,0
71214,0,0
87749,0,0
33036,0,0
34445,0,1
23883,1,1
101120,0,0
6202,0,0
94912,0,0
143345,0,0
107510,0,0
88617,0,0
6992,0,0
13608,0,0
34511,0,0
119940,1,0
18299,0,0
270,1,0
41607,0,0
133322,0,0
41602,1,1
105638,0,0
144179,0,0
132504,0,0
18434,0,0
73719,0,0
98235,0,0
67591,0,0
110732,0,0
37946,0,0
64486,0,0
22532,1,0
111157,0,0
98830,1,1
110745,0,0
69059,0,0
68910,0,0
105825,0,0
45785,0,1
33547,0,0
27049,1,1
83488,0,0
100739,1,1
24537,0,0
75018,0,0
73042,0,0
126560,1,0
96799,0,0
67200,0,0
140777,0,0
96517,0,0
100660,0,0
83426,0,0
13757,0,0
125909,0,0
95733,1,1
60500,0,0
99833,0,0
56291,0,0
19700,0,0
4257,0,0
58716,1,0
142152,1,1
139676,1,1
137166,0,0
138504,0,0
5559,0,0
36849,0,0
138295,0,0
83848,0,0
55935,0,0
105575,0,0
2237,1,0
61208,0,0
91560,0,0
134276,0,0
58000,0,0
60845,1,1
83799,0,0
100622,0,0
132766,1,0
42014,0,0
99661,0,0
28472,0,0
37306,0,0
87056,0,0
140175,0,0
59391,0,0
120238,1,1
68282,0,0
99451,1,0
26756,0,0
2660,0,0
29665,0,0
49776,0,0
39900,1,1
44856,0,0
22310,1,1
104504,0,0
133473,0,0
52354,0,0
109339,0,0
89947,1,0
132531,0,0
80906,0,0
1076,0,0
128276,0,0
57993,0,0
101364,0,0
53722,0,0
144930,0,0
144465,0,0
31767,1,1
37319,0,0
49199,0,0
50038,0,0
27763,0,0
4732,1,1
40095,0,0
7328,0,0
142168,1,1
16738,0,0
49955,0,0
3210,1,1
84673,0,0
12810,0,0
108453,0,0
133793,0,0
44329,0,0
78535,0,0
114179,1,0
30374,0,0
140502,0,0
47310,0,0
97875,0,0
130510,1,1
117512,1,0
51984,1,1
9733,0,0
109861,0,0
39525,0,0
127235,0,0
54065,1,0
58650,1,1
47358,1,1
108527,0,0
47113,0,1
113830,1,0
127550,0,0
773,1,1
110404,0,0
75337,1,0
11409,0,1
83923,0,0
46123,0,0
11636,0,0
7935,0,0
37288,0,0
132111,0,0
106918,0,0
132814,0,1
66524,0,0
128507,1,0
51950,0,0
112132,1,1
87161,1,0
81364,0,0
104828,0,0
20054,0,0
31428,0,1
45480,0,0
45091,0,0
130364,0,0
39218,0,0
29919,0,0
28936,0,0
76131,0,0
28382,0,0
110103,1,0
50129,0,1
107658,0,0
7414,0,0
134478,0,0
29338,0,1
40167,0,0
83949,0,0
62511,0,0
33234,1,1
94808,0,0
26794,0,0
133847,0,0
17174,0,0
110222,0,0
123906,0,0
69464,0,1
45473,1,1
93646,0,0
88092,0,0
62017,0,0
9075,0,1
52880,1,1
22481,1,1
32917,1,0
124200,0,0
75070,0,0
84083,0,0
58817,0,0
6405,0,0
38570,1,1
74209,0,0
115142,0,0
46768,0,0
55230,0,0
96384,0,0
104261,1,1
113684,0,0
71246,1,0
132705,0,0
36498,0,0
7394,0,0
61808,0,0
73228,0,0
39024,0,0
94479,0,0
3286,0,0
3808,0,0
57295,0,0
89688,1,1
83892,0,0
3137,0,0
3122,0,0
64134,0,0
143416,0,1
101827,1,1
57030,0,0
36874,0,0
125348,0,0
37309,0,0
70174,0,0
95242,0,0
117674,0,0
34712,0,0
103522,1,0
15755,0,0
23538,0,0
95255,0,0
102142,1,1
112834,1,1
23040,0,0
74947,0,0
62451,0,0
48905,0,0
58626,0,0
3435,0,1
81434,0,0
74202,1,1
119795,0,0
106072,0,0
116352,0,0
130221,0,0
52028,1,1
22808,0,0
6077,0,0
14376,0,0
122090,0,0
68344,0,0
45156,0,0
19034,0,0
143605,0,0
35882,1,0
12440,0,0
38363,0,0
121831,0,1
112614,0,0
26918,0,0
645,0,0
128680,0,0
40249,0,0
50596,0,0
113163,0,0
90171,1,1
104636,0,0
3713,1,0
143809,0,0
56925,0,0
112155,0,0
92819,0,0
1192,0,1
120965,0,0
104485,1,1
114348,1,1
37799,0,0
16677,0,0
14417,0,0
8515,0,0
96834,1,1
100719,0,0
133139,0,0
8008,0,0
44194,0,0
107522,0,0
14222,0,0
38917,0,0
142664,0,0
48058,0,0
48569,0,0
105274,0,0
28260,1,1
118055,0,0
81680,0,0
66145,0,0
13900,0,0
8963,0,0
65691,0,0
125378,0,1
75653,0,0
84907,1,0
21975,1,0
123210,1,1
31088,0,0
117411,0,0
43248,1,1
28626,0,0
43880,0,0
79507,0,0
14283,0,0
29529,1,0
64919,0,0
89505,1,0
9359,0,0
12584,1,1
86165,0,0
58913,1,1
54315,0,0
142932,0,0
114771,0,0
60524,1,0
110561,0,0
112594,0,0
75511,1,1
64443,0,0
43232,0,0
140975,0,0
14140,0,0
144400,0,0
20911,0,0
59151,1,0
4642,0,0
80191,0,0
131088,0,0
12127,0,0
30274,0,0
97435,0,0
114596,1,0
6828,1,1
10527,1,0
100068,1,1
144035,0,0
91701,0,1
44349,1,1
11130,0,0
34735,0,0
117664,0,0
83431,0,0
37682,0,0
9746,0,0
141958,0,0
25990,1,1
119909,0,0
95361,0,0
71877,0,0
125913,1,1
6645,0,0
139235,0,0
115718,0,0
48639,0,1
94288,0,0
128660,0,1
101693,0,0
133470,0,0
38578,0,0
139632,0,0
85190,0,0
92388,0,0
90499,0,0
135355,1,0
112300,1,0
102466,1,1
5271,0,0
122826,0,0
58969,0,1
29533,0,0
143482,0,0
96970,0,0
111634,0,0
99146,0,0
88854,0,0
131145,0,0
126053,0,0
46685,0,0
8852,0,0
30844,1,0
13577,0,0
41409,0,0
93038,0,0
111897,0,0
37393,0,0
29128,0,0
22985,0,0
45587,1,0
101532,0,1
106308,0,0
129299,0,0
35079,0,0
88629,0,0
130792,1,0
33951,0,0
29667,1,1
78733,0,0
98901,0,0
25304,0,1
23127,0,0
20377,1,1
28360,0,0
34326,1,1
116142,0,0
68964,1,1
92742,1,1
37643,0,0
98970,0,0
75516,0,0
80090,0,0
111848,0,1
117016,0,0
67414,0,0
80200,0,0
108665,0,0
38548,0,0
2737,0,0
45453,1,1
57383,0,0
144731,0,0
139939,1,0
116073,0,0
73560,0,1
1794,0,0
39462,0,0
4889,0,0
50078,0,0
38254,0,0
5867,1,1
52034,0,0
65301,0,0
58802,0,0
65885,0,0
104865,0,0
57823,0,0
54774,0,1
22115,0,1
77931,0,1
35364,0,0
17934,0,0
50325,1,0
134145,0,0
89020,1,1
44356,1,1
31348,1,0
31235,1,1
87565,0,0
117971,0,0
51424,0,0
20369,0,0
12649,0,0
35832,0,0
81581,0,0
98686,0,0
109041,0,0
34662,1,1
113298,0,0
142986,0,0
9355,1,1
144906,1,0
86330,0,0
118259,0,0
105877,0,0
106722,0,0
111550,0,0
68201,0,0
141621,0,0
50770,0,0
103816,1,0
139274,0,1
79382,0,0
87775,0,0
120297,1,0
63231,0,0
98114,0,0
38088,0,0
103969,0,0
59494,0,1
21695,0,0
43770,0,0
101783,1,0
86776,0,1
134320,1,0
39272,1,1
60307,0,0
53265,1,0
43367,0,0
19716,0,0
12059,0,0
134874,0,0
2323,1,1
9200,1,1
109754,0,0
58830,0,0
130107,0,0
120437,0,0
1675,1,0
19386,0,0
3493,1,1
96973,0,0
128713,1,0
125198,1,0
93262,0,0
64557,0,0
48624,0,0
79664,0,0
103824,1,1
9734,0,0
14727,0,0
77546,0,1
3850,0,0
53065,1,1
119120,0,0
75617,0,1
11076,0,0
8122,1,1
80757,0,0
45137,0,0
131835,0,0
19827,0,0
16831,0,0
99607,0,0
2466,0,0
98011,0,0
136239,0,0
87597,1,1
1936,0,0
122326,0,0
3739,1,1
91530,1,1
2705,1,0
65918,0,1
117612,0,0
96738,1,1
139551,0,0
124588,0,0
29903,0,0
65015,0,0
131768,0,0
131930,0,0
62796,0,0
21370,1,1
136409,0,0
27595,1,1
101513,0,0
78244,0,1
10954,1,0
38403,0,0
116137,0,0
45278,0,0
123330,0,0
50486,0,0
34837,0,0
19776,0,0
50034,0,0
117832,0,0
71226,0,0
128860,1,0
22210,1,0
48809,0,0
112003,0,0
118840,0,0
112436,0,0
112738,0,0
115937,0,0
35061,1,1
112781,0,0
105531,0,0
139641,1,1
17333,0,0
43511,0,0
55816,0,0
13270,0,0
108152,0,0
22470,0,0
22107,1,1
130405,0,0
38177,0,0
55810,0,0
144881,0,0
98427,0,0
91728,1,0
103111,1,1
13382,0,0
60331,0,0
94953,0,0
135182,0,0
91970,1,1
100699,0,0
78504,0,0
17976,0,0
90329,0,0
18799,0,1
27047,0,0
128654,1,1
25868,0,0
23667,0,1
108485,0,0
66938,0,0
51577,0,0
25024,0,0
131895,0,0
64410,0,0
66870,1,1
47134,0,0
6715,1,0
21470,0,0
50518,0,0
88212,0,0
77075,1,0
14391,0,0
66744,0,0
81963,0,0
50427,0,0
74293,0,1
77016,0,0
42909,0,0
14221,0,0
36169,0,0
35601,1,1
18869,0,0
90491,0,0
64027,1,1
89538,0,0
52274,1,1
93813,0,0
104364,1,0
134158,0,0
84222,0,1
67790,1,1
80138,0,0
62507,0,0
59707,1,1
37345,0,0
11010,0,1
57167,0,0
27696,0,0
46624,1,1
63369,1,0
51481,0,0
110373,0,0
67274,0,0
28586,0,0
95851,1,0
5796,0,0
13200,0,0
18975,1,0
111307,1,1
8445,0,0
129363,0,0
85499,0,0
127244,0,0
20259,0,0
47368,0,0
70744,0,0
30892,0,1
140260,0,0
47290,0,0
5269,0,0
7347,0,0
32974,0,0
66534,0,0
18389,1,0
30210,0,0
28496,0,0
43592,0,0
135295,0,0
8333,0,0
33483,0,0
117272,0,0
66779,0,0
136366,0,0
112508,0,0
143342,0,0
102327,1,1
59286,0,0
85928,0,0
90976,1,1
145442,0,0
70192,1,1
54845,1,0
56511,0,0
57683,0,0
85852,0,0
137582,0,0
101193,0,1
81165,0,0
6807,0,0
20103,1,1
15848,0,1
30069,0,0
102305,1,1
102084,0,0
16470,0,0
88961,0,1
17371,0,0
121753,0,0
30990,0,0
132197,0,0
37947,0,0
111845,1,0
6704,0,0
42714,0,0
141414,0,0
21645,0,0
38758,0,0
138967,0,0
498,0,0
134947,0,0
32976,0,0
140063,1,1
96355,1,1
71445,0,0
137681,0,0
117553,0,0
72732,0,0
90346,0,0
46553,0,0
47188,0,0
83668,1,1
98195,0,0
2860,1,0
12816,0,0
67864,0,0
91845,1,0
47372,0,0
34903,0,0
92620,0,0
41166,1,0
61169,0,0
84101,0,0
128231,1,0
37738,1,1
15984,0,0
2315,0,0
54343,0,0
107782,0,0
56947,0,0
134769,0,0
96282,1,1
79525,0,0
72866,0,0
144470,0,0
40924,0,0
110111,0,1
8038,0,0
57025,0,0
135904,0,0
116649,0,0
73454,0,0
53004,0,0
42132,0,0
48456,0,0
180,0,0
26433,0,0
126063,0,0
18227,0,0
52104,0,0
17554,0,0
70841,0,0
133478,0,0
92888,0,0
38575,0,0
25688,0,0
136261,0,0
88875,0,0
2,0,0
14061,0,0
52604,0,0
10392,0,0
64346,0,0
40177,1,1
25248,1,1
118219,0,0
116236,0,1
134675,1,1
31671,0,0
124596,0,0
43823,0,1
78466,1,1
6057,0,0
56822,0,0
59350,1,1
109609,1,1
3088,0,0
20948,0,0
70995,0,0
132959,0,0
23153,1,0
114701,0,1
62347,0,1
260,0,0
100636,0,0
125669,0,0
144697,0,0
108946,0,0
134942,0,0
37609,0,0
39596,0,1
73223,0,0
142084,1,0
48736,0,0
118709,0,0
33608,1,1
139231,0,0
47409,0,0
140262,0,0
93854,0,0
108950,0,0
126841,0,0
62167,0,0
62876,0,0
1126,0,0
70128,1,1
31194,1,1
141477,1,1
43452,0,0
12492,1,1
66258,0,0
73697,0,0
61551,0,0
2809,0,1
57763,0,0
27228,0,0
122595,0,0
107685,0,0
89392,0,0
82589,1,1
85735,0,0
97799,0,1
9669,1,1
90253,0,0
124476,0,0
79872,1,1
28152,0,0
155,0,0
92128,1,0
15017,0,0
141986,0,0
12313,1,1
11231,1,1
62570,0,0
104484,0,1
40499,0,0
91232,0,0
48107,1,1
108667,0,0
133141,0,0
36100,1,1
73898,0,0
46011,0,0
141130,1,1
110717,0,1
12124,0,0
43285,1,1
89424,0,0
48481,0,0
10164,1,1
46639,0,0
22680,1,0
50056,0,0
2874,0,0
144542,1,0
14794,1,1
139093,0,0
116457,0,0
134776,1,1
84449,0,0
10158,0,1
143916,0,0
76494,0,0
124643,1,0
37444,0,0
40072,0,0
17806,0,0
49757,0,0
74060,0,0
12071,0,0
20976,0,1
17377,0,0
85084,0,0
133155,0,0
92994,0,0
108115,0,0
10066,0,0
92253,0,0
75847,1,1
2580,0,0
65580,0,0
120771,0,0
94082,1,0
135555,1,0
137156,0,0
85766,0,0
94517,0,0
50489,0,0
107637,0,0
16146,0,0
107614,0,0
136291,0,0
10111,0,0
95951,0,0
17656,0,0
81278,0,0
28611,0,0
36437,0,0
34925,0,0
95754,0,0
117126,0,0
64822,0,0
14696,0,0
87942,1,1
93709,0,0
108320,0,0
35675,0,0
57452,1,1
99771,1,1
121101,0,0
53910,0,1
4085,1,1
65917,0,1
30188,1,0
40730,0,0
66611,0,0
38650,1,0
8605,0,0
145131,0,0
40843,0,0
109762,0,1
27251,0,0
13449,0,0
64950,0,0
118009,0,0
104067,0,0
118976,0,0
105202,0,1
32839,0,0
119007,0,0
10319,0,0
61159,0,0
30564,0,0
123791,0,0
94077,0,1
7337,0,0
63015,0,0
47139,1,1
59026,1,0
67629,1,0
126387,0,0
90702,0,0
30754,0,0
16773,0,0
19176,0,0
134402,0,0
78117,0,0
121134,0,0
82383,0,0
77511,0,0
119171,0,0
17209,0,0
6079,0,0
129770,0,0
57991,0,0
83272,1,0
50406,0,0
79021,1,1
75540,0,0
98416,1,0
141547,0,1
138911,1,1
46398,0,0
8947,0,0
2696,0,0
131072,0,0
114641,0,0
75907,1,1
36333,0,0
92050,0,0
105067,0,0
93336,1,1
112167,1,1
47218,0,0
10879,1,1
51540,1,0
29103,0,0
79855,1,0
122717,0,0
55691,1,1
142577,0,1
116756,0,0
4418,0,0
10074,1,1
54252,0,0
142903,0,0
114230,0,0
91856,0,0
67291,0,0
27643,0,0
132069,0,0
56900,0,0
110328,0,0
107669,0,0
98753,1,0
15151,1,1
43410,0,0
11892,1,1
67927,0,0
31156,0,0
142874,0,0
24917,0,0
91864,0,0
77055,0,1
107561,0,0
129617,0,0
50877,1,1
56806,0,0
92708,1,1
52837,0,0
107978,0,0
85112,0,0
95646,0,0
103158,0,0
111215,1,0
79065,1,1
38925,0,0
58813,0,0
42520,0,0
1555,0,0
128778,1,0
131742,0,0
53442,1,0
121775,0,0
2652,1,1
6711,0,0
131159,0,0
84278,1,0
106913,0,0
86653,0,1
73980,0,0
16166,0,0
57502,0,0
24735,0,0
46159,0,0
135092,0,0
19119,0,0
26554,1,1
91096,0,0
53443,1,1
69300,1,1
99557,0,0
54395,0,0
99703,1,1
17198,0,0
92670,0,0
26749,0,0
58006,0,0
144046,0,0
124327,0,0
72682,0,0
77796,0,0
77629,1,1
50082,1,1
45730,0,0
141415,0,0
62814,1,0
84756,0,0
122243,0,0
19022,1,1
60051,1,0
36944,0,0
73439,0,0
140924,0,0
142101,1,0
100998,0,1
61938,0,0
77876,0,0
58936,1,1
9890,0,0
73304,0,0
72485,0,1
105440,0,0
144056,0,0
12058,1,1
74333,0,0
27661,0,0
31369,0,0
89678,1,0
135438,0,0
130534,0,1
11844,0,0
105463,0,0
102277,0,0
125704,0,0
6680,0,0
57184,0,0
131548,0,0
130576,0,0
51761,0,0
123809,0,0
98681,0,1
110383,0,0
22314,0,0
31672,0,0
19979,0,1
3226,0,0
101535,0,0
82652,0,0
45475,1,1
67708,1,1
86762,0,0
95114,0,0
35763,1,1
43523,0,0
44436,0,0
120190,0,0
63120,0,0
112838,1,1
36817,0,0
127534,1,1
135667,1,1
6506,0,0
142747,0,0
76255,1,0
419,0,0
35489,1,1
13720,0,0
16792,1,0
31504,0,0
50002,1,1
88763,1,0
22687,1,0
93371,0,0
137093,0,0
54657,0,0
40923,1,1
131184,0,0
94497,0,0
43115,1,1
143471,0,0
107877,0,0
77492,1,0
102745,1,1
25624,0,0
80751,1,1
99514,0,0
86690,0,1
107350,0,0
76422,0,0
192,0,0
44223,0,0
142292,0,0
73396,0,0
48883,0,0
142145,1,1
113087,0,0
130566,0,0
41262,0,0
138869,0,0
16684,0,0
71752,0,0
108054,0,0
142558,1,0
78587,0,0
127605,0,0
1550,0,0
17743,1,1
18508,0,1
47909,0,0
85963,0,0
121304,0,0
48428,0,0
73675,0,0
33276,0,0
25836,0,0
49853,1,1
105338,0,0
110523,0,1
32428,0,0
41653,0,0
16723,0,0
29659,0,0
90598,0,0
109019,0,0
17442,1,0
92997,0,0
67503,0,0
142134,0,1
102581,0,0
97804,1,1
72765,0,0
111936,0,0
59828,0,0
110297,0,0
103095,0,0
91464,0,0
108895,0,0
32903,0,0
37104,0,1
44533,0,0
112070,1,1
80742,0,0
90581,1,0
135951,0,0
108878,1,0
128942,0,0
111449,0,0
127730,0,0
16580,0,0
48028,0,0
56999,0,1
16570,0,0
145118,0,0
96286,0,0
14267,0,0
35412,1,1
108355,0,0
102166,0,0
66293,0,0
84426,0,0
23514,0,0
102529,0,0
61448,1,1
118260,0,0
7098,0,0
134533,0,0
91347,0,0
114753,0,0
11707,0,0
53435,0,0
42053,0,0
91356,0,0
139418,0,0
63252,0,0
91713,1,0
4893,0,0
88923,0,0
95601,0,0
94409,1,1
98354,0,0
57022,0,0
140950,0,0
4779,0,0
87709,1,1
121364,0,0
43369,0,0
97279,0,0
137133,0,0
77232,1,1
97969,0,0
137179,0,0
145222,0,0
108043,0,0
142368,0,0
121200,0,0
15738,0,0
9902,1,0
31188,0,0
46096,0,0
38974,0,0
56076,0,0
37332,0,0
83989,0,0
4092,1,1
41107,0,0
31404,0,0
65781,1,0
124765,0,0
142598,0,0
45440,0,0
7839,0,0
29125,0,0
77615,1,1
25454,0,0
70774,0,0
121115,0,0
41967,0,0
82036,0,0
125172,0,0
43716,0,0
34084,0,0
140623,0,0
102392,0,1
88474,0,0
38518,0,0
10299,0,0
98800,1,1
46273,1,0
46147,0,1
62332,0,0
134002,0,0
125019,0,0
76937,1,1
37182,0,0
144003,0,0
60276,0,0
81230,1,1
37807,0,0
95657,0,0
97106,0,1
94068,0,0
114891,1,1
20193,0,0
60835,0,0
57301,0,0
113729,0,0
18852,1,1
14634,1,1
34152,0,0
67051,0,0
46831,0,0
98363,0,0
98824,0,0
101331,0,0
61331,1,0
84112,0,0
49719,0,0
111247,0,0
34580,0,0
140670,0,0
13496,0,0
61077,0,0
42404,0,1
72393,0,0
114356,1,1
75242,0,0
35455,0,0
71770,0,0
132421,0,0
71995,0,0
73021,0,0
51987,0,0
15636,0,0
79955,0,1
110891,1,1
15553,0,0
74392,0,0
9990,1,1
111168,0,1
142708,0,0
92854,0,1
50256,0,0
36785,0,0
142830,0,0
24660,0,0
100877,0,0
144289,0,0
61830,0,0
97852,1,1
134200,0,0
142440,0,0
66285,0,0
23418,1,1
52152,0,0
116465,0,0
133680,1,0
48002,1,1
67961,1,1
31877,0,0
57864,1,0
6301,0,0
88246,1,0
5921,1,0
74588,0,0
133180,0,0
20466,0,0
33295,0,0
95370,0,0
141566,0,0
76242,0,1
131340,1,1
16893,1,1
141451,1,1
109541,0,0
54,0,0
7343,0,0
100146,1,1
29860,0,0
140974,1,0
134885,0,0
28027,0,0
135169,0,0
8306,0,0
24691,0,0
15461,1,0
98055,0,0
64153,0,0
72108,0,0
45671,0,0
90227,0,0
69297,0,0
112768,1,1
2889,0,0
67075,0,0
74273,0,0
97265,0,0
109796,1,0
67561,0,0
49238,0,0
81800,0,0
56869,0,0
12247,0,0
26450,1,0
9903,0,0
24263,0,0
95827,0,0
26394,0,0
6152,0,0
70319,0,0
66679,1,1
135411,0,0
129069,1,1
140786,0,0
36737,0,0
74914,0,0
8192,0,0
122332,1,1
60103,0,0
19953,0,1
99215,0,0
120429,0,0
54120,0,0
112937,0,1
28245,1,0
98070,1,1
143315,1,1
99139,0,1
3520,0,0
116312,0,0
28414,0,0
105149,1,1
135129,0,0
20251,0,0
68598,0,0
13169,0,0
11963,1,1
90461,0,0
86460,1,1
45397,0,0
82558,0,0
5911,1,1
87801,1,1
76499,0,0
99849,1,1
129369,0,0
90765,0,0
82539,0,0
48454,0,0
133893,1,1
69441,0,0
95663,0,0
78664,0,0
91425,0,1
93521,0,0
137762,0,0
123872,0,0
127615,0,0
87413,0,0
12634,0,0
10052,0,0
26463,0,0
135796,1,1
62113,0,0
32728,1,1
85346,0,0
113164,0,0
125995,0,0
44923,0,0
50318,0,0
91622,0,0
81820,0,0
138714,0,0
4098,0,0
78760,1,1
141053,1,1
133213,0,0
47609,1,1
68366,1,1
72327,1,0
53280,1,1
81836,0,0
40958,1,0
87294,1,0
26759,0,0
104618,0,0
105933,0,0
85792,0,0
117251,0,0
26414,1,0
59842,0,0
121490,0,0
140882,0,0
40711,1,1
140213,0,0
65787,0,0
53055,1,0
42459,1,1
140637,0,0
132868,0,1
118728,0,0
143307,1,1
59687,0,0
72862,1,1
36250,0,0
61575,0,0
67773,0,0
40823,0,0
16999,1,1
46777,1,0
46812,1,1
2270,1,0
35043,1,1
108714,1,0
116825,0,0
140114,0,1
5979,0,0
55081,1,0
126558,0,1
84458,0,0
87679,1,1
55131,0,0
137583,0,0
144709,0,0
56734,0,1
33397,0,0
82364,0,0
68093,0,1
90743,1,1
70522,0,0
73785,0,0
65006,0,0
121005,0,0
50131,0,0
45946,0,0
94005,0,0
13679,0,0
92766,1,1
123500,1,1
70445,0,0
24829,0,0
24641,0,0
78549,1,0
139616,0,0
26560,0,0
133808,0,0
26501,0,0
76441,0,0
118848,0,0
94324,0,0
25379,1,1
72927,0,0
102161,0,0
4264,0,0
92378,1,0
76418,0,0
1762,1,0
35977,1,1
16971,1,0
134151,0,0
55574,0,0
33538,0,0
63098,1,1
120714,0,0
1266,0,0
11886,0,0
97113,0,0
41027,0,0
137620,0,0
67001,0,0
51990,0,0
8462,0,0
110934,1,1
94982,0,0
965,0,0
144765,0,0
3111,0,0
128917,0,0
97070,0,0
85395,0,0
34252,1,0
25145,0,0
67665,0,0
126755,0,0
34178,0,0
93395,0,0
99030,0,0
98973,0,0
127822,0,0
128979,0,0
4530,0,0
139986,0,1
61418,1,0
117248,1,1
121761,0,0
142144,0,0
53583,1,1
50462,0,0
107820,0,0
98423,0,0
90742,1,1
25917,0,0
117045,0,0
59110,0,0
78128,0,0
12614,1,0
48269,0,0
40858,0,0
124325,0,0
66370,0,0
21664,0,0
88354,1,1
124012,1,0
101579,0,0
118053,0,0
67317,0,1
77094,1,1
53455,0,0
115215,0,0
110035,0,1
127153,1,1
47841,0,0
37065,0,0
46537,0,0
30951,0,0
55537,0,0
128868,1,1
139001,0,0
127187,0,0
14062,0,0
73441,0,0
3716,1,1
138829,1,1
135049,1,0
34041,1,1
86669,0,0
14429,0,0
47857,0,0
68752,0,0
46425,0,0
97747,0,0
56839,0,0
83120,0,0
21404,0,0
125564,0,0
57412,0,0
134057,1,1
33495,0,0
114830,0,0
144904,0,0
106212,1,0
102770,1,0
99711,0,0
96496,0,0
132736,0,0
68007,0,0
140761,0,0
105308,0,0
138042,0,0
24647,1,0
100170,1,1
82152,0,0
143931,0,0
19239,1,1
116285,0,0
13664,0,0
11560,1,1
39723,0,0
100856,0,0
81822,0,0
52974,0,0
42913,0,0
81240,0,0
96542,0,0
59610,0,0
142298,0,0
896,0,0
77210,1,1
135125,0,0
36057,0,0
93960,1,0
38358,1,1
63044,0,0
110652,0,0
99826,0,0
121112,0,0
137881,0,1
35999,0,0
37869,0,0
76648,1,0
14545,0,0
98357,0,0
93464,0,0
269,0,0
5093,0,0
98823,0,0
19879,0,0
110506,0,1
14371,1,0
68430,0,0
81710,0,0
45323,0,0
122783,0,0
54478,0,1
139891,0,0
99709,0,0
128091,1,1
40223,0,0
103924,0,0
3373,1,1
27223,0,0
129428,0,1
88052,0,0
41966,0,0
116049,0,0
126389,0,0
75807,0,0
72507,0,0
26839,1,1
25354,0,0
143894,0,0
121174,0,0
71890,0,0
70767,0,0
141668,0,0
117341,0,0
143295,0,0
41880,0,0
32681,0,0
73004,0,0
42753,0,0
120143,0,0
136870,1,0
78621,0,0
100419,0,0
126601,0,0
119191,0,0
133639,0,0
94271,0,0
18615,1,0
104109,1,1
92496,0,0
133718,0,0
39439,0,0
29151,0,1
83938,0,0
59889,0,0
4943,0,0
81638,0,0
67485,0,0
100196,1,1
38729,0,0
30333,0,1
67968,0,0
126170,0,0
144858,0,0
6838,0,0
117453,0,0
104083,0,0
65472,0,0
64980,0,0
63776,0,0
144447,0,0
89828,0,0
23784,0,1
36146,0,0
79579,1,0
80356,0,0
82749,0,0
37007,1,1
4216,1,0
71100,0,0
36360,0,0
128462,1,1
22625,0,1
22275,1,1
139771,0,0
128707,1,1
96075,0,0
131713,0,0
132279,0,0
64082,0,0
25375,1,0
63617,0,0
53940,0,0
44537,0,0
35571,0,0
141999,0,0
137163,0,0
29838,0,0
102817,1,1
57482,0,0
38329,1,0
84678,1,0
104267,1,1
97682,1,1
45184,0,0
94591,0,0
53294,0,0
41852,0,0
78738,0,0
133226,0,1
106451,0,0
98795,1,0
65537,0,0
45862,0,0
54714,1,1
138646,0,0
11834,0,0
78427,0,0
133788,0,0
92321,0,0
132978,0,0
127232,0,0
109945,0,0
7890,0,0
2701,1,1
83895,0,0
5441,0,0
45195,0,0
138559,0,0
24359,0,0
88877,0,0
56682,0,0
139657,1,1
87831,0,0
38934,1,1
29196,1,1
12573,0,0
73050,1,0
118724,0,0
4096,0,0
95541,0,0
22554,0,0
96872,0,0
33243,0,1
70825,0,0
100982,0,0
30724,0,0
88780,0,0
7385,1,0
89281,0,0
122981,0,0
88033,1,0
133750,0,0
12015,0,0
113371,0,0
63499,1,0
73742,0,0
23689,0,1
128959,1,0
12876,1,1
40721,0,0
36054,0,0
136785,1,0
133408,0,0
5109,0,0
111063,0,0
75055,0,0
116226,0,0
12475,0,0
96951,0,0
94189,0,1
144680,0,0
89710,0,0
38686,0,0
63604,0,0
111284,1,0
16238,1,0
106899,0,0
83967,1,0
144356,0,0
139505,0,0
98956,0,0
35162,0,0
51758,0,0
16288,0,0
101155,0,1
36415,1,1
130425,0,0
7412,0,0
41804,1,1
10283,0,0
81216,0,0
59844,1,0
41642,0,0
130929,0,0
14439,0,0
13698,0,0
116406,0,0
22624,0,1
83434,1,0
62035,0,1
9429,0,0
100701,0,0
119358,0,0
49434,1,0
46987,0,0
112599,0,1
140044,1,1
59118,0,0
130530,0,1
84501,0,0
125726,0,0
17111,1,1
113698,0,0
42070,0,0
144889,0,0
33628,1,0
13068,0,0
50497,0,0
77782,0,0
20965,0,0
105284,0,0
92861,0,0
25773,0,0
15518,0,0
114828,0,1
112693,0,0
145403,0,0
112558,0,0
6372,0,0
75842,0,0
19925,1,1
7488,0,0
2753,0,0
98457,0,0
126517,0,0
65509,0,0
123047,0,0
2331,0,0
86684,0,0
33123,0,0
102945,0,0
74039,0,0
128742,1,1
73290,0,0
61713,0,1
52103,1,0
128328,1,1
55892,0,0
84942,0,0
64245,0,0
73428,1,0
34655,0,0
26142,1,0
77113,0,0
39205,0,0
50986,0,1
80750,1,1
77967,1,0
43783,0,0
61776,0,1
29445,0,0
46101,0,0
135060,0,0
105504,0,0
16471,0,0
136918,0,0
131597,0,0
50401,1,0
110726,0,0
80499,0,0
100858,1,1
13789,0,0
27742,1,0
120163,0,0
125608,0,0
86504,0,0
26166,0,0
21717,1,0
61070,0,0
115178,0,1
97728,0,0
47005,0,0
136110,0,0
42315,0,0
101036,0,0
57410,0,0
473,0,0
36860,0,0
13366,0,0
63177,1,1
106560,0,0
35703,0,0
92057,0,0
29409,1,1
57212,0,0
29002,0,0
55028,0,0
48700,0,0
60186,0,0
48461,0,0
26581,0,0
77735,0,0
102767,0,0
17767,0,0
65101,0,0
84487,0,0
59930,0,0
88642,1,0
39440,1,0
63062,0,0
25742,0,0
96981,0,1
18805,0,0
108977,0,0
115187,0,0
135460,0,0
97915,1,0
87951,1,1
82064,0,0
75113,1,1
124541,0,0
121709,0,0
88238,0,0
97241,0,1
112643,0,0
75742,0,0
80048,0,0
31575,0,0
2814,1,0
11028,1,1
121201,0,0
124422,0,0
54331,0,0
26941,0,1
84734,0,0
77683,1,1
8827,0,0
16366,1,0
62098,1,0
38514,0,0
38523,0,1
134137,0,0
101507,0,0
124377,1,1
39285,1,0
125522,0,0
31825,0,0
145308,0,0
2680,0,0
112246,0,0
102200,0,1
139739,1,1
67710,0,0
115622,0,0
138812,0,0
123167,0,0
15483,0,0
24369,0,0
38546,0,0
54742,0,0
18326,0,0
123549,0,0
92823,0,0
63137,0,1
81162,0,0
96040,0,0
32883,0,0
26380,1,0
37304,0,0
103193,0,0
40534,0,1
2921,0,0
88498,0,0
72141,0,0
17327,1,0
98453,1,0
29225,0,0
81967,0,0
55681,0,0
103729,1,1
114449,0,1
121068,1,1
102509,0,0
47868,0,0
2617,1,1
65843,0,0
125410,0,0
41469,1,0
63214,0,0
45052,0,0
140429,1,1
145438,0,0
139714,1,0
78321,1,1
76369,0,0
106771,0,0
34441,0,0
51327,0,0
35106,0,0
519,1,1
64575,0,0
58801,0,0
129431,1,0
118534,1,1
132266,0,0
87631,1,0
96662,1,0
55604,0,0
119573,1,1
29362,1,1
137983,0,0
105988,0,0
131850,1,0
98449,0,1
110922,0,1
21624,0,0
104411,1,1
129492,1,1
19068,1,1
18965,1,1
95706,0,0
17965,1,0
62975,0,0
99575,0,0
22477,0,0
25206,0,0
106077,0,0
114570,0,0
46644,0,0
4332,0,0
139280,1,1
127070,1,1
122731,0,0
142612,1,1
34115,0,0
59683,0,0
43776,0,0
142395,0,0
77299,1,1
80063,0,0
41587,0,0
56132,0,0
130726,0,0
93734,1,1
91558,0,0
121932,0,0
91171,0,0
104431,0,0
5591,0,0
112382,0,0
132757,0,0
140771,0,0
99106,0,0
57016,0,1
124451,0,0
29191,0,0
17248,1,0
61269,0,0
56930,0,0
106474,0,0
65164,1,1
91020,1,0
143663,1,0
114084,0,0
39679,1,1
95236,0,0
28564,1,1
122752,1,0
111901,0,0
138299,0,0
53896,0,0
33539,1,0
11927,0,0
41364,0,0
16368,0,0
135979,0,0
124866,1,0
134782,0,0
63902,0,1
4309,1,0
12643,0,0
77239,1,1
10462,0,0
7058,0,0
123434,1,1
8942,0,0
9789,0,0
139489,0,0
62968,1,1
46381,0,0
49664,1,1
134931,0,0
87688,1,1
5665,0,0
135385,1,1
6411,0,0
18338,0,0
90380,0,0
123491,1,1
137617,0,0
10075,0,0
8761,1,1
54064,0,0
66272,0,0
115314,0,0
17049,1,0
20403,1,1
49225,1,0
117014,0,0
11773,0,0
94645,0,0
115204,0,0
85209,0,0
145374,0,0
112871,1,0
136706,0,0
123606,0,0
47444,1,0
357,0,0
48947,0,0
66701,0,0
141277,0,0
107604,0,0
94230,0,0
20794,1,1
31955,0,0
54485,0,0
81913,1,1
86946,0,0
107646,0,0
36320,0,0
81672,0,0
76243,1,1
55607,0,0
116450,0,0
104102,0,0
114906,0,0
25882,0,0
4655,0,0
139379,0,1
19791,0,0
91985,0,0
131803,0,0
141049,1,1
132245,1,0
66644,0,0
129722,0,0
26113,0,0
64389,0,0
35812,0,0
45268,0,0
105889,0,0
43956,0,1
33192,1,1
67365,1,1
119026,1,1
75498,0,0
69180,0,0
103926,0,0
105218,0,0
23488,0,0
137819,0,0
126400,0,0
10020,0,0
139478,0,0
68553,0,0
43265,0,0
40589,0,0
24607,0,0
43051,0,0
34941,0,0
98593,0,0
43435,1,0
58175,0,0
141479,0,0
127303,0,0
115923,0,0
127723,0,1
36310,0,0
87404,0,0
34843,0,0
121159,0,0
8021,0,0
80358,0,0
24562,0,0
65106,0,0
96905,0,0
121366,0,0
96752,1,0
121976,0,0
48685,0,0
1355,0,0
107603,0,0
109548,1,1
30131,0,0
79646,1,1
118769,0,0
34934,0,0
16722,1,0
12395,0,0
74665,0,0
126280,0,0
100278,0,0
35172,0,1
7641,0,0
62328,0,0
27553,0,0
69405,1,0
34691,1,1
31777,1,0
75167,0,0
120160,0,0
72220,0,0
35369,0,0
55692,1,1
140920,0,0
4020,1,1
25518,0,0
30307,1,0
23719,0,0
30380,0,1
88441,1,1
58028,0,0
120294,1,1
66626,1,0
65579,0,0
141565,0,0
68204,1,0
112450,1,1
49470,0,0
31184,1,1
14509,0,0
143453,0,0
46658,0,0
102248,0,0
64501,0,0
110157,1,1
103030,1,1
81717,0,0
99196,0,0
2818,0,0
65699,0,0
101279,0,0
80973,0,0
29520,0,0
51967,1,0
94167,1,0
14147,1,0
26636,0,0
28372,0,0
67336,0,0
109412,0,0
101270,1,1
143534,0,0
73633,0,0
70570,0,0
110302,0,0
66233,0,0
141105,1,1
137406,0,0
59290,0,0
59268,0,0
105720,0,0
83487,0,0
12149,0,0
2037,0,0
6816,0,0
116256,1,1
105498,1,0
62621,0,0
72073,0,0
105203,0,0
55348,1,0
107558,0,0
78888,0,0
58666,0,0
102533,0,0
43387,1,1
54763,1,1
135881,0,0
49181,0,0
123905,0,0
62165,0,1
4777,0,0
99942,1,1
111396,0,0
2167,0,0
29240,1,1
13113,0,0
121249,0,0
66036,0,0
103296,0,0
105871,0,0
79206,0,0
471,0,0
140453,0,0
140684,0,0
1597,1,1
24081,1,1
35592,0,0
20278,0,1
98291,0,0
76900,0,0
93020,0,0
23108,0,0
3574,0,0
28327,0,0
78027,0,0
108572,0,0
129044,0,0
68987,0,0
140978,0,0
18284,1,1
128626,0,0
90880,0,0
51251,1,1
22645,1,1
95523,0,0
144968,0,0
28262,1,0
110293,0,0
37538,1,1
34434,0,0
117245,0,0
38442,0,0
121321,0,0
103762,1,1
74940,1,1
114836,1,1
138209,1,0
124852,0,0
118647,0,0
83908,0,0
29921,0,0
143918,0,0
4554,1,1
134001,1,1
93814,0,0
112375,0,0
607,1,1
114987,0,0
112804,1,1
20314,0,0
64880,0,0
63704,0,0
74271,0,0
6360,0,0
54198,0,0
113010,0,0
32668,1,1
17552,1,0
16891,0,0
127767,1,1
92810,1,0
52174,0,0
117086,0,0
67356,0,1
132416,1,1
110886,0,1
19880,0,0
137507,0,0
118863,1,0
37052,0,0
127927,0,0
80405,0,0
61224,1,0
126864,0,0
141381,0,0
67264,0,0
119780,0,0
41370,1,1
26255,0,0
139555,0,0
88882,0,0
10142,0,0
16204,1,1
27673,0,0
123869,0,0
79640,0,0
15511,0,0
64097,0,0
100423,0,0
96780,0,0
36062,1,1
131356,0,0
36241,0,0
133080,0,0
50200,0,0
71234,1,1
109702,0,0
24696,1,0
15278,1,1
126455,1,1
87173,0,0
27432,0,0
637,0,0
52736,1,0
130426,0,0
36005,0,0
71621,0,0
89843,0,0
81556,1,1
80123,0,0
14180,1,0
31146,0,0
124622,1,0
229,0,0
84288,0,0
68447,0,0
111850,1,1
51031,0,0
85259,0,0
127177,0,0
55933,0,0
113850,1,1
68101,1,1
51631,1,0
19433,0,0
21756,1,1
97105,1,1
2218,0,0
94256,0,0
74068,0,0
103267,0,0
45858,0,0
120669,1,1
56603,0,0
98188,0,0
22214,0,0
59064,0,0
60582,1,1
72326,0,0
41098,1,0
23338,0,0
73023,0,0
57351,0,0
122597,0,0
144032,0,0
45924,1,0
111597,0,0
50816,0,0
130162,0,0
94394,0,1
128500,0,0
19311,0,0
79780,0,0
65329,1,1
105816,0,0
74921,0,0
143091,0,0
23566,0,0
97983,0,0
24176,0,0
39065,1,0
99962,0,0
119969,0,0
4660,0,0
123688,0,0
21554,0,1
138637,1,1
125755,0,0
86368,0,0
58722,0,0
135090,0,0
143063,0,0
85921,0,1
131487,0,0
88586,0,0
118033,0,0
50645,0,1
136816,0,0
141026,1,1
4556,0,0
133533,0,0
44231,0,0
75566,1,1
113194,1,1
66714,0,0
9850,1,0
80534,0,0
53681,1,1
40472,0,0
92363,0,0
23452,0,0
134364,1,1
48577,0,0
92780,0,0
45212,0,0
7604,0,0
43954,0,0
78005,0,0
109691,0,0
54403,0,0
1930,1,0
38284,0,0
37683,0,0
88044,0,0
32322,1,1
82316,0,0
6535,0,0
109053,0,0
124615,0,0
143087,0,0
27941,0,0
101130,1,1
67878,1,1
51451,0,0
10,1,0
78496,0,0
92578,0,0
144067,0,0
38465,0,0
10516,1,0
117881,1,1
55183,0,0
93965,0,0
97292,0,0
83457,0,0
6302,0,0
90108,0,1
50527,0,0
106563,0,0
15307,0,0
145001,0,0
105112,0,0
103146,1,1
111279,1,1
35603,0,0
90367,0,1
89765,0,1
11606,0,0
50452,0,1
10410,1,0
31716,0,0
120456,0,0
38851,0,0
23380,0,0
18858,0,0
140537,0,0
107783,0,0
133277,0,1
47009,0,0
5449,1,1
54302,1,1
145435,0,0
91733,0,0
1838,0,0
101458,1,1
14005,0,0
120382,0,0
138693,0,0
138653,0,0
88159,0,0
99176,1,1
138625,0,0
18557,0,0
67193,0,0
26132,1,1
64268,0,0
59927,0,0
54718,1,1
78067,0,0
118003,0,0
137358,0,0
7459,0,0
37158,0,0
39329,0,0
102464,1,1
4854,1,0
37162,0,0
24138,1,0
99050,0,0
92199,0,0
140474,1,0
2332,0,0
7473,0,0
101633,0,0
117134,0,0
74106,0,0
1769,0,0
45652,0,0
136815,0,0
47872,1,0
91583,0,0
124217,0,0
109871,1,1
79513,0,0
19163,0,0
10839,1,1
99524,1,1
14409,0,0
22135,0,0
104093,0,0
13902,0,0
42689,1,1
82540,0,0
49331,1,0
142189,1,1
129844,1,0
21852,0,0
59305,0,0
102213,1,1
23387,1,0
115647,0,0
145140,0,0
1876,0,0
11969,1,1
139065,0,0
130172,0,0
40031,0,0
119498,0,0
131120,0,0
141440,1,1
77963,0,0
57054,1,1
57193,1,1
77366,0,0
72651,0,0
79323,0,0
21071,0,0
34575,1,1
57596,0,0
127524,0,0
68604,1,1
66310,0,0
104514,0,0
9720,1,0
96064,0,0
9846,1,1
143293,0,0
82204,1,1
31435,0,0
130436,0,0
12231,0,0
133309,0,1
39036,0,0
21159,0,0
127374,1,1
17514,0,1
90044,1,1
47983,0,0
144166,0,0
117198,0,0
99378,0,0
122236,0,0
111221,0,0
49988,0,0
54659,0,0
111747,0,0
121955,0,0
110867,0,1
27582,0,0
22488,0,0
28658,0,0
104780,1,1
115943,0,0
105883,0,0
74503,1,0
85448,0,1
64390,0,0
9822,0,0
88032,1,0
6263,0,0
139760,1,0
114897,0,0
29009,0,0
10307,0,0
87201,0,0
80635,0,0
2257,0,0
29515,0,1
40848,0,0
60874,1,0
84331,0,0
73401,0,0
135216,0,0
85781,0,0
57331,1,1
23893,0,0
39235,0,0
102814,0,0
133848,0,0
46455,0,0
9845,0,0
83363,1,1
80568,0,0
107762,0,0
124139,0,0
133468,1,0
84943,0,0
102841,0,0
34444,1,0
131798,1,1
62431,1,0
18155,1,1
130258,0,1
141288,0,0
61054,0,0
70694,0,0
122185,0,0
108747,0,0
10933,0,0
68196,1,1
50729,0,0
143690,1,1
5645,0,0
85311,1,1
74655,0,0
40088,1,1
118491,0,0
100178,1,1
8339,0,0
37710,0,0
88941,0,0
106939,0,0
12835,1,1
4916,0,0
118490,0,0
14814,0,0
12057,1,1
56313,1,1
17439,0,0
89871,0,0
64821,0,0
38973,0,0
92961,1,0
86220,0,0
142546,0,0
744,0,0
92657,0,0
123282,0,0
98285,1,1
24349,0,0
120409,0,0
83733,0,0
5240,0,0
3125,0,1
17328,1,1
71183,0,0
71958,1,0
36514,0,1
34061,0,0
123537,0,0
120849,0,0
99,1,0
12600,0,0
62904,0,0
110982,0,0
134830,0,0
61872,0,0
66604,0,0
47140,0,0
108011,0,0
9585,0,0
143725,1,1
114238,1,1
45294,0,0
62244,0,0
77485,0,0
111716,0,0
1307,0,0
10314,0,0
426,0,0
17191,0,0
78432,0,0
75220,1,1
88093,0,0
88322,0,1
61548,0,1
141843,0,1
114958,0,0
43299,0,0
136151,0,0
14028,0,0
72357,1,1
104626,0,0
112475,1,1
136899,1,1
138094,0,0
101209,1,1
42920,0,0
119101,0,1
118779,0,0
44233,0,0
85387,0,0
2414,0,0
19431,0,0
138644,0,0
80782,1,1
40050,1,1
137567,0,0
31426,0,0
103531,0,0
23486,1,1
138058,0,0
28033,0,0
134826,0,0
62418,1,0
111859,1,0
131099,0,0
61226,0,0
136058,0,0
7548,1,0
43667,1,1
104253,0,0
121064,1,0
30573,0,0
22537,0,0
62066,0,0
144683,0,0
38228,0,0
117147,0,0
124113,0,0
92194,0,0
83642,1,1
2817,0,0
123744,0,0
77620,1,1
24718,0,0
85364,0,0
85998,0,0
109347,0,0
80042,0,0
53862,0,0
77961,1,1
69128,0,0
12624,0,0
91264,0,0
117841,0,0
109071,0,0
48367,0,0
55289,1,1
11638,0,0
30781,0,0
84927,1,1
85187,0,0
87883,1,0
2708,0,1
9283,0,0
130983,1,1
53346,0,0
14277,1,1
14074,0,0
33223,1,1
112061,0,0
107998,0,0
131034,0,1
1264,0,1
66576,1,0
18376,0,0
98375,0,1
139924,1,0
74852,0,0
78436,0,0
86152,0,0
141091,0,0
38689,0,0
46918,1,0
122930,0,0
63725,1,1
19381,1,1
59897,0,0
7508,0,0
124084,1,0
26021,0,0
105586,0,0
118171,0,0
47037,1,1
101143,1,1
32282,1,1
141550,0,0
65082,0,0
101959,1,0
25660,0,0
98601,0,0
12165,0,0
43313,0,0
100584,0,0
23329,0,0
85354,0,0
42968,0,0
122699,0,1
27813,1,0
134330,0,0
13506,0,1
108792,1,1
103610,0,0
135445,0,0
101053,0,0
49814,0,0
22734,1,0
34698,1,1
6698,0,0
108626,0,0
107083,0,0
141067,1,1
75067,0,0
121462,0,0
59093,1,1
16509,0,0
60628,0,0
14177,0,0
8321,0,0
43065,0,0
117507,0,0
133442,0,0
114413,0,0
82503,1,1
12295,0,0
109230,0,0
100936,0,0
96751,0,0
26496,1,0
130579,0,0
59792,0,0
22820,1,0
31645,0,0
19475,1,0
73129,0,0
38401,0,0
121954,0,0
79682,0,0
87058,0,0
36106,0,0
27528,0,1
138545,0,0
64662,0,0
1104,0,0
53564,0,0
77125,1,0
86047,1,1
66359,0,0
3049,0,0
123678,0,0
39800,1,0
117743,0,0
100217,0,0
125771,0,0
113123,0,0
34811,0,0
33057,1,1
33135,0,0
22725,0,0
113603,0,0
7434,1,1
3258,0,1
121118,0,0
88878,0,1
49758,0,0
112301,0,1
625,1,1
92024,0,0
88379,0,0
74096,0,0
28265,1,1
77783,0,0
10413,0,0
16158,0,0
135264,0,0
112950,0,0
802,1,1
60920,0,0
38656,0,0
122678,0,0
52719,0,0
139288,0,0
102168,1,1
5762,0,0
42639,0,0
2308,0,0
31897,0,0
38768,0,0
12168,1,1
8261,0,0
124229,0,0
120066,0,0
52607,1,0
83193,0,0
85468,0,0
12029,1,1
93774,0,0
107385,0,0
121197,0,0
37509,0,0
13938,0,0
44498,0,0
111935,0,0
130195,0,1
142714,0,0
75764,0,0
129546,1,1
111601,0,0
31769,0,0
87321,0,0
114728,1,0
87091,0,0
18932,0,0
32617,0,0
1289,1,1
12901,0,0
131586,0,0
106868,0,0
78830,1,1
118031,0,0
131457,0,0
36229,0,0
79095,1,1
22002,1,0
20653,0,1
140544,0,0
25587,0,1
130538,0,0
70517,0,0
83463,0,0
52450,1,1
5537,0,0
26814,1,1
86729,1,1
130646,1,0
8437,0,0
62355,0,1
12889,1,1
96514,0,0
59577,0,0
119270,0,0
110634,1,1
91957,1,0
33231,0,0
132752,0,0
41204,0,0
94668,0,0
63190,0,0
23180,0,0
29833,0,0
111781,1,1
107601,0,0
82663,1,1
39246,0,0
106149,0,0
142720,0,1
98044,0,0
47172,0,0
37768,0,0
10901,0,0
10047,0,0
38921,0,0
20415,0,0
2839,0,0
32921,1,1
79050,0,0
125279,1,1
80495,0,0
32828,0,0
93730,1,0
31578,0,0
64353,0,0
21659,0,0
119013,0,0
28332,0,0
32725,0,0
142696,0,0
121023,1,1
57791,1,1
78583,0,1
11405,0,0
49211,0,0
15898,0,0
75441,1,1
46633,0,0
85136,0,0
120133,0,0
64387,0,0
2074,0,0
124307,0,0
61813,0,0
111132,0,0
13448,0,0
132065,0,0
49081,0,0
12862,0,0
136786,1,1
8997,0,0
13872,0,0
112494,1,0
14436,0,0
52166,0,0
8873,0,0
8433,1,0
64595,0,0
129706,0,1
56624,0,0
11769,0,0
103873,1,1
45630,0,0
17796,0,0
98595,0,0
34428,0,0
130797,0,0
52081,0,0
135588,0,0
35477,0,0
38174,1,1
74962,0,0
10520,0,1
34935,0,0
5565,0,0
93118,1,1
55327,0,1
114108,1,0
30160,1,1
88361,0,0
38233,0,0
121355,1,0
116870,0,0
55677,1,1
127821,0,0
29459,1,1
16210,0,0
60535,0,0
45456,0,0
35525,0,0
58993,1,0
81931,0,0
16895,0,0
39313,1,1
63762,0,0
63187,1,1
67339,0,0
17034,0,1
63742,0,0
44832,0,0
82078,0,0
18768,0,0
62045,0,0
8667,0,0
99427,0,0
77786,0,0
120500,1,0
13205,0,0
102268,1,1
123073,0,0
58585,0,0
32618,0,0
145089,0,0
120048,0,0
108436,0,0
59377,0,0
27862,0,0
3853,0,0
126590,0,0
32462,0,0
18399,0,1
138169,0,0
130836,0,0
39032,0,0
93949,0,0
59139,0,0
41606,0,0
36580,0,0
125489,0,0
58106,0,0
141039,0,0
50910,0,0
11785,0,0
31266,0,0
126265,0,0
109469,0,0
107963,0,0
54375,0,0
82740,0,0
142524,0,0
33504,1,1
91176,0,0
122077,1,1
30451,1,0
134492,0,1
20384,0,0
39392,0,0
100385,1,1
59757,0,0
6455,0,0
23830,0,0
94032,1,1
118795,0,0
9769,1,0
124530,0,0
125577,0,0
81796,0,0
29722,1,1
82424,0,0
80661,0,1
90576,0,0
35883,0,0
25565,0,1
26347,0,0
95826,0,0
119466,0,0
88665,1,1
80603,0,0
26649,0,1
144659,0,0
86179,0,0
54165,0,0
102495,0,0
121970,0,0
33631,1,1
53359,0,0
38106,0,0
104821,1,1
32218,0,0
138070,0,0
14999,0,0
45663,1,1
61143,1,0
669,0,0
84260,1,1
9456,1,0
115078,0,0
81812,0,0
23166,0,1
138413,0,0
43081,0,0
92653,1,0
43436,0,0
88477,0,0
124637,0,0
74142,0,0
24981,0,0
178,0,0
23269,1,1
104823,0,0
106890,0,0
38642,0,0
11418,1,0
10326,1,0
103600,0,0
20869,0,0
117626,0,0
18073,1,0
143661,0,0
53419,1,0
60462,0,0
32383,0,0
382,0,0
132996,0,0
20039,1,0
159,0,0
119872,0,0
57620,1,0
85515,0,0
27254,0,0
65307,0,0
11586,0,1
123860,0,0
116188,1,1
125508,0,0
136130,0,0
17255,0,1
39460,1,1
37504,0,0
97657,0,0
35296,0,0
62380,1,1
49747,0,0
64416,0,0
137522,0,0
17988,1,0
141980,0,0
19778,0,0
110786,1,0
6592,0,0
104524,0,0
114189,0,0
145250,0,0
33091,1,1
36056,0,0
44666,0,0
2064,0,0
138623,0,0
121960,0,0
56446,1,1
44675,0,0
121872,0,0
74394,0,0
94618,0,0
59332,0,0
103178,0,0
114302,1,1
35955,0,0
123612,0,0
81771,0,0
48502,1,1
97311,0,0
82944,1,1
110689,0,0
24536,0,0
30900,0,0
72027,0,0
92062,1,0
130071,0,0
56252,0,0
143498,0,0
126690,0,0
79046,1,0
63168,0,0
112830,0,0
93523,0,0
142131,1,1
4397,0,0
55772,0,0
111076,0,0
110091,1,1
25152,0,0
18071,0,0
140729,1,1
74806,0,0
60122,1,1
132597,0,0
68718,0,0
17002,0,1
133684,0,0
558,0,0
63471,1,1
41302,0,0
37572,1,1
47242,0,0
68228,0,0
62417,0,0
143432,0,0
65824,0,1
92246,1,0
55661,0,0
6938,0,0
678,0,0
11722,1,1
121527,0,0
99074,0,0
68583,1,0
70114,1,1
128941,0,0
73308,0,0
118069,0,0
131523,0,0
80383,1,0
34013,0,0
18160,1,1
119700,0,0
140035,1,1
114405,0,0
76416,0,0
67818,0,0
106575,0,0
18000,0,0
87186,1,0
126889,0,0
42011,0,0
84144,0,0
34962,0,0
58480,0,0
53076,0,0
143173,0,0
52086,0,0
136304,0,0
144161,0,0
33284,0,0
55325,0,1
95695,0,0
49389,0,0
71399,0,0
125552,0,0
59729,1,1
11451,0,0
56272,1,1
49292,0,0
36132,0,0
45840,0,0
133991,1,1
60636,0,0
82159,1,1
78774,0,0
35660,0,0
16976,0,0
23136,0,0
86634,0,0
73670,0,0
11018,0,1
14045,0,0
16505,0,0
50601,0,0
90600,0,0
102561,0,0
57853,0,0
54519,0,0
16950,0,0
100813,0,0
84791,0,0
72509,0,0
16559,0,0
103551,0,0
96753,0,0
37749,1,0
130856,0,0
64216,0,0
92176,0,0
63961,0,0
73685,1,1
72069,0,0
137705,0,0
13323,1,1
11627,1,1
32754,1,1
67719,0,0
76729,0,0
22721,0,1
91738,1,1
19232,0,0
118983,0,0
103676,1,0
140960,0,0
49965,0,0
32916,0,0
78196,0,0
118725,1,1
70124,1,1
21439,0,0
100922,0,0
21614,0,1
8470,0,0
92345,0,0
31728,0,0
68947,0,0
118394,0,0
143863,0,0
67931,1,1
21655,1,1
130178,1,1
144391,0,0
130735,0,1
33649,1,1
6902,0,0
65399,0,0
103199,0,0
84233,1,1
129520,0,1
8504,1,0
43734,1,1
39411,0,0
36252,1,0
53918,0,0
78762,0,0
11719,0,0
133297,1,1
70545,0,1
9291,0,1
24781,0,0
70309,0,0
52622,0,0
15011,0,0
3750,0,0
4982,1,0
85958,0,0
17216,0,0
27127,0,0
32345,0,0
90650,0,0
84581,0,0
89869,0,0
92641,0,0
112985,0,0
137577,0,0
12500,0,0
18493,0,1
10482,1,1
29386,0,0
96382,0,0
29263,0,0
83290,1,1
121192,0,0
125073,0,0
124211,0,0
19126,1,0
78790,1,1
144635,0,0
140130,0,0
37992,0,0
78016,0,0
111313,0,0
32166,0,0
64201,0,0
40078,0,0
130035,0,0
4580,0,0
115216,0,1
61459,0,0
79523,1,1
12089,0,0
94485,0,0
139687,1,1
90595,0,0
129214,0,0
65734,0,0
29433,0,0
126320,1,1
72907,0,0
70489,0,0
29268,0,0
140094,1,1
71589,0,0
140556,0,0
60808,1,1
113188,1,1
124774,0,0
91210,0,0
114086,0,0
137629,0,0
121869,0,0
98983,0,0
96605,0,0
13456,0,0
97036,0,1
10937,0,0
123521,1,1
25283,1,1
139314,1,1
92384,1,1
95850,0,0
144490,0,0
64708,0,0
101009,0,0
49397,0,0
22996,0,0
117776,0,0
119310,0,0
84056,0,0
9817,0,0
29786,0,0
91091,0,0
79861,0,0
101690,0,0
13795,0,0
74677,0,0
64716,0,0
54873,0,0
8382,0,0
47491,0,0
99395,0,0
22071,1,1
31676,0,0
44684,0,0
120247,0,0
30058,1,1
3946,0,0
54882,0,0
68418,0,0
95923,0,0
56202,0,0
14709,0,0
126961,1,0
62941,0,0
91410,1,1
48400,0,0
34783,0,0
123350,0,0
79820,0,0
85138,0,0
42304,0,0
34396,0,0
7797,0,0
105099,0,0
26415,0,0
19280,1,0
51548,1,1
48553,0,0
39581,1,1
17648,1,1
101078,1,1
119453,1,1
38828,0,0
85923,0,0
96136,0,0
24102,0,0
85855,0,0
18504,1,0
70543,1,0
102943,0,0
40688,0,0
61527,0,0
96003,0,0
72088,0,0
109745,0,0
108871,1,0
101612,0,0
14117,0,0
74763,0,0
11506,0,0
141307,0,0
96371,1,0
117243,0,0
137340,0,0
98752,0,0
120985,0,0
113649,0,0
13612,0,0
96315,0,0
123695,1,1
6158,0,0
89296,0,0
93691,0,0
47989,0,0
94872,0,0
116851,0,0
80948,0,0
138788,0,0
42196,0,0
7191,0,0
9002,0,0
5341,0,0
80536,0,0
102448,0,0
45612,0,0
101135,1,1
84585,1,1
91707,1,1
58703,0,0
71971,0,0
122913,0,0
82160,0,1
60854,0,0
73094,0,0
31706,0,0
114964,0,0
46527,1,1
121578,0,0
123719,0,0
58827,0,0
130057,0,0
16918,1,1
132717,1,0
28073,0,0
63955,0,0
127197,0,0
11541,0,0
119903,0,0
65982,0,0
65797,0,1
92493,1,1
139227,0,0
27866,1,1
5451,0,1
45937,0,0
9701,1,1
85329,1,1
77038,0,0
24863,0,0
98794,0,0
91365,0,1
32373,0,0
137226,1,1
2668,1,1
74055,0,0
64424,0,0
77768,0,0
9221,0,0
23770,0,0
114410,0,0
32281,0,0
136212,0,0
59231,0,1
133338,0,0
15140,0,0
31590,1,1
98418,1,1
116591,0,0
38512,0,0
144281,0,0
127340,0,1
112501,0,0
131608,0,1
61842,0,0
119937,0,0
33508,0,0
79886,0,0
107379,0,0
82423,0,0
1587,0,1
52982,0,0
24082,1,1
33510,0,1
101927,0,0
31097,1,1
30657,1,1
102121,1,0
104001,0,0
101257,0,0
42827,1,0
103943,0,0
39954,0,0
6489,0,0
45034,1,1
14713,0,0
99802,1,1
12702,0,0
21481,0,0
128503,0,0
119552,1,1
48641,0,0
32758,0,0
46813,1,1
22240,0,0
64448,0,0
121155,0,0
61186,0,0
123178,1,1
111819,0,0
30700,1,1
104182,1,1
89160,0,0
61665,0,0
82466,0,0
119400,0,0
67090,0,0
91736,1,1
90213,0,0
117193,0,0
95166,0,0
80027,0,0
87797,0,0
105657,0,0
145191,0,0
59146,0,0
137806,0,0
19277,0,0
63477,1,1
17798,0,0
28308,1,0
2472,0,0
5067,0,0
15148,1,1
131458,0,0
141996,0,0
130897,0,0
31122,0,1
7544,0,0
40992,0,1
47901,0,1
82654,0,1
66601,1,1
73145,0,0
57825,0,1
52695,1,1
50534,0,0
138884,0,0
104688,0,0
53907,0,0
108349,0,0
112628,0,0
112350,0,0
90440,1,0
125112,1,0
6568,0,0
90129,0,0
8646,0,0
106115,0,0
24032,0,0
89926,1,0
135578,0,0
91212,1,0
66133,0,0
53535,0,1
109984,0,0
90137,0,0
34989,1,0
122228,0,0
9208,0,1
81092,0,0
8208,0,0
27115,0,0
97159,0,0
44385,1,0
120027,0,0
125110,0,0
90968,0,1
78705,1,0
87880,0,0
93901,0,0
127778,0,0
107990,0,0
112909,1,1
83654,0,1
51544,1,1
129834,1,1
69347,0,0
39239,1,0
139862,0,0
20452,0,0
43242,1,0
5872,0,0
20848,0,0
39017,1,1
111069,0,0
19922,0,0
139846,0,0
10580,0,1
25600,0,0
140752,1,1
99646,0,0
101569,0,0
127648,0,0
32020,0,0
88872,0,0
29493,0,0
86411,1,1
17133,1,1
99382,0,0
53060,0,1
115508,0,0
68258,0,0
7399,0,0
12567,0,0
88766,0,0
19786,0,0
73385,0,0
91889,0,0
80225,0,0
116675,0,0
26323,0,0
36248,1,1
39043,0,0
95119,0,0
133834,0,0
144669,0,0
29192,0,0
23360,0,0
99174,1,1
62805,0,0
98299,0,1
3970,1,1
4368,0,0
129414,1,1
11949,1,1
116289,0,0
88465,0,0
62510,0,1
63624,0,0
10228,0,1
125185,0,0
14431,0,0
137342,0,0
105315,0,0
31196,0,0
108129,0,0
29406,0,0
98300,0,0
38158,0,0
108339,0,0
10607,1,0
90773,0,0
35635,0,0
48441,0,0
142601,0,0
126075,0,0
88325,1,0
123102,0,0
118950,0,0
66691,1,1
38275,0,0
118144,0,0
51601,0,0
82565,1,1
125129,0,0
43358,0,0
141192,0,0
109379,1,0
23455,0,0
80664,0,0
103853,1,1
67964,1,1
116416,0,0
50939,0,0
85348,0,0
54712,0,0
124953,0,0
115011,0,0
110803,1,1
23351,1,1
60281,1,0
68698,1,1
20602,0,0
88206,0,0
88262,0,0
74790,0,0
48130,0,0
66545,0,0
74399,0,0
33532,0,0
54091,0,0
69132,0,0
22241,0,0
7950,1,0
45093,0,1
107822,0,0
55129,0,0
117042,0,0
6709,1,0
68508,1,0
112844,0,0
103779,0,0
28021,0,0
24229,0,0
23175,0,0
16171,0,0
142245,0,0
115239,1,0
30597,0,0
107592,0,0
90927,1,0
61218,0,0
67998,0,0
96801,0,0
78085,1,1
137261,0,0
46521,0,0
91698,1,1
2175,0,1
20597,1,1
6922,0,0
120614,0,0
43793,0,0
124585,0,0
38599,1,0
41295,0,1
86501,0,0
63841,0,0
110836,0,0
129061,1,0
106562,0,0
28961,1,1
8697,0,0
124191,0,0
117071,0,0
109987,0,0
47815,0,0
137863,0,0
16812,0,0
95443,0,0
118452,0,0
22085,0,0
45621,0,0
26431,0,0
33750,0,0
93705,1,1
72574,0,0
37487,0,0
126932,0,0
25843,1,1
83942,0,0
136337,0,0
22719,0,1
28814,0,0
52942,0,0
16830,0,0
83127,0,0
81858,0,0
117108,0,0
101005,0,0
115435,0,0
131190,0,0
74323,0,0
3824,0,0
133161,0,0
55729,0,1
77998,0,0
20106,0,0
83274,0,0
20654,0,1
142711,0,0
97538,0,0
67637,0,0
48912,0,0
16108,0,1
22499,1,0
115340,0,0
43298,0,0
1226,0,0
85547,0,0
129035,0,0
142868,0,0
77226,0,0
110371,0,0
228,0,0
32706,1,1
17774,1,0
50639,0,0
2538,0,0
12379,1,0
91283,0,0
87297,1,1
135564,0,0
140941,0,0
2450,0,0
98301,0,0
19649,1,1
82808,1,1
135981,0,1
65995,0,0
108,0,0
62032,0,0
89192,1,1
21023,1,1
53743,0,0
131225,0,1
90254,0,0
125915,0,0
16909,0,1
115351,0,0
73025,0,0
56216,0,0
89646,1,1
7340,0,0
1237,0,0
17769,0,0
38814,0,0
134949,1,0
115616,1,1
75864,1,1
72152,0,0
132990,0,0
8654,0,0
145113,0,0
62642,0,0
34832,0,0
63620,0,0
57270,0,0
132830,1,0
36208,0,0
38901,0,0
47687,0,1
94139,0,0
121341,0,0
125023,0,0
94972,0,0
48925,1,0
130201,0,0
6837,0,0
8679,0,0
104322,0,0
35932,0,1
75244,1,1
122462,1,1
22849,0,0
27808,1,1
66015,0,0
129544,0,0
75004,0,0
144774,0,0
94048,1,0
32187,0,0
120841,0,0
64532,1,1
97650,1,0
263,1,1
24249,1,1
82329,1,1
58712,1,1
7189,0,1
129602,0,0
20674,0,1
45509,1,1
23056,0,1
32640,1,1
98975,0,0
129993,1,0
79744,0,0
63866,0,0
37704,0,0
95506,0,0
37119,0,1
118892,0,0
10100,0,0
95556,0,0
95688,0,0
72202,0,0
82574,0,0
91817,0,0
79462,0,0
77279,1,1
145083,0,0
144471,0,0
131447,0,0
86226,0,0
69985,0,0
58448,0,0
81149,1,1
5296,1,0
64809,0,0
140529,0,0
134739,0,0
8144,1,1
138108,0,0
10412,0,0
99156,1,1
23020,0,0
105548,0,0
37349,0,0
109128,0,0
75451,1,0
119429,0,0
22019,1,0
62804,0,0
28908,0,0
69028,1,1
78965,0,0
118811,0,0
28512,0,0
75817,0,0
101637,0,0
123059,1,1
47721,0,0
93998,0,0
123329,0,0
78657,1,1
115413,0,0
143245,0,0
98505,0,0
2886,0,1
24275,0,0
38159,1,1
111636,0,0
49429,0,0
26620,0,0
138166,0,0
86142,1,0
122944,0,0
74148,0,1
115430,0,0
100576,1,1
3292,0,0
112740,0,0
125595,0,0
19663,0,1
35904,0,0
92955,0,0
113668,0,0
14231,0,0
48062,0,0
46656,0,0
21420,0,0
44332,0,0
20107,0,1
44289,0,0
48983,0,0
100214,0,1
989,0,0
4815,0,0
57677,1,1
136297,0,0
129476,0,1
39964,1,0
96146,0,0
40077,0,0
141635,0,0
16133,1,1
116619,0,0
25543,1,1
58582,0,0
16883,0,0
55285,1,0
125748,0,0
6678,0,0
100229,0,0
118286,1,1
40444,0,0
64049,0,0
120345,1,1
141080,1,1
129547,0,0
4468,0,1
12370,0,0
490,0,0
77769,0,0
77287,1,1
54401,1,1
99225,0,0
95044,0,0
14165,1,1
66570,0,0
133500,0,0
119031,0,0
86230,0,0
111085,1,0
48270,0,0
44074,0,0
17312,0,0
26418,0,0
59018,0,0
104516,0,0
137361,0,0
58442,0,0
141085,1,1
18926,0,0
22390,1,0
54189,0,0
71574,0,0
94941,0,0
13151,0,0
14583,0,0
120151,0,0
113041,0,0
135131,0,0
1287,1,1
103098,0,0
84863,1,1
58338,0,0
46019,0,0
122518,0,0
16343,0,0
134296,0,1
139387,0,0
125373,0,0
24445,0,0
82444,1,1
8985,0,0
3979,0,0
121777,0,0
124104,0,0
79026,0,0
25224,0,0
75870,1,1
99078,0,0
124246,0,0
12593,0,0
31750,0,0
8190,0,0
29582,0,0
143828,0,0
103620,0,0
123953,0,0
67328,0,0
141504,1,0
61835,0,0
116612,0,0
72858,0,0
131020,0,0
134201,1,1
10896,0,0
45557,0,0
31960,0,0
128266,0,0
107274,0,0
64676,0,0
6712,0,0
34753,0,0
38146,0,0
138422,0,0
103884,0,1
59063,0,1
50348,0,0
90226,0,0
26478,0,0
946,0,0
3734,0,0
122632,0,0
102378,0,0
135709,1,0
68125,1,1
111797,1,1
82945,1,1
57582,0,0
94109,1,1
88077,0,0
70976,0,0
140532,0,0
131643,0,0
109995,0,1
83263,0,0
144363,0,0
127587,0,0
143972,1,0
142008,0,0
145015,0,0
47169,0,0
55925,0,0
64385,0,0
129430,0,1
35825,0,1
11802,0,0
139495,0,0
11989,0,0
113769,1,1
84253,0,0
3179,1,1
74747,0,0
127678,0,0
49366,0,0
58248,0,0
33650,0,0
27200,0,0
19446,0,0
20270,0,0
82989,0,0
140557,0,0
83157,0,0
119810,0,0
117162,0,0
93427,0,0
38182,0,0
37168,0,0
54271,0,0
44626,0,0
28839,0,0
92568,0,0
34069,0,1
91316,0,1
118050,0,0
61922,1,0
73359,0,0
79941,0,0
105428,0,0
13924,0,0
141408,0,1
137581,0,0
53114,0,0
101893,0,0
91161,0,0
82438,0,0
37111,0,0
93981,0,1
65971,0,0
102003,0,0
125786,1,0
106936,1,1
13695,0,0
51517,0,0
55370,0,0
103138,0,1
131489,0,0
101913,0,0
94193,0,0
5029,0,0
42900,0,0
37241,0,0
19636,0,0
115563,1,1
60449,0,0
48679,0,0
53727,1,1
103540,0,0
79185,0,1
78312,1,0
78049,0,0
104614,1,0
36516,0,0
98085,1,1
101021,0,0
65670,1,1
67667,0,0
14922,0,0
122684,1,1
87418,0,0
84235,1,1
56263,0,0
136469,0,0
65692,0,0
81096,0,0
81744,0,0
114928,0,0
21805,0,0
38632,0,0
9296,0,0
48937,0,0
60443,0,0
117452,0,0
2431,0,0
47027,1,1
136644,0,0
20800,0,0
66790,0,0
34987,1,1
101477,1,1
74617,0,0
67467,0,0
23702,0,0
133606,1,1
24650,0,0
68234,0,0
764,0,0
143590,0,0
37073,0,0
93485,0,0
83155,0,0
91182,0,0
98186,1,0
52898,0,0
100538,0,0
3062,0,0
118584,0,0
87262,1,1
5248,1,1
10054,0,0
97844,0,0
31498,0,0
37560,0,0
139740,0,0
87424,0,0
95082,0,0
132220,1,0
39597,0,0
92407,0,0
64141,0,0
53096,0,0
5875,0,1
51611,0,0
103643,0,0
17971,0,1
132855,1,1
120599,1,0
116732,0,0
134818,0,1
114472,0,0
100324,0,0
138271,0,0
108966,0,0
49791,0,0
106724,0,0
33478,0,0
66558,0,0
4795,0,0
46229,0,0
66494,1,0
29686,0,0
80771,1,0
73189,0,0
22850,0,0
31589,1,1
89662,0,0
125533,0,0
120276,0,0
44692,0,0
96871,0,0
82529,0,0
82258,1,1
101662,0,0
7300,0,0
79903,0,0
119736,0,0
78536,1,0
132762,1,1
23995,1,0
36795,0,0
56628,0,0
45759,0,0
67480,1,0
70590,0,0
13611,0,0
143751,0,0
100246,0,0
111019,0,0
100037,0,0
77159,1,1
84750,0,0
56074,0,0
143841,0,0
20945,0,0
60056,1,1
42785,0,0
117878,1,1
125303,1,1
79642,0,0
64132,0,0
110036,0,0
26664,0,0
33831,1,1
25346,0,0
3112,1,1
125572,0,0
81882,1,1
144843,0,0
143948,0,0
135214,0,0
132498,0,0
63354,0,0
144747,0,0
138647,0,0
95218,0,0
124144,0,0
141496,0,0
2067,0,1
93023,0,0
34245,1,1
94846,0,0
46099,0,0
130305,0,1
76696,0,0
50295,0,0
22564,0,1
117099,0,0
89885,0,0
61361,0,0
17155,0,0
115554,1,0
87190,0,1
94231,0,0
87627,0,1
1718,0,0
66680,0,0
110421,0,0
144957,0,0
128775,0,1
109333,0,0
17120,0,0
114518,0,0
63242,0,0
56027,0,0
123375,0,0
13255,0,0
110403,0,0
64940,0,0
109489,1,0
88903,0,0
63773,0,0
18495,0,0
112059,0,0
86727,1,1
97066,1,0
22754,0,1
93886,0,0
72492,0,0
91414,1,0
15117,0,0
18141,0,0
32404,1,1
1273,0,0
9580,0,0
112936,0,1
25261,0,1
73948,0,0
100659,0,0
108167,0,0
83503,0,0
5070,0,0
81874,1,1
64343,1,1
44733,0,0
24122,1,1
16486,0,1
92720,0,0
102622,0,0
21371,1,1
86889,0,0
8405,0,0
120302,0,0
12879,0,0
92967,0,0
114424,0,1
141847,0,1
1397,0,0
28990,1,1
26482,0,0
120974,1,0
96619,1,0
128644,0,0
11987,1,1
111975,0,0
37318,0,0
139656,1,1
72742,0,0
144084,0,0
6769,0,0
34045,0,0
126956,0,0
6988,0,0
44034,0,0
63924,0,1
64025,0,0
106262,0,0
78638,1,1
56080,0,0
53687,1,0
99153,1,0
134441,0,0
125703,1,1
73491,0,0
42941,0,0
56321,1,1
115359,0,0
22883,0,0
45713,0,0
105691,0,0
47430,0,0
48346,0,0
77258,0,0
12922,0,0
8219,0,0
140431,1,1
38812,0,0
43339,0,0
18408,0,0
113847,1,0
52578,0,0
109533,0,0
78729,1,1
61161,0,0
2811,0,0
84026,0,0
62887,0,0
91097,0,0
58184,0,0
86986,0,0
63505,0,0
127620,0,1
17027,0,1
103443,1,1
36673,1,0
83905,0,0
88252,0,0
13034,0,0
18910,0,0
27101,0,0
12521,0,0
32054,1,0
13557,0,0
46988,1,1
45920,0,0
134336,0,0
103305,0,0
19088,1,0
45216,0,0
10779,0,0
4846,0,0
119669,0,0
6291,0,0
29842,0,0
94252,0,0
103695,0,0
42873,0,0
133037,0,0
34405,0,0
95508,0,0
64474,1,0
116745,0,0
35493,1,0
65568,0,0
116673,0,0
110230,1,1
89211,0,0
70385,0,0
122685,1,1
21689,0,1
101121,1,0
118729,0,0
56797,0,0
27523,0,0
65013,0,0
14917,0,0
71007,0,0
13180,0,0
76704,0,0
125745,0,0
113382,0,0
80920,1,1
12611,0,0
13582,0,0
144557,0,0
70857,0,0
137932,0,0
15592,0,0
74088,0,0
135927,0,0
17086,0,0
46030,0,0
135654,1,0
55112,0,0
105146,0,0
143135,0,0
142122,1,1
95736,0,0
17504,0,1
107267,0,0
124706,0,0
36154,0,0
48381,0,0
32518,0,0
35538,0,0
73070,0,0
144532,0,0
78869,0,0
49452,0,0
14332,0,0
124778,0,0
116922,1,1
85738,0,0
39998,1,0
128665,0,0
82327,0,0
125494,0,0
129785,1,1
71947,0,0
75461,0,0
27635,0,0
140167,0,0
87918,1,1
91868,0,1
28841,0,0
57727,0,0
30961,0,0
33834,0,0
11905,1,1
27241,0,0
65498,1,0
94330,0,0
81917,1,1
7975,0,0
121251,0,0
74646,0,0
97689,0,1
5654,0,0
66184,0,0
70347,0,0
45204,0,0
26896,1,0
25334,0,0
107628,0,0
135631,0,0
24529,1,0
133112,1,0
80923,0,0
5586,1,0
60972,0,0
76380,0,0
2506,0,0
26586,0,0
68650,0,0
136315,0,0
132187,0,0
35030,0,0
53149,1,0
100798,0,0
31910,0,0
67147,0,0
33625,0,0
73770,0,0
28522,0,0
106041,0,0
132102,1,0
566,0,1
33580,0,0
51077,0,0
41276,0,0
4608,0,1
37268,0,0
103706,0,0
139039,0,0
56928,0,0
5299,0,0
15390,1,0
82947,1,1
125767,0,0
108742,1,1
102073,0,0
1970,0,0
122155,1,1
36445,1,1
138938,0,0
47808,0,0
119564,0,0
103934,0,0
81174,0,0
94258,0,0
30734,0,0
49991,0,0
83837,0,0
109487,1,1
75424,1,0
87135,0,0
71225,0,0
76991,0,1
34407,0,0
76457,0,0
18901,0,0
126803,0,0
45222,0,0
76281,1,1
64911,0,0
18452,0,0
16785,0,0
99096,0,0
53231,0,1
16010,1,1
66009,0,0
65820,1,1
140468,0,0
66186,1,1
110444,0,0
119971,1,1
21938,1,0
102621,0,0
111413,0,0
6448,1,1
115374,0,0
91434,0,0
85001,0,0
72435,0,0
135418,0,0
23194,0,0
84880,1,0
9984,0,0
102087,1,1
18966,1,1
16991,0,0
43915,0,0
20052,1,1
51831,0,0
27912,0,0
54525,0,0
66011,0,0
9803,0,1
103918,0,0
79134,1,1
59173,1,1
88226,0,0
34229,0,0
79230,0,1
11049,1,0
40580,0,0
67535,0,1
142143,1,0
113530,1,1
94360,0,0
75095,1,1
114620,0,0
13899,0,0
32862,0,0
3867,0,0
127910,0,0
121071,1,1
43570,0,0
20551,0,0
58014,0,0
86177,1,0
72773,0,0
70229,1,1
16594,0,0
33359,0,0
104144,0,0
59874,0,0
38950,0,0
78029,0,0
23436,1,0
19941,0,1
3895,0,0
26456,1,0
101821,0,0
45725,0,0
138409,0,0
87613,0,0
26971,0,0
7160,0,0
131501,1,1
137243,0,0
115275,0,0
23515,1,0
102070,0,0
113637,0,0
132292,1,1
76926,1,1
14602,0,0
36143,1,1
65188,0,0
73840,0,0
138306,0,0
45836,1,1
122285,0,0
47875,0,0
107197,0,0
140048,1,1
40874,0,0
83335,0,0
29147,0,0
59338,0,0
69419,1,1
60359,0,0
108256,0,0
87578,0,0
2454,0,0
86710,0,0
52001,0,1
131460,0,0
26292,0,0
8867,0,0
78003,0,0
131966,0,0
12304,0,0
18356,0,0
132018,1,1
67173,0,0
29137,0,0
684,0,1
37061,0,1
8913,0,0
72113,0,0
56562,0,0
126950,0,0
105442,0,0
137575,0,0
13330,0,0
88542,0,0
20157,0,0
56261,0,0
118045,0,0
11128,0,0
75389,1,1
78528,1,0
121867,1,0
5562,0,0
46825,0,0
74118,0,0
97834,0,0
109815,0,0
91947,0,0
28339,1,1
53723,1,1
116316,1,0
102661,0,0
49231,1,0
122181,1,0
34754,0,0
85925,1,1
114301,1,1
58876,0,0
47877,0,0
145332,0,0
118695,0,0
51315,0,0
38557,0,0
30666,0,0
83776,1,1
81737,1,1
16928,1,1
18641,0,0
23415,1,1
101774,1,1
142441,0,0
22188,0,1
88552,0,0
11971,0,1
116907,1,1
20043,0,0
107426,0,0
71819,0,0
109130,1,0
55500,0,0
143810,0,0
65968,0,0
19574,0,0
36467,0,0
30719,0,0
79703,1,1
49316,0,0
122298,0,0
125109,0,0
30423,1,1
2001,0,0
7268,0,1
12728,1,1
55567,0,0
6183,0,0
122122,0,0
37054,0,0
113328,0,0
36297,0,0
55593,1,1
108749,0,0
64636,0,0
58489,0,0
82308,0,0
140200,0,0
85764,0,0
96301,0,0
138214,1,1
114636,0,0
95857,0,0
89390,0,0
53069,0,0
135605,1,0
61347,1,1
51699,0,0
38537,0,0
135707,0,0
23063,0,1
39677,1,1
135674,1,0
59509,1,1
11747,0,0
88051,0,0
39630,0,0
80531,0,0
59086,0,0
2419,0,0
39321,0,0
54027,1,1
100405,0,0
119559,1,0
2463,0,0
119473,0,0
23243,1,1
2480,0,0
74488,0,0
85010,0,1
109362,1,0
39838,0,0
15545,0,0
143438,0,0
27243,0,0
74659,1,1
134934,1,0
111883,1,0
96449,1,1
42901,0,0
5988,1,1
9206,0,1
89760,1,1
57326,0,0
118800,0,0
60409,0,0
130227,0,0
95956,0,0
47316,0,0
133831,0,0
75487,0,0
121721,0,0
15103,0,0
104373,1,0
69020,1,0
81532,1,1
145249,0,0
16457,1,1
126305,0,0
107254,0,0
65154,0,0
79543,0,0
81627,0,0
27498,0,0
88138,0,0
127231,0,0
139572,0,0
130202,1,0
118588,1,1
106253,0,0
73030,0,1
94285,0,0
16396,1,1
139570,0,0
41698,0,0
84582,0,0
19266,0,0
8822,0,0
20606,0,0
15208,0,0
49633,0,0
1409,0,0
105175,0,0
135059,0,0
83565,1,0
44081,0,0
107918,0,0
97290,0,0
24333,0,0
52059,0,0
20225,0,0
25651,0,0
109747,0,0
78041,0,0
60937,0,0
96658,0,0
4173,0,0
394,0,0
67124,0,0
2541,0,0
29759,0,0
98940,0,0
143106,0,0
143708,1,0
131853,0,0
102685,0,0
110885,1,0
115023,0,0
35615,1,0
105406,0,0
55801,1,1
52725,0,0
48048,0,0
60852,1,0
76855,0,1
136737,0,0
40763,1,0
20285,1,1
10427,0,0
127695,1,0
136989,0,0
63917,0,0
100596,0,0
76676,1,1
55699,0,0
52062,0,1
107753,0,0
123251,0,0
123816,0,0
40505,1,1
79006,0,0
88954,1,0
98501,1,0
78213,1,0
23595,0,0
126466,0,1
100662,0,0
71295,0,0
85534,0,0
130136,1,1
89953,1,1
7365,0,0
129077,0,0
58110,1,1
105420,1,1
34585,0,0
64289,0,0
35941,0,0
3460,0,0
94296,0,0
74352,0,0
62525,0,0
116089,0,0
127475,0,0
61483,0,0
5862,0,0
92756,0,0
119850,0,0
93179,1,0
48223,1,1
24639,0,0
89404,1,1
17415,0,0
70346,0,0
72731,0,0
71171,1,0
35343,1,0
45872,0,0
6879,0,0
49077,0,0
33986,0,0
31093,0,0
35382,0,0
116405,0,0
27688,0,0
144198,0,0
133175,1,1
8465,0,0
64357,0,0
53551,1,1
64838,0,0
99669,1,1
13009,0,0
18682,1,1
93472,0,0
78527,0,0
115520,1,1
82986,0,1
139729,0,0
39708,1,1
96653,0,0
66762,0,0
16490,0,0
125930,0,0
97249,0,0
110167,0,0
55309,0,1
100553,0,0
136243,0,0
101368,0,0
62861,0,0
19220,1,1
131856,1,0
62178,1,1
12603,0,0
73098,0,0
70032,1,1
82426,0,0
105854,0,0
40288,0,0
138698,0,0
1592,0,0
15635,0,0
4819,1,0
73710,0,0
11992,0,0
42094,0,0
21564,0,0
55714,1,1
99710,0,0
134357,0,0
65695,0,0
20007,1,1
48730,0,0
51071,0,0
78034,0,0
141447,1,1
100122,1,1
4729,0,0
125570,0,0
28637,0,0
99578,0,0
98461,0,0
64321,0,0
117867,0,0
113575,1,0
62171,0,0
110631,0,1
28216,0,0
120413,0,0
134469,0,0
128785,1,0
37201,0,0
82200,0,0
29863,0,0
74661,0,0
135827,1,0
11402,0,0
107238,0,0
142329,1,0
140966,0,1
41037,0,0
137301,0,0
107638,0,0
100212,0,0
5729,0,0
115652,0,0
143923,0,0
55988,1,1
61715,1,1
39233,0,0
33426,1,1
109496,0,0
37117,0,0
89922,0,0
131462,1,0
6470,0,0
43837,0,0
51537,0,0
82353,0,0
96392,0,0
25806,0,0
9288,0,0
53099,0,0
59404,0,0
84707,0,0
127113,0,1
80177,0,0
138490,0,0
42005,0,0
41855,0,0
125724,0,0
97652,0,0
56301,0,0
78773,0,0
91366,0,0
104705,0,0
55779,0,0
4170,0,1
51751,1,1
129210,0,0
67329,1,1
14666,0,0
31016,1,1
84324,0,0
58875,0,0
49435,0,0
30263,0,0
32836,0,0
40977,0,0
135040,0,0
68803,0,0
127711,0,1
71193,0,0
49427,0,0
88996,1,1
117872,1,1
128092,1,1
68025,1,0
20698,0,1
77247,1,1
18463,0,0
39920,0,0
120629,0,0
37782,0,0
39001,0,0
41151,0,0
139946,0,0
42644,0,0
103033,1,0
123280,0,0
126121,0,0
134948,0,0
101926,0,0
56853,0,0
73298,0,0
109594,0,0
57185,0,0
38425,0,0
96438,0,0
30060,1,1
57485,0,1
111303,1,0
124512,1,0
65862,0,0
6145,0,0
103631,0,0
89074,0,0
32047,0,0
43854,0,0
61594,0,0
128244,1,1
128553,1,1
135138,0,0
44572,0,0
54459,0,0
94182,0,0
25367,1,1
55275,0,0
136577,0,0
7584,1,1
13191,0,0
98634,0,0
2445,0,0
17384,1,1
109534,1,0
138121,0,0
53452,0,0
99775,1,1
15372,0,0
77304,1,1
89970,0,0
123875,0,0
31658,0,0
70157,0,0
18908,0,0
136766,0,0
62888,0,0
110664,1,1
75543,1,1
125077,1,1
80452,0,0
107965,0,0
76311,1,1
17541,0,0
88278,1,0
137109,0,0
77501,1,1
100885,0,0
31811,1,1
145129,0,0
96152,0,0
13247,0,0
58188,0,0
113978,0,0
98987,0,0
97154,0,0
100944,0,0
83454,0,0
78343,0,0
108103,0,0
98878,0,0
133379,0,0
84030,1,1
15798,0,0
123982,0,0
133247,0,0
83413,1,0
69042,1,1
58927,1,0
107115,0,0
70772,0,0
134504,0,0
62480,0,0
112922,1,1
131096,0,0
12432,1,1
117325,1,1
121357,0,0
1878,0,0
110616,1,1
115957,0,0
132510,0,0
142164,1,1
102223,0,1
108953,0,0
6927,0,0
117515,0,0
88007,0,1
1981,0,0
42498,0,0
55753,0,1
90622,0,0
46481,0,0
64645,0,0
9097,0,0
107833,0,0
56894,0,0
119448,0,0
49428,0,0
62821,1,0
80526,0,0
26170,0,0
110541,1,1
103194,0,0
42575,1,0
74688,0,0
132535,0,0
858,0,0
39600,1,0
130595,0,0
132903,0,0
92058,0,1
34075,0,0
39355,0,0
8438,0,0
98523,0,0
16800,1,1
8394,0,0
27128,0,0
80991,0,0
138794,0,0
37832,0,0
46387,0,0
102822,1,0
49618,0,0
719,0,0
109764,0,0
25110,0,0
73468,1,0
131409,0,0
89189,1,0
50274,1,1
140455,0,0
110958,1,1
52351,0,0
80916,0,0
11908,1,1
68262,0,0
35799,0,0
102537,0,0
128357,0,0
127388,1,1
110882,0,0
86767,0,0
126153,1,1
139853,0,0
82455,1,1
45765,1,1
35630,0,0
139877,0,0
82185,1,0
15478,0,0
54345,1,0
6072,0,0
15541,0,0
65795,0,0
9029,0,0
66266,1,0
78253,0,1
57229,0,0
103955,0,0
7176,1,1
72148,0,0
109822,0,0
55099,0,0
85733,1,0
120224,0,0
108199,0,0
66684,0,0
127785,0,0
42972,0,0
108547,0,0
121007,1,1
132203,0,0
66382,0,0
124951,0,0
108718,0,0
13188,1,0
55841,0,1
21443,0,0
7928,0,0
57522,0,0
108761,1,0
9239,0,1
53797,0,0
127510,1,1
39669,0,0
130556,0,0
27259,0,1
126561,1,0
2057,0,0
41436,0,0
25208,0,0
45992,0,0
123670,0,0
24225,1,0
60583,1,0
92108,0,0
103587,0,0
113797,0,0
50882,1,1
18763,0,0
70307,0,0
73052,0,0
59565,0,0
140922,0,0
11917,0,0
83610,1,1
116644,0,0
50316,0,0
130732,0,1
36370,0,0
26098,0,0
121610,0,0
16977,0,0
74049,0,0
7423,1,0
108214,1,0
81361,0,0
11030,1,1
114868,1,1
20295,0,0
11942,0,0
63715,0,0
138761,0,0
113144,0,0
122398,1,1
66411,0,0
94388,0,0
83641,0,0
43684,1,1
117239,0,0
14419,0,0
107088,1,0
63782,0,0
12545,0,0
23617,1,0
125347,0,0
124098,0,0
105637,0,0
143538,0,0
50235,0,0
56520,0,0
110056,0,0
49754,1,1
38419,0,0
111424,0,0
31585,0,0
1680,0,0
52627,0,1
113279,0,0
9229,1,1
54078,0,0
61913,0,0
82116,0,0
25681,1,0
141359,0,1
26420,0,0
136009,1,0
131648,0,0
115236,0,0
29625,1,1
98665,0,0
39487,0,0
117970,0,0
69178,0,0
36931,0,0
35488,1,0
57983,0,0
108566,0,0
104133,0,0
94085,1,0
77754,0,1
65141,1,1
19601,0,0
116502,1,0
38565,0,0
20975,0,1
68611,1,0
66171,1,1
105312,0,0
26689,0,0
16919,0,0
107791,0,0
84196,0,0
137422,0,0
61182,0,0
98920,0,0
120861,0,0
118096,1,1
9338,0,0
87660,0,0
78241,0,0
128541,1,1
67325,1,0
29297,0,0
80847,0,0
43278,1,1
110895,1,1
80233,0,0
144030,0,0
59017,0,0
98090,1,1
66501,0,0
102228,0,0
32161,0,0
97107,0,0
104471,0,0
41584,0,0
12598,0,0
133795,0,0
12924,0,0
73181,0,0
121675,0,0
24993,0,0
20982,0,0
45964,0,0
52663,1,0
86810,0,0
133089,0,0
103469,0,1
28440,0,0
77104,0,0
14540,0,0
7479,1,0
73296,1,0
65907,1,1
15775,1,1
102658,0,0
7907,1,0
85063,0,0
120796,0,0
76262,1,1
79427,0,0
74009,0,0
7728,0,0
117666,0,0
109079,0,0
13511,0,0
105992,0,0
17316,1,1
83944,1,1
6329,0,0
113730,0,0
33965,0,0
73688,0,0
53215,1,1
25619,0,1
128891,0,1
46116,1,1
61329,0,0
3815,0,0
7088,0,1
18041,1,0
73275,0,0
79175,1,1
84813,0,0
113555,1,1
53655,0,1
52115,1,1
130142,0,0
31396,0,0
17730,1,1
30242,1,1
101019,1,1
9114,1,1
100757,0,0
40408,0,0
43833,0,0
121797,0,0
41594,0,0
89919,1,1
100106,1,0
76035,0,0
48258,0,0
4773,0,0
46700,0,0
49657,0,0
21773,0,0
17109,0,0
57116,0,0
118765,0,0
140221,0,0
143501,0,0
102699,0,0
77153,0,0
6893,0,0
124889,0,0
108289,1,1
90022,0,0
73972,0,0
80271,0,0
135891,1,0
29980,0,0
12867,0,0
74128,0,0
32314,0,0
101903,0,0
116260,1,0
86445,0,0
93345,1,1
108746,0,0
88358,1,1
106525,0,0
100281,1,1
120512,0,0
53892,0,0
139111,0,0
5590,0,0
11047,0,0
77861,1,1
30528,0,0
101322,0,0
93085,0,0
109475,0,0
131121,0,1
89805,0,0
143226,0,0
117318,1,1
119525,1,1
74621,0,0
73013,0,0
33333,0,0
133565,0,0
105064,0,0
106224,0,0
110590,0,0
129341,0,0
66472,0,0
85973,0,0
3536,0,0
5417,0,0
82314,0,1
87666,1,1
59905,0,0
2634,1,0
161,0,0
60938,0,0
24949,0,0
131660,0,0
42443,1,1
49621,0,0
143460,0,1
27777,1,1
123168,0,0
37421,0,0
64364,1,1
38381,0,0
99878,0,0
139435,0,0
27935,0,0
19535,0,0
95719,0,0
32164,0,0
88368,1,1
128976,0,0
46149,0,0
55655,0,0
124414,0,0
131437,0,0
109882,1,0
37604,0,0
133773,0,0
82730,0,0
114246,0,0
53812,0,0
97857,0,0
103520,0,0
116288,0,0
123131,0,0
114402,0,0
78840,0,0
106247,0,0
94403,0,0
85365,0,0
78978,0,0
129969,0,0
142572,1,1
66362,0,0
11318,0,0
60532,0,0
108634,0,0
104727,0,0
19241,1,1
30778,0,0
143393,1,1
116924,1,1
21160,0,0
31614,0,0
35425,0,0
14369,0,0
66846,0,1
69360,0,0
77917,0,0
111259,1,1
71543,0,0
59785,1,1
145181,0,0
115490,0,0
128449,0,0
98868,1,0
127209,0,0
23204,1,1
100530,1,1
101818,1,1
10606,1,1
113418,0,0
125850,1,1
56472,0,0
67565,0,0
6798,0,0
112841,1,1
83296,0,0
70462,1,0
36335,1,1
18187,1,1
51963,1,0
66290,1,0
7932,1,1
59128,0,0
86724,1,0
105692,0,0
77193,0,0
123714,1,1
46207,0,0
20775,1,1
24401,0,0
116895,0,0
13672,0,0
130389,0,0
5991,0,0
20240,0,0
51262,1,1
127327,0,0
145201,0,0
21018,1,1
101466,1,1
135841,0,0
61907,0,0
22234,0,0
40152,0,0
72873,0,0
106685,1,0
57362,0,1
73178,0,0
60031,1,1
47336,0,0
20556,0,1
104988,0,0
3922,0,0
10364,0,0
9258,0,0
139878,0,0
90021,1,0
140446,0,0
120121,0,0
69156,0,0
640,0,0
23609,0,1
142244,1,1
111952,0,0
52119,0,0
113518,1,1
121104,1,0
16444,0,0
89097,1,0
48146,0,0
108284,1,0
115411,0,0
14699,0,0
119345,0,0
95262,0,0
87428,0,0
32614,0,0
21162,0,0
65727,0,0
128420,1,1
134134,0,1
26720,0,0
92229,0,0
114160,0,0
85169,1,1
48451,0,0
95415,1,1
21521,0,0
80852,0,0
122392,0,0
123555,1,0
63179,1,0
43510,1,0
132287,0,0
33681,0,0
81546,0,0
139923,0,0
116872,0,0
35950,0,0
136888,0,0
79489,0,0
92615,0,0
90508,0,0
135893,0,0
105649,0,0
135000,0,0
67275,0,1
24528,0,1
47660,0,0
67760,0,1
104226,0,0
82259,1,1
30587,0,0
129241,0,1
22194,0,0
134444,0,0
5182,0,0
44767,0,0
73741,0,0
91938,0,0
106603,1,0
104990,0,0
1293,0,0
76276,1,1
18836,0,0
12314,0,0
15102,0,0
65384,0,0
63010,1,0
107264,0,0
79609,0,0
57090,1,0
123864,0,0
22351,0,0
74360,0,0
29494,0,0
141235,0,0
80360,0,0
142295,0,0
71156,0,0
33833,0,0
52402,0,0
116994,0,0
43383,0,0
1856,1,1
33826,1,0
117544,0,0
115623,0,0
22775,0,0
111792,0,0
2099,0,0
34694,1,1
115959,0,0
127504,1,1
105031,0,0
24191,0,0
63616,0,0
80072,0,0
22700,1,0
47838,1,0
136803,0,0
56978,0,0
5509,0,0
71620,0,0
115286,0,0
119097,0,0
47415,0,0
74452,0,0
74559,0,0
102847,0,0
90605,0,0
60083,1,1
109357,0,0
95900,0,0
114453,0,0
112649,1,0
50358,0,0
20179,0,0
36471,0,0
1396,0,0
137781,0,0
134794,0,0
96281,1,1
121324,0,1
43569,0,0
123685,1,1
72596,0,0
130418,0,0
86098,0,0
24820,0,0
30538,0,0
10875,0,0
107151,0,0
77574,1,0
108933,0,0
34376,0,0
139411,0,0
74155,0,0
103163,1,1
88548,0,0
58250,0,0
62983,1,0
62377,0,0
36788,1,0
122473,0,0
31462,1,1
59603,0,0
4161,0,0
76022,0,0
5594,0,0
5648,0,0
129886,0,0
14343,1,1
22159,0,0
4087,0,0
33307,0,0
75114,1,1
46001,0,0
67652,1,1
80372,0,0
31991,1,1
23968,0,0
26244,0,0
74575,0,0
101474,0,0
132639,0,0
53509,0,0
14864,0,0
70953,0,0
20530,1,1
132104,0,0
63486,0,0
30668,0,0
15417,1,0
79441,0,0
81284,1,1
107567,0,0
53779,1,1
36530,0,0
44525,0,0
127054,1,1
75415,0,0
84594,0,0
91983,0,0
84565,0,0
99990,0,0
127018,1,1
122592,0,0
78333,0,0
86967,0,0
36147,0,0
25982,1,1
2018,0,0
139976,0,0
44954,0,0
43316,1,1
125718,0,0
67184,0,0
110723,0,0
20843,0,0
39220,0,0
39902,0,0
48151,0,0
73432,0,0
91695,1,1
72794,0,0
87444,1,0
14114,0,0
112202,0,0
2405,0,0
49360,0,0
114017,0,0
128253,0,0
67213,0,0
136367,0,0
33163,1,0
19319,0,0
61440,0,0
100766,0,0
60985,0,0
92182,0,0
92663,0,0
119142,0,0
109225,0,0
64722,0,0
43574,0,1
48354,0,0
123765,0,0
136105,0,0
32291,0,1
35974,0,0
58234,0,1
10942,0,0
61615,0,0
93002,1,1
36691,0,0
136635,0,0
24689,0,0
135239,1,0
90082,0,1
25765,0,0
86284,0,0
24435,1,0
10393,0,0
76802,0,1
5121,1,1
141310,0,0
80556,0,0
75295,0,0
140804,1,1
5166,0,0
116423,0,0
26070,0,0
114844,1,1
110767,0,0
89291,0,0
66596,1,0
95286,0,0
115067,0,0
143686,0,0
64687,0,0
1386,0,0
125337,0,0
71872,0,0
78350,0,0
110498,1,1
95007,1,0
6901,0,0
118485,0,0
3696,0,0
122027,0,0
80413,0,0
93132,1,0
21233,0,0
13119,1,0
144446,0,0
58704,1,1
97557,0,0
110502,1,1
93285,0,0
87164,0,0
91109,1,1
45517,0,0
120533,0,1
102340,0,0
84142,0,0
12272,0,0
141665,0,0
88576,0,0
99593,0,0
137460,0,0
89584,0,0
88792,1,1
119204,1,1
50592,0,0
89090,0,0
37939,0,0
28388,1,1
135980,1,1
117219,0,0
5557,1,1
46769,0,0
59865,0,0
28967,0,1
144846,0,0
82109,0,0
26468,0,0
130170,1,0
60164,0,0
130834,1,1
49931,0,0
73172,0,0
82828,0,0
60490,1,0
105081,0,0
45898,0,0
46211,0,0
49408,0,0
137708,0,0
9814,0,0
5728,0,0
44,0,0
116356,0,0
26077,0,0
4461,1,0
80759,0,1
96531,0,0
138777,0,0
86902,0,0
81684,0,0
68822,0,0
20417,0,0
120175,0,0
39230,1,0
99277,0,0
61999,0,0
86377,0,0
43545,1,1
10312,0,0
80746,1,0
72098,0,0
41386,0,0
51453,0,0
33800,0,1
141166,0,0
63336,0,0
131675,1,0
39683,0,0
125791,0,0
22654,0,0
47043,1,0
12570,0,0
30677,1,1
20012,0,0
69185,0,0
129594,1,1
63131,1,0
542,0,0
119553,1,1
101498,1,1
11229,0,0
49822,0,0
110256,0,0
90407,0,0
24587,0,0
81794,1,1
67295,0,0
65913,0,0
105102,0,0
81445,0,0
38454,0,0
124474,0,0
52428,0,0
125130,0,0
128285,1,1
43828,0,1
5142,0,0
48418,0,0
138384,0,0
67948,0,0
25287,0,0
16638,0,0
64534,1,1
51566,0,0
28939,0,0
61380,0,0
131287,0,0
75704,0,0
87039,0,0
74342,0,0
58720,0,0
22939,0,0
69021,0,0
117816,0,1
48643,0,0
80949,0,0
50748,0,0
36049,0,0
107496,0,0
112310,0,0
125553,0,0
3014,0,0
31640,0,0
88167,0,0
121345,0,0
82771,0,0
110290,0,0
25804,0,0
128224,0,0
98769,0,0
85266,0,0
126113,1,1
94469,0,0
75027,0,0
8238,0,0
59248,0,0
107662,0,0
85707,0,0
116738,0,0
87276,0,0
101321,0,0
142566,0,0
55014,0,0
82862,0,0
38289,1,1
88840,1,0
79701,0,0
105717,1,1
32865,0,0
747,1,0
57810,1,1
51787,0,1
21281,0,0
106760,0,0
72403,0,0
50481,0,0
40683,0,0
110951,0,1
97275,1,0
19451,0,0
112745,0,0
6102,1,0
71130,0,1
139887,0,0
114150,0,0
88255,0,0
8793,0,0
73164,0,0
76678,0,1
75171,1,1
115939,0,0
136699,0,0
115695,0,0
116401,0,0
120259,1,1
83328,0,0
126006,0,0
59492,0,0
98175,0,0
29367,0,0
37920,0,0
16421,0,0
24789,0,0
75795,0,0
64297,0,0
73929,0,0
55578,0,0
42002,0,0
17701,0,0
125683,1,0
101576,0,0
86089,0,0
60475,0,0
1044,0,0
45285,0,0
89228,0,0
2565,0,0
105043,0,0
120475,0,0
53660,1,1
118203,1,0
139465,0,0
47494,0,0
47504,1,0
19495,0,0
92419,0,0
71654,0,0
75296,0,0
81821,0,1
81578,1,0
19321,0,0
10576,1,0
144545,0,0
81942,0,0
60674,0,0
79478,0,0
5197,1,1
79896,0,0
138269,0,0
29609,0,0
66123,0,1
133189,0,0
11201,1,0
138518,0,0
66003,0,0
103430,0,0
118515,0,0
13774,0,0
121483,0,0
76540,1,1
42625,1,1
71824,0,0
66343,0,0
95908,0,0
18225,0,1
129704,1,0
107821,0,0
32671,0,0
67065,0,1
50308,0,0
141872,0,0
4882,0,0
5130,0,0
12065,0,0
127563,0,0
58837,0,0
73372,1,0
38955,0,0
101465,1,1
21378,0,0
59948,0,0
121807,0,0
96569,0,0
112465,0,0
63985,0,0
19692,0,0
64497,0,0
113834,1,0
96612,0,0
7585,1,1
76559,1,1
60159,0,0
61285,0,0
92561,0,1
95841,1,1
143913,0,0
111965,0,0
11088,1,0
45874,0,0
9982,0,0
27708,0,0
21744,1,0
127319,0,0
17379,0,0
12027,0,0
92688,0,0
63749,0,0
53700,0,0
47619,1,0
83537,0,0
47578,0,0
12056,0,0
52420,0,1
61599,1,1
48538,0,0
14281,0,0
21802,0,0
87136,0,0
84269,0,0
116589,1,1
123729,0,0
64451,0,0
81414,0,0
20990,1,1
144504,1,0
70059,0,0
101032,0,0
17866,0,0
16884,0,0
53598,0,1
44995,1,0
36886,1,0
128472,1,1
108134,0,0
75433,0,0
141991,0,0
65173,1,1
105873,0,0
56486,0,0
115971,0,1
19346,0,0
114568,0,0
132440,0,0
7217,0,0
83840,0,0
116678,0,0
107536,0,0
45817,0,0
17775,1,1
139626,0,1
46274,0,0
105121,0,0
82850,0,0
5009,0,0
27179,0,0
28267,0,0
130103,0,0
31090,0,0
107802,0,0
44677,1,0
18591,0,0
44906,0,0
74449,0,0
86763,0,0
144927,0,0
16424,0,0
75602,0,1
127932,0,0
25337,0,0
54524,0,0
30046,0,0
126568,0,0
44212,0,0
140483,1,0
68961,0,0
121640,0,0
99076,0,0
94672,0,0
128681,0,1
128051,0,0
22452,0,0
35337,1,0
43355,1,1
126018,0,0
13898,1,1
16359,1,1
22423,1,1
23520,0,0
46738,0,1
88198,0,0
58070,0,0
92164,0,0
80097,1,0
55322,0,0
28970,0,0
1388,0,0
41030,0,0
40305,0,1
18833,0,0
86391,0,0
107172,0,0
40827,1,1
64639,0,0
61057,0,0
79948,0,0
58481,0,0
65747,0,0
54174,0,1
67190,0,0
57617,0,0
129343,0,0
70511,0,0
33435,1,0
3950,0,0
58301,0,0
142004,0,0
61724,0,0
7209,0,0
38286,0,0
115667,0,0
118261,0,0
70599,0,0
35471,0,0
117171,1,0
85961,0,1
22805,0,0
104459,0,1
93655,0,0
48043,0,0
51621,0,0
5783,0,0
22899,0,0
39044,0,0
71001,0,0
123889,0,0
115815,0,0
23926,0,0
91527,1,1
113767,0,0
2244,0,0
144681,0,0
39018,0,0
11623,1,1
31486,0,0
132811,0,0
96002,0,0
101312,0,0
9263,0,0
77695,0,1
116831,0,0
60983,0,0
129935,1,0
4519,0,0
27848,0,0
106616,0,0
107483,0,0
56614,0,0
52991,1,0
126922,0,0
115104,0,0
140906,0,0
113806,0,0
13229,0,0
49767,1,0
30810,0,0
101307,0,0
26974,1,1
107300,0,0
88476,0,0
27433,0,0
31592,0,1
68061,0,0
638,0,0
3667,0,0
75979,1,0
31781,1,1
47741,0,0
36042,0,0
102040,1,0
120701,0,0
22738,1,0
86704,0,0
79607,0,0
25132,1,1
106709,0,0
50711,0,0
29763,0,1
121817,0,0
73121,0,0
83078,0,0
79999,0,0
2950,0,0
12284,0,0
139305,0,0
34323,0,0
38908,0,0
110074,1,1
44833,0,0
39636,0,0
74427,0,0
73278,0,0
129561,1,1
115669,0,0
95842,1,1
4664,0,0
122411,1,1
31622,0,0
102441,0,0
97908,0,0
35590,1,0
71355,0,0
6142,0,0
48393,0,0
45053,0,0
108264,0,0
27536,0,1
15610,1,1
46357,0,0
47262,0,0
45095,1,1
120197,1,1
51519,0,0
63109,1,1
12572,0,0
125174,0,0
140802,0,0
12568,0,0
115221,0,0
24713,0,0
101096,1,1
106006,0,0
20837,0,0
38986,0,0
135190,0,0
137105,1,1
6349,0,1
17195,0,0
118157,1,0
132652,0,0
89055,0,0
71982,0,1
118400,0,0
30576,0,0
59541,0,0
59592,0,0
76829,1,1
77969,0,0
101162,1,1
89520,0,0
34,0,0
61506,1,1
100315,0,0
13292,0,0
128262,0,1
56065,0,0
136652,1,1
51056,1,0
78295,1,0
47173,0,0
100469,1,0
14725,0,0
106239,0,0
107907,1,0
107712,0,0
113300,0,0
46247,1,0
93932,0,0
107336,0,0
132784,1,0
78743,1,0
81249,0,0
71019,0,0
76225,1,1
100845,1,1
83978,1,1
13750,0,0
81742,0,0
68306,0,0
98378,0,0
61195,0,0
83385,0,0
1197,0,0
21774,0,0
23128,0,0
4103,0,0
29027,0,0
102673,0,0
80166,1,1
45491,1,0
26615,1,1
97472,0,1
79527,0,0
109773,0,0
36607,0,0
31842,0,0
77970,0,0
141007,0,0
84046,0,0
109451,0,1
141861,0,0
27216,1,1
115754,0,0
49035,0,1
26521,0,1
118389,0,0
47567,0,0
73195,0,0
120932,0,0
125625,0,0
19467,0,0
102122,1,0
115390,0,0
100461,0,0
109040,0,0
90305,0,0
133150,0,0
60275,0,0
123569,1,1
35522,0,0
92815,1,0
109850,0,0
62055,0,0
113520,0,0
135930,1,0
70619,1,0
57280,0,0
26233,1,1
32628,0,0
18740,0,0
116737,0,0
134674,1,1
123318,1,1
45097,0,0
111712,0,0
127509,1,1
39255,0,0
7800,0,0
26776,1,0
24177,0,0
22412,1,0
66157,1,1
119775,0,0
107301,0,0
102812,0,0
27405,0,0
111017,0,0
68046,0,0
99510,0,0
560,0,0
144597,0,0
113994,0,0
111523,0,0
89039,0,0
120721,0,0
95261,0,0
32055,1,1
30211,1,1
125792,0,1
30270,0,0
131917,0,0
87210,0,0
54759,1,1
67996,1,0
6779,0,0
103765,0,0
21001,1,1
10342,0,0
67956,0,0
80089,0,0
13690,0,0
35346,0,0
102742,1,0
32803,0,0
30967,0,0
138851,0,0
53795,0,0
113512,0,0
73097,0,0
110530,0,1
83845,0,0
33396,0,0
29989,0,0
125047,0,0
19625,0,0
120635,0,0
124767,0,0
124039,0,0
22872,0,0
52179,0,0
96806,0,0
108159,0,0
95036,0,0
138064,0,0
90850,0,0
48622,0,0
68401,0,0
134834,0,0
134503,0,0
124563,0,0
24392,0,0
35607,0,0
60906,0,0
118518,0,0
131537,0,0
105984,0,1
35595,0,1
125444,1,1
110296,0,0
85441,0,0
112193,1,1
8857,0,0
83053,1,1
39164,1,1
128196,1,1
53916,1,1
11677,1,0
73892,0,1
132636,0,1
58851,0,0
42713,0,0
45420,0,0
64370,1,0
86862,0,0
21226,1,1
5651,0,0
41919,0,1
61086,0,0
135940,0,0
141469,0,0
20387,1,1
36560,0,0
38077,0,0
42786,0,0
123874,0,0
9504,0,0
108939,0,0
111250,1,0
128968,0,0
20655,1,0
53440,1,0
63698,0,0
37020,0,0
94025,0,1
22981,0,0
32366,1,0
133705,1,1
108399,0,0
27491,0,0
128814,1,1
137944,0,0
56847,1,1
75162,1,1
72597,0,0
35242,0,0
77901,0,0
42840,0,0
129776,0,0
101515,1,1
114012,0,0
30256,1,1
27690,0,0
50884,1,1
144759,0,0
106779,0,0
134038,0,0
42296,0,0
89277,0,0
46854,0,0
125890,1,0
40584,0,0
95245,0,0
30703,0,1
103635,0,0
79510,1,1
130097,0,0
122704,0,0
66330,0,0
98349,0,1
59371,0,0
137387,0,0
44546,0,0
60140,0,0
46970,0,0
28870,0,0
13712,1,1
73899,1,0
58416,0,0
24057,0,1
53373,0,1
118433,0,0
132251,0,1
60588,0,0
118230,0,0
143741,1,1
114381,0,0
20881,0,0
105777,0,0
75542,1,1
102944,0,0
89118,0,0
114821,1,1
61223,1,1
53566,0,0
141969,0,0
74081,1,0
88094,0,0
78291,1,1
71793,0,0
48159,0,0
143297,0,0
57398,0,0
64034,1,1
72472,0,0
4560,0,0
136531,0,0
2497,0,0
96226,0,0
36793,1,1
111927,0,0
32185,0,0
63670,1,1
11354,0,0
74396,0,0
11144,1,0
22685,0,0
97684,1,0
83240,1,0
25154,0,0
107015,0,0
18175,0,0
30206,0,0
59670,0,0
76706,1,1
48684,1,1
24335,0,0
64249,0,1
119054,0,0
137057,0,0
108997,0,0
65525,0,1
83688,0,0
98587,0,0
76912,0,1
47202,0,0
139680,1,1
74145,0,0
75759,1,1
16875,0,0
96181,0,1
50021,0,0
3677,0,0
8811,0,0
107528,0,0
93733,1,1
66685,1,1
82798,0,0
90790,0,0
22410,0,0
133956,0,0
101645,0,0
29108,0,0
95610,0,0
28883,0,0
62502,1,0
75675,1,1
21287,0,0
82471,0,0
117097,0,0
37126,0,0
16278,1,1
22755,0,0
107953,0,1
87594,1,0
93418,0,0
61787,0,0
87827,0,0
31824,0,0
96876,0,0
10401,0,0
19865,0,0
48981,0,0
51114,0,0
117600,0,0
134893,0,0
107440,0,0
14742,0,0
105318,0,0
124129,0,0
48469,0,0
71131,0,1
33647,0,0
78180,0,1
8531,1,0
128521,0,0
18269,0,0
81172,0,1
102873,0,0
104325,0,0
117593,1,0
22367,1,1
39454,0,0
109179,0,0
135404,0,0
3115,0,0
37385,0,0
19005,0,0
126921,1,1
86045,0,1
144154,1,1
131041,0,0
121982,0,0
13526,0,0
134390,1,0
26198,0,0
123802,0,0
44662,0,1
103109,0,0
4258,1,1
135003,0,0
31172,1,1
30266,0,0
40021,0,0
112029,0,0
122210,0,0
51003,0,0
87997,1,1
17186,0,0
132481,0,0
64955,1,1
45994,1,1
137253,0,0
49385,0,0
101035,1,0
108706,0,0
137184,0,0
42128,0,0
6983,0,0
90854,0,0
56017,1,1
88302,0,0
86922,1,1
64588,0,0
96452,0,0
48036,1,1
92054,0,0
65138,0,0
138010,0,0
47364,0,0
65269,0,0
46779,1,1
82592,1,1
81443,0,0
143562,0,0
29322,0,0
122798,0,0
112776,0,0
74816,1,1
25527,0,0
60977,0,0
18979,1,1
51776,0,0
4786,0,0
32583,0,0
80788,0,0
16265,0,0
54392,0,0
98396,0,0
99659,1,1
125219,0,1
334,0,0
136453,0,0
111191,0,0
12172,0,0
42807,0,0
114688,0,0
145008,0,0
114696,0,0
18302,1,1
125058,1,1
46966,0,0
61802,0,0
144090,0,0
65002,1,0
73154,1,1
46669,0,0
88616,0,0
116436,0,0
69076,0,0
44802,0,1
36078,0,0
50326,0,0
99831,1,1
136311,0,0
82758,0,0
110278,0,1
79806,0,0
26451,1,0
96966,1,0
56973,0,0
33142,0,0
84264,0,0
50686,0,0
108656,0,1
43550,0,0
83715,0,0
118529,1,1
38550,1,1
60968,0,0
16437,0,0
24524,1,1
76887,1,1
689,0,0
105386,0,0
138557,1,1
37294,1,1
118133,0,0
143637,0,0
4089,0,0
80521,0,0
74632,0,0
25142,0,0
63227,0,0
12695,0,0
70589,0,0
106946,0,0
134955,0,0
30213,0,0
39649,1,0
143240,0,0
8956,0,0
101203,0,0
10828,0,0
103334,0,0
66437,0,0
35847,0,0
125872,0,0
66322,0,0
126047,0,1
85751,0,0
71740,0,0
19161,0,0
71884,0,0
48310,0,0
100022,0,1
33637,0,0
55165,0,0
51756,1,1
104624,0,1
71754,0,0
72039,1,0
96784,0,0
38210,0,0
10200,1,1
65123,0,0
54481,0,0
121221,0,0
25865,0,0
2865,0,0
60790,0,0
52173,0,0
128719,0,0
45674,0,0
77813,0,0
76510,0,0
15293,1,0
20695,0,0
13225,0,0
107903,0,0
114265,0,0
73214,0,0
101146,1,1
133016,0,0
12359,0,0
52293,0,1
15829,0,0
38551,1,1
25724,0,0
137648,0,0
6521,0,0
53738,1,1
26454,0,0
119202,0,0
143654,0,0
129455,0,1
25863,0,0
995,0,0
8774,1,0
71167,1,0
90862,0,0
131630,0,0
95996,0,0
44873,0,0
63567,1,0
26363,0,0
379,0,0
20785,0,0
2335,1,1
23268,1,1
5221,1,0
16945,0,0
65672,0,0
137252,0,0
129311,0,0
17131,0,0
99592,0,0
101785,0,1
120890,0,0
96808,0,0
82674,0,0
65186,0,1
104852,0,0
142997,0,1
76470,1,0
100147,0,1
104008,0,0
124151,0,0
35961,0,0
101182,1,1
95755,0,0
66113,0,0
23615,0,0
110861,0,1
139903,0,0
45980,1,1
65132,0,0
13986,0,0
91239,0,0
145003,0,0
77358,0,0
77202,0,0
132620,0,1
102759,0,0
48135,0,0
12148,0,0
145146,0,0
144719,0,0
40571,1,1
97703,0,0
26325,0,0
134337,0,0
127145,0,0
91030,0,0
92040,0,0
40057,1,1
101258,0,0
54969,0,0
137552,0,0
117413,0,0
21910,1,0
69168,0,0
102410,0,0
43983,0,0
28243,0,0
17644,0,0
51948,1,1
115799,0,0
133081,0,0
145447,0,0
1888,0,0
42949,0,0
90672,1,1
56493,0,0
19857,0,0
119629,1,1
66829,1,1
120506,0,0
86509,0,0
126009,0,0
27841,1,0
90514,0,0
131640,0,0
108308,0,0
21670,0,0
95408,0,0
106335,0,0
109836,1,1
85802,0,0
71187,0,0
137424,0,0
118743,0,0
104048,0,0
121758,0,0
21830,0,0
142741,0,0
119884,1,1
106328,1,0
85678,0,0
117468,0,0
4112,1,0
98802,0,0
63229,0,0
142811,0,0
33635,0,0
12811,0,0
62897,0,0
44053,0,0
5291,0,1
25327,0,0
92022,0,0
63294,0,0
50626,0,0
62185,0,0
18162,1,1
48132,0,0
50582,0,0
40464,0,0
83878,0,0
119431,0,0
84028,0,0
46789,0,0
20184,0,1
114023,0,0
575,0,0
60970,0,0
125556,0,0
105614,0,0
60905,0,0
35216,1,0
56650,0,0
133598,0,0
31118,0,0
723,0,0
86978,0,0
77386,1,1
24623,0,0
91393,0,0
51700,0,0
43957,0,0
100626,0,0
46480,0,0
82216,1,0
88457,0,0
35811,0,0
5516,0,0
56775,0,0
90707,1,1
28946,0,0
108014,0,0
96703,0,0
72063,0,0
66547,0,0
64892,0,0
88560,0,0
113654,0,0
16039,1,1
65328,0,0
83684,0,0
106070,0,1
114973,0,0
107129,0,0
74954,0,0
133990,1,1
138452,0,0
58477,0,0
29069,0,0
57041,0,0
44922,0,1
52180,0,0
28815,0,0
132564,0,0
83244,0,0
1611,1,0
92049,0,0
62126,0,0
100091,1,1
115438,0,0
60405,1,0
141514,0,0
114525,1,1
45064,0,0
122675,1,1
62920,0,0
42185,0,0
85687,0,1
43014,1,0
120460,0,0
67469,0,0
53799,0,0
48583,0,0
59759,1,1
30033,0,0
34215,0,0
68470,0,0
27847,0,0
125789,1,1
36099,1,1
111731,0,0
79255,0,0
121132,0,0
84413,0,0
69414,0,0
91988,0,1
9027,0,0
60614,0,0
54322,0,0
38611,0,0
106360,0,0
82718,0,0
25879,0,0
10259,1,0
39333,0,0
93086,0,0
107750,0,0
54420,0,0
102033,0,0
22336,0,0
68331,0,0
109373,1,0
38699,0,0
55963,1,1
81277,0,0
97403,0,0
47912,0,0
54945,1,1
82374,0,0
115989,0,1
64349,1,1
31158,1,0
79708,0,0
137384,0,0
1182,0,0
36862,1,0
77714,1,1
54894,0,0
115982,0,0
44379,0,0
93267,1,1
140444,0,0
10535,1,0
102780,1,1
126599,0,0
67848,1,1
70847,0,0
85382,0,0
45677,1,1
15137,0,0
87856,0,0
104342,0,0
5632,0,0
56139,0,0
138011,0,0
41842,1,0
132423,0,0
32505,0,0
82115,0,0
78829,0,0
80691,0,0
105088,1,1
140888,0,0
135833,0,1
127547,0,0
42755,0,0
18499,0,0
97391,1,0
74919,0,0
108044,0,0
99314,0,0
77042,0,0
1703,0,0
79925,0,0
56116,0,1
26236,1,1
112994,0,0
6131,0,0
10903,0,0
13957,0,0
143825,0,0
45166,0,1
20308,1,0
109939,0,0
53496,0,0
38129,0,0
17789,1,1
86492,0,0
3333,0,0
68682,0,0
94780,0,0
15525,0,1
86126,0,0
137116,0,0
31375,1,1
38127,0,0
58038,0,0
3261,0,0
112732,0,0
74356,0,0
2326,0,0
130876,1,0
81499,0,0
121375,1,1
107543,0,0
33684,1,1
37801,0,0
63862,1,1
8816,0,0
122723,0,0
97837,0,0
12990,0,0
96953,0,0
121824,0,0
18497,0,0
91831,0,0
115830,0,0
79015,0,0
8534,0,0
144558,0,0
15723,1,0
137324,0,0
70878,0,0
135636,0,0
49147,0,0
85912,0,0
15842,1,0
7052,0,0
133444,0,0
6031,0,0
48405,1,0
20500,0,0
130061,0,0
80555,0,0
106805,0,0
144644,0,0
28641,0,0
110314,0,0
13881,1,0
123052,0,0
121979,1,1
139083,0,0
129348,1,1
124099,0,0
88600,0,0
131653,1,1
26476,0,0
63065,1,1
88264,1,0
89966,0,0
76088,0,0
96665,0,0
24186,0,0
123720,0,0
76617,0,1
36016,1,1
121211,0,0
107745,0,0
28147,1,0
37256,0,0
124028,0,0
124987,0,0
118744,0,0
144408,0,0
61013,0,0
8992,1,0
138288,0,0
105805,0,0
95893,0,0
68333,0,0
138537,1,0
28040,0,0
108604,0,0
37543,0,0
16532,1,0
31849,0,0
92834,0,0
20894,0,0
21509,0,0
22565,0,0
113290,0,0
9230,1,1
134590,1,1
15580,0,0
85154,0,0
78187,0,0
85718,0,0
133640,0,0
48378,0,0
36593,0,0
118587,1,1
114337,0,0
140713,1,1
16558,0,0
125238,0,0
118375,0,0
75886,0,1
144263,0,0
102147,1,1
137576,0,0
25190,0,0
11984,1,1
10518,0,0
117865,0,0
24312,0,1
44877,1,1
134183,0,0
95676,0,0
134193,0,0
114314,0,0
39244,0,0
126613,0,0
75506,1,1
41744,0,0
90585,0,0
76257,0,0
118931,0,0
57257,0,0
18348,0,0
77602,0,1
13759,0,0
144096,0,0
104189,0,0
57891,1,1
75116,0,1
49183,0,0
43324,0,0
8240,0,0
57613,0,0
113632,0,0
123834,0,0
71990,1,1
105374,0,0
13825,0,0
120494,0,0
110434,0,1
47701,0,0
120859,0,0
61927,1,0
138628,0,0
79740,0,0
54732,1,0
104119,1,0
134647,1,1
84915,1,1
68203,0,0
56181,0,0
103075,0,0
72361,0,0
132194,0,0
10141,0,1
18842,0,0
46602,0,0
71120,0,0
25762,0,0
72797,0,0
6059,0,0
108130,0,0
29427,0,0
134230,0,0
129173,1,1
37875,0,0
116147,0,0
119901,1,1
142414,0,0
94465,0,0
45999,1,1
91552,0,0
109175,1,1
109399,0,0
36779,0,0
139372,0,0
32087,0,0
77437,0,0
90289,0,0
61325,0,0
58879,1,1
52812,0,0
141348,0,0
81905,0,0
51844,1,1
5102,0,0
19313,0,0
37657,0,1
74741,0,0
32780,1,1
54318,0,0
56709,0,0
98015,0,0
105913,0,0
61156,0,0
135789,1,1
136691,0,0
115860,0,0
97346,1,1
100312,0,0
33759,0,0
136329,0,0
91675,0,1
86472,1,1
65408,0,0
131875,0,0
122788,1,1
44199,0,0
38990,1,1
135716,0,0
65712,1,1
73833,0,0
62270,0,0
68069,0,0
63719,1,0
50559,0,0
119277,0,1
125715,0,0
63635,0,0
4068,1,1
107584,0,0
30192,0,0
90789,0,0
74228,0,1
135639,0,0
59438,0,0
111024,0,0
70738,0,0
3747,1,1
65969,0,0
106538,1,1
12012,0,0
78460,0,0
93937,1,1
75802,1,0
29148,0,1
77810,0,0
104682,0,0
3030,0,0
95050,0,0
120046,0,0
1361,0,0
36993,1,0
4402,0,0
59410,1,1
141666,0,0
144947,0,0
107726,0,0
124601,0,0
96644,0,0
83849,1,1
34777,0,0
61065,0,0
99304,0,0
121286,0,0
9321,1,1
18153,0,0
135906,0,0
116827,0,0
58231,0,0
77545,0,0
12687,0,0
37273,0,0
149,0,0
128200,0,0
34386,0,1
94237,0,0
29650,0,0
132021,0,0
27525,1,0
139685,0,0
93104,0,1
69235,0,0
98814,0,0
112931,0,1
45209,0,0
55426,0,0
131669,0,0
113253,1,1
29111,0,0
84391,0,0
80612,0,1
133787,0,0
72099,0,0
131497,0,0
33206,0,0
93164,0,0
21422,0,0
13033,0,1
35414,0,1
21716,1,1
19816,0,0
56858,0,0
18486,0,0
50322,0,0
86999,1,0
23122,0,0
75370,0,0
18903,1,1
38395,1,1
14109,0,0
4802,0,0
39376,1,0
35076,0,0
32604,1,1
39314,0,0
39368,0,0
81328,1,1
119071,0,0
13901,0,0
61904,0,0
62116,0,0
28542,0,0
43439,1,1
100127,0,0
11929,1,1
10661,0,0
92665,0,0
46880,0,0
90918,1,1
2310,0,0
133201,0,0
109571,1,1
138437,0,0
138377,0,0
76866,0,0
104757,1,0
134940,1,1
92348,1,0
143361,0,0
129835,1,1
37735,0,0
57218,0,0
9348,1,1
2134,0,0
84275,0,0
16927,1,0
82432,0,0
48576,0,0
17653,1,0
81644,0,0
9477,1,1
47705,0,1
105973,0,0
39151,1,1
95235,0,0
35108,0,0
31845,0,0
111153,0,0
9064,0,0
72554,0,0
36909,0,0
16799,1,1
39638,0,0
39682,0,1
138084,0,0
113082,0,0
143410,1,1
35960,0,0
100603,0,0
50891,0,0
51103,0,0
92557,0,0
1123,0,0
16513,0,0
39980,0,0
17531,0,0
13887,1,1
72728,0,0
109723,1,0
30842,0,0
76695,1,0
31334,0,0
71053,0,0
70926,0,0
78916,0,0
54066,1,0
23402,0,0
8728,0,0
117753,0,0
34156,0,0
63781,0,0
141928,0,0
42724,1,1
106661,0,0
129814,1,0
28127,0,0
63680,1,1
66509,0,1
92353,0,0
110201,1,1
62923,1,1
72675,0,0
63990,0,0
125382,0,0
41363,1,1
136595,0,0
91090,0,0
67748,1,1
91508,0,0
38716,0,0
28785,0,0
97357,1,1
39287,0,0
38872,0,0
142036,0,0
106163,0,0
90566,0,0
81442,0,0
89478,1,1
18909,1,0
108917,1,1
98258,0,0
6378,1,1
81915,1,1
34464,0,0
42229,0,0
13423,0,0
7916,0,0
110645,0,0
105593,0,0
105994,0,0
94857,0,0
35645,0,0
56070,0,0
122329,1,1
129404,1,1
47176,0,0
121287,0,0
17755,0,0
135914,1,1
61414,0,1
90817,0,0
29958,0,0
95697,0,0
28879,0,0
73589,0,0
83519,1,1
53313,1,0
71512,0,0
15893,0,0
55054,0,0
104554,0,0
118768,0,0
31411,1,1
75208,1,1
117611,0,0
144013,0,0
7458,0,0
99357,0,0
20048,0,0
131546,0,0
116310,0,0
31607,1,1
135224,0,0
63880,1,1
72960,0,0
82952,1,0
126813,0,0
79491,0,0
99870,0,0
47426,1,0
71594,0,0
4214,0,0
102224,1,1
172,0,0
81573,1,1
61007,0,0
23735,0,0
73536,1,1
41143,0,0
6976,0,0
47488,0,0
114092,0,0
57684,0,0
11026,0,0
131896,0,1
122581,0,0
31265,0,1
13522,0,0
122348,1,0
12986,0,0
50824,0,0
99066,1,0
105046,0,0
141736,0,0
35422,0,0
14477,1,1
11591,0,0
111305,0,0
122835,1,0
97967,0,0
121823,0,0
97711,0,1
16853,0,0
121574,0,0
133677,0,0
20813,1,1
114073,0,0
129165,1,1
92262,0,0
37363,0,0
134077,0,0
54100,0,0
10699,0,0
111180,0,1
98644,0,0
41160,0,0
12321,0,0
28296,0,0
871,0,0
17595,1,1
20237,1,1
133938,0,1
93392,0,0
54265,0,0
129092,1,0
12916,0,0
97699,1,0
112660,0,0
38933,0,0
27363,1,0
131519,0,0
121829,0,0
45481,0,0
52164,1,0
51000,0,0
44870,0,0
35954,0,0
30445,0,0
40578,1,1
60,0,0
65786,0,1
84374,0,0
124155,0,0
49440,0,0
47895,0,0
60175,0,0
74436,0,0
45234,1,1
9339,0,0
56336,0,0
63154,1,1
78381,0,0
112020,0,0
5653,0,0
51363,0,0
135986,0,0
13833,0,0
115571,0,0
21405,0,0
82980,0,0
19032,1,0
104271,0,0
35845,0,0
19872,0,0
96532,0,0
4018,1,0
48890,0,0
99330,0,0
95317,0,0
23428,0,0
125685,0,1
18329,0,0
133014,0,0
130575,0,0
139541,0,0
6636,1,1
129843,0,0
38573,0,0
21409,1,0
131074,1,1
16956,0,0
65911,0,0
45015,0,0
95567,0,0
35180,0,0
73265,0,0
55790,0,0
72654,0,0
19485,0,1
24404,1,1
59695,1,0
95498,0,0
78397,0,0
39448,0,0
138886,0,0
33288,0,0
29451,0,0
63692,0,0
84730,0,0
71937,0,0
132437,0,0
131503,0,0
52825,0,0
4451,0,0
25784,0,0
41868,0,0
36466,0,0
127120,0,0
84415,0,0
41092,0,0
9593,0,0
119802,1,0
104464,1,1
14199,0,0
34459,0,0
124321,0,0
135304,0,0
80281,0,1
58290,0,0
3518,1,1
35915,1,1
2117,0,1
58076,0,1
40612,0,0
91426,0,0
121028,0,0
24189,0,0
111751,1,1
2987,0,0
32172,0,0
109907,1,1
20664,0,0
366,0,0
52295,1,1
109449,0,1
128514,0,0
70561,0,0
24964,0,0
55724,1,1
126797,0,0
1235,0,0
129502,0,1
108157,0,0
34951,1,1
95611,0,0
107222,0,0
127596,0,0
9735,0,0
77430,0,0
125629,0,0
23774,0,0
22472,0,0
49056,0,0
17106,0,0
139349,1,1
10214,0,0
139859,0,0
136098,1,0
144722,0,0
140607,0,0
32959,0,0
11678,0,0
26036,0,0
22110,0,1
18742,0,0
137266,0,0
88528,0,1
68184,0,0
43260,0,1
81856,1,1
55872,1,1
28431,0,0
128369,1,1
50861,0,0
41922,0,0
140782,0,0
130938,1,1
16270,1,0
23007,0,0
122195,1,1
94619,0,0
66831,0,0
113408,0,0
56471,0,0
127494,0,1
127598,0,0
89648,0,0
114148,0,0
25901,0,0
10819,0,0
115481,0,0
109680,0,0
103152,0,1
20305,1,1
106752,0,0
10674,0,0
90745,1,1
24944,0,0
80745,1,1
15774,0,0
28492,1,0
82400,0,0
34035,1,1
7241,0,0
29164,0,0
90757,0,0
79847,1,1
111028,0,0
120893,0,0
66199,0,0
107257,0,0
119705,0,0
100704,0,0
9243,0,1
66180,1,0
88487,1,1
26237,0,0
59011,0,0
119196,1,1
17150,0,0
121726,0,0
32438,0,0
82168,0,0
143142,0,0
38890,0,0
28545,0,0
28807,0,0
10157,0,0
5577,0,1
85446,1,0
12014,1,1
71326,0,0
23208,1,0
84930,1,1
57180,0,0
84354,0,0
92169,0,0
23391,1,1
107277,0,0
71613,1,0
113080,0,0
666,0,0
20832,0,0
17780,0,0
39758,0,1
95133,1,1
85957,0,1
24356,0,0
57230,0,0
30072,1,1
116475,0,0
24573,0,0
113063,0,0
84070,0,0
73465,0,0
96494,0,0
62894,0,0
68086,0,0
75496,1,0
77589,1,1
103124,0,0
42101,0,0
44860,0,0
98120,0,0
93721,1,1
35472,0,0
80598,1,1
22705,0,0
85170,1,0
125881,1,1
20438,0,1
89601,0,0
68926,0,0
51047,1,0
67851,0,0
96778,0,0
78323,0,0
18963,1,1
30296,0,0
44350,0,0
35347,0,0
75828,0,0
20146,0,1
53023,1,1
111336,1,1
17444,1,1
88120,0,0
16852,0,0
103609,0,0
112538,1,1
133032,0,1
51956,1,0
71248,0,0
82738,0,0
3243,0,0
125824,1,0
89948,1,0
67859,0,0
32382,0,0
90372,1,1
123215,0,0
92538,1,1
6266,0,0
14959,0,0
68402,1,0
53951,1,0
1837,1,1
20383,1,0
37932,0,0
101692,0,0
105345,0,0
114063,0,0
31286,1,0
132834,0,0
40218,0,0
5610,0,0
85809,0,0
48163,0,0
120425,0,0
17883,0,0
13001,0,0
108174,1,1
133931,1,1
91390,1,1
65990,0,0
11204,0,1
20584,0,0
72018,0,0
106285,0,0
118935,0,0
56656,1,1
89167,0,0
12587,0,0
49517,0,0
100997,1,0
112079,1,1
4910,0,0
123078,0,0
118782,0,0
93185,0,1
46917,0,0
91445,1,0
99596,0,0
100121,1,1
7172,1,0
137923,0,0
140837,0,0
99318,0,1
6233,0,0
22119,1,0
52312,0,0
125469,0,0
81596,0,0
86738,0,0
38407,0,0
29752,0,0
145184,0,0
139968,0,1
130935,1,0
117084,0,0
30,0,0
46720,1,1
85283,1,1
117808,1,1
140994,1,1
125270,1,1
59691,0,0
78465,0,1
131464,0,0
135279,0,0
121609,0,0
68212,0,0
66828,1,1
27168,0,0
116610,0,0
141683,0,0
114401,0,0
124255,0,0
90839,0,0
77756,0,0
47096,0,0
91293,0,0
121784,0,1
32411,1,0
36835,0,0
127342,1,1
127642,0,0
76188,1,1
52588,0,0
81282,1,1
121620,0,0
106815,0,0
75403,0,0
97548,0,0
58228,0,0
99606,1,0
82724,1,1
143965,0,0
30635,0,1
83581,0,0
36059,0,0
114206,0,0
49153,0,0
90319,0,1
140496,0,0
86263,0,0
7832,1,1
55070,0,0
48850,0,0
1978,0,0
55547,0,0
61652,0,0
44773,1,1
132591,0,0
25545,0,0
124467,0,0
46136,0,0
71745,0,0
45,0,0
121540,1,1
109460,0,0
14738,0,0
6162,0,1
88883,0,0
16127,0,1
88437,1,1
80080,0,0
27539,0,0
24687,0,0
67,0,0
20525,0,0
135884,0,0
6310,0,0
26169,0,0
97850,0,0
125523,0,0
100991,0,0
124054,0,1
101548,0,0
129867,0,0
73608,0,1
93652,0,0
103752,0,0
52505,0,0
60493,0,0
122513,0,0
44894,0,0
46073,0,0
8704,0,0
76640,1,1
110527,1,1
86952,0,0
122810,0,0
113100,0,0
100437,0,0
143960,0,0
1045,0,0
108672,0,0
44874,0,0
73723,0,0
81734,0,0
44960,0,0
6632,0,0
25628,1,1
44036,0,0
4128,1,0
140073,1,1
131881,0,0
93798,0,0
47518,1,1
8699,0,0
23057,1,0
110730,0,0
58672,0,0
83394,0,0
11979,1,1
114375,1,1
20615,0,0
7504,0,0
48716,0,0
114380,1,0
33599,0,0
133061,0,0
111463,0,0
21105,0,1
76935,1,1
22512,0,0
133924,0,0
101656,0,0
76714,0,0
33097,0,0
24818,1,1
21477,0,0
108561,0,0
123512,1,1
18623,1,0
77175,0,0
57074,1,1
126349,0,1
46285,0,0
123399,0,0
109150,0,0
54470,0,0
40254,0,0
45350,0,0
140733,1,1
22979,1,1
123040,0,0
84389,0,0
870,0,0
13021,0,0
51085,1,0
17032,0,0
117784,0,0
113126,0,0
139002,0,0
136884,0,0
82239,0,1
12109,0,0
123223,1,0
126817,0,0
143230,0,0
2307,0,1
121945,0,0
76888,1,1
86462,0,0
80359,0,0
30920,1,1
93659,0,1
81140,0,1
31134,0,0
71351,0,0
57910,0,0
37909,0,0
137912,0,0
111030,1,0
79720,0,0
47900,0,0
7134,1,0
90929,0,0
44977,0,0
47342,1,0
97670,0,0
129132,0,0
91658,1,1
104284,0,0
23365,0,0
80473,0,0
4041,1,0
99376,0,0
111877,0,0
85413,0,0
107359,0,0
98323,0,0
125664,0,0
34078,1,1
125499,0,0
52198,0,0
112948,0,0
111511,0,0
26067,0,0
110227,1,1
34106,1,1
122735,1,0
25183,1,1
90913,0,0
96417,1,0
116095,1,0
15625,1,0
131778,0,0
120022,0,0
118932,0,0
131684,0,1
86969,0,0
104264,0,0
37548,0,0
136587,0,0
99098,0,1
4064,1,0
52035,0,0
88501,0,0
122980,0,0
101623,0,0
94418,0,0
957,0,1
62524,0,0
62302,0,0
117564,0,0
78618,0,0
9106,1,0
112325,0,0
54103,0,0
142631,1,1
111263,0,0
122948,0,0
56810,0,0
17476,1,1
119991,0,0
32996,0,0
105222,1,1
10295,0,0
16998,1,0
102453,0,0
31620,0,0
38930,0,0
104469,0,0
119989,0,0
109523,0,1
113901,0,0
9627,1,0
2530,0,1
144910,1,1
21491,0,0
103367,0,0
12795,0,0
59736,0,0
44759,1,0
110124,0,0
134634,0,1
117085,0,0
82783,1,0
123294,0,0
93520,0,0
112153,1,0
65956,0,0
95867,0,0
59219,0,0
35272,0,0
87865,0,1
101483,0,0
53040,0,0
323,0,0
118092,0,0
46054,0,0
42486,1,1
47818,0,1
64072,0,0
141680,0,0
133934,0,1
31177,0,1
143218,0,0
70095,0,0
70260,0,1
25378,0,0
18475,1,1
44811,0,0
47842,0,0
124916,0,0
16511,0,0
84985,0,1
40605,0,0
34176,0,0
1552,1,1
41568,0,0
41415,0,0
138194,0,0
3368,0,0
43253,1,0
68451,1,0
123482,0,0
98993,0,0
55874,1,1
72556,0,0
82916,0,0
123043,0,1
104879,1,1
143451,0,0
126166,0,0
35009,0,0
116956,0,0
114738,0,0
114695,0,1
131753,0,0
78675,0,0
24241,0,0
53362,0,0
126685,1,1
38144,0,0
50780,0,0
121517,0,0
54386,1,1
128311,1,1
125231,0,0
25501,0,0
68783,0,0
44983,0,0
110248,0,0
111957,0,0
104346,0,1
100258,1,0
30821,0,0
138539,0,0
70756,0,0
115656,0,0
22438,0,0
44311,0,0
51743,0,0
15379,0,0
97476,1,1
38261,0,0
97478,0,0
20618,0,0
65361,0,0
70574,0,0
105583,0,0
89126,1,1
28822,0,0
68396,1,1
61641,0,0
130032,0,1
10343,0,0
74584,0,0
74432,0,0
107494,1,0
49884,0,0
70266,1,1
11478,0,1
115052,0,0
4403,0,0
57875,1,1
22091,0,0
57154,1,0
15977,0,0
58778,0,0
111194,0,1
110299,1,1
117644,0,0
118865,1,1
63255,0,1
70893,1,0
116628,1,0
126997,1,1
126458,0,0
128347,1,1
16376,1,1
10033,0,0
104774,0,0
6541,0,0
115328,0,0
21003,1,0
34389,0,0
85437,0,0
49350,0,0
99927,0,0
7884,0,0
67111,1,1
127236,0,0
87803,0,1
71205,0,0
128652,0,0
26299,1,0
59782,0,0
65476,1,1
113862,0,0
79810,1,0
135070,0,0
89768,1,1
38234,0,0
78558,0,0
44264,1,1
55502,0,0
78972,0,0
108051,0,0
75184,0,1
23327,0,0
113770,0,0
28278,0,0
99629,0,0
77698,1,1
20596,0,0
125633,0,0
37723,0,0
138495,0,0
65057,0,1
124569,0,0
59975,0,0
144496,0,0
19928,1,0
55192,0,0
60900,1,1
58738,0,0
78563,0,0
128912,1,0
64159,0,0
12080,0,0
133020,0,0
12351,0,1
117132,0,0
31514,0,0
114621,0,0
85279,1,1
106321,0,0
135757,1,1
115476,0,0
118197,0,0
119357,0,0
13558,0,0
107862,0,0
53631,0,0
101900,0,0
63320,0,0
134407,0,0
123046,1,1
135545,0,0
111766,1,0
20733,1,1
127633,0,0
66812,1,0
85319,1,1
144641,0,0
140656,0,0
69489,0,0
40935,1,0
141730,1,1
43654,0,0
93000,0,0
85449,1,1
86713,0,0
43923,0,1
97504,1,1
93793,0,0
122380,0,0
103826,0,1
119999,0,0
39154,1,1
32082,0,1
70737,0,0
137823,0,0
80326,0,0
80893,0,0
1669,0,0
90177,0,0
127435,0,0
139686,1,0
52911,1,0
92718,1,1
78574,1,1
142731,0,0
49803,0,0
106765,0,0
23297,0,0
30163,0,0
115672,0,0
44526,0,1
23206,0,0
60052,1,0
14664,0,0
96151,0,1
140478,0,0
86361,0,0
107759,0,0
1454,0,0
6558,1,1
28325,0,0
2499,1,0
7287,0,0
5734,0,0
76184,0,0
32469,0,0
101119,0,0
4277,0,0
96065,0,0
130599,0,0
108203,0,0
22193,0,0
43472,0,0
3590,1,1
831,0,0
104853,0,0
36767,0,0
61727,0,0
129880,1,0
60341,0,0
68108,0,0
22993,0,0
8952,0,0
133841,1,1
4116,0,0
42813,0,0
124386,0,0
18666,0,1
35446,1,0
127991,0,0
5167,1,1
59022,0,0
128426,1,1
113505,0,0
33075,0,0
79594,1,1
21854,0,0
112890,1,1
86338,0,0
10205,0,0
31237,0,0
105830,0,0
125423,0,0
105405,0,0
47545,0,0
18981,1,1
136714,0,0
34562,0,0
45931,0,0
86017,0,0
49103,0,0
55659,1,0
13527,0,0
19110,0,0
63634,0,0
33606,0,0
20729,0,0
51827,0,0
126091,0,0
61847,0,0
51667,0,0
91389,1,1
48772,0,0
84603,0,0
77139,0,0
35889,1,1
10409,0,0
107828,0,1
37754,0,0
59417,0,1
46205,0,0
36356,1,1
76528,0,0
34066,0,0
34390,0,0
1687,0,0
23270,0,1
77065,0,0
10976,0,0
18061,0,0
37093,0,1
94741,1,1
103295,1,1
133892,1,0
19665,1,1
108853,0,1
2755,1,1
135305,0,0
34976,0,0
29834,1,0
142637,1,1
8835,0,0
105199,0,0
54061,0,0
114411,0,0
124749,1,1
44887,0,0
12126,0,0
115902,1,0
104801,0,0
77372,0,0
32860,0,0
112512,0,0
62240,1,1
64460,0,1
136632,0,0
14817,0,1
103717,0,0
129293,1,0
13369,0,0
74198,1,1
114934,1,0
96579,0,0
81603,0,0
51273,0,0
95124,0,0
140503,0,0
26598,0,0
50391,0,0
75109,0,1
74438,0,0
94118,0,0
12881,0,0
68779,1,0
37496,0,0
95142,1,0
139711,1,0
25032,0,0
96831,0,0
24105,0,0
134786,0,0
24649,0,0
131060,0,0
32017,0,0
129922,0,0
108654,0,0
7662,0,0
45793,1,0
2226,0,0
49937,1,1
18379,1,0
127569,0,0
104788,0,0
952,1,1
88449,1,1
21392,0,0
51087,0,0
130907,1,1
4284,0,1
66954,0,0
61066,0,0
110948,0,0
9166,1,0
10114,1,0
22500,0,0
47051,0,0
128757,0,1
121267,1,1
55508,0,0
130093,0,0
85426,0,0
113415,0,0
94678,0,0
94212,0,0
10846,0,1
117956,0,0
111644,0,0
3042,0,0
14536,1,1
7707,0,0
58683,0,0
131422,0,0
142801,0,0
28603,0,0
120699,1,0
35398,0,0
21613,1,1
139286,1,0
144664,0,0
121522,0,0
74494,0,0
59816,0,0
127894,0,1
117958,0,0
21317,0,0
140009,1,0
97246,1,1
73918,0,1
131357,1,1
79343,0,1
33181,1,0
62573,0,0
123146,0,0
129406,1,0
118189,0,1
49093,0,0
131231,1,1
144396,0,0
111800,1,1
121258,0,0
90273,1,1
64700,1,1
40247,0,0
4417,1,0
100043,0,0
389,0,0
122808,1,1
103525,1,1
92212,0,0
65877,0,0
2557,0,0
1162,0,0
30459,0,0
119068,0,0
31217,0,0
13569,0,0
10105,1,0
130128,0,0
11815,1,1
112548,1,0
35875,0,0
19828,0,0
139104,0,0
256,0,0
98476,0,0
131240,1,1
114583,1,1
42752,0,0
72058,0,0
13832,0,0
96132,0,0
66710,0,0
71271,0,0
127008,1,1
51738,0,0
60686,0,0
74735,0,0
133396,0,0
139936,0,0
72757,0,0
40775,0,1
74089,0,0
66658,0,0
135570,0,0
117501,0,0
55286,1,1
48594,0,0
11634,0,0
12620,0,0
3458,0,0
5268,0,0
133911,0,0
29797,0,0
30057,0,1
92935,1,0
78630,1,0
13210,0,0
87131,0,0
54548,1,0
102470,0,0
35154,0,0
74135,0,0
52710,1,0
12635,0,0
120033,1,0
26156,0,0
49695,0,0
95704,1,0
96051,0,0
85614,1,1
111839,1,1
134128,0,0
5744,0,0
33875,0,0
142055,1,1
17685,0,0
115745,0,0
43934,0,0
95771,0,0
91308,0,0
32901,0,0
22633,0,0
49654,0,0
38645,0,0
78386,0,0
55395,0,0
139408,0,0
87529,0,0
47729,0,0
9893,0,0
97133,0,0
40061,0,0
113266,1,0
130371,1,0
54029,0,0
98057,0,0
27700,0,0
38464,0,0
62928,0,0
58219,0,0
87179,0,0
2166,0,0
126980,0,0
125177,0,0
4616,0,0
16835,1,1
35506,1,1
21198,0,0
95682,0,0
48493,0,0
8188,0,0
74159,0,0
15081,0,1
10827,0,0
106422,0,0
60676,0,0
102887,0,0
15712,0,0
18791,1,1
89800,0,0
120942,0,0
36115,1,0
20257,0,0
100456,0,0
122206,0,0
47095,0,0
9181,1,0
130661,0,0
94914,0,0
99598,0,0
134258,0,0
66748,0,0
138595,0,0
45292,0,0
140338,0,0
61998,0,0
65232,0,0
95416,0,1
48764,0,1
79063,1,1
90091,0,0
84020,0,0
23437,1,1
67664,0,0
122706,0,0
58498,1,1
55063,0,1
130902,0,0
130555,0,0
113753,0,0
115080,0,0
55768,1,0
19910,0,0
144224,0,0
99444,0,0
97824,1,1
116081,0,0
93453,0,0
111308,1,1
61553,0,0
54296,1,0
67068,0,0
46070,0,0
51092,0,0
144351,0,0
31563,1,1
106598,0,0
57207,0,0
139727,1,0
10615,0,0
63579,0,0
5466,0,0
38681,0,0
83515,0,0
42174,1,0
88031,1,1
9594,1,0
107273,0,0
43522,0,0
107400,0,0
48069,1,1
144623,0,0
67676,0,1
83483,0,0
77731,1,1
117431,0,0
63723,1,1
38517,1,1
60076,1,1
22821,1,0
33959,0,0
92105,0,0
113907,0,0
23631,1,1
142324,0,0
74815,0,0
96183,0,0
85093,0,0
27019,0,0
113024,1,0
19258,0,0
79809,0,0
112445,0,0
63850,0,0
51680,0,1
117996,0,0
26408,0,1
145303,1,0
36277,1,1
19543,1,1
16281,1,1
91732,1,1
8002,0,0
100499,0,0
56107,0,0
125408,0,0
142444,0,0
68539,0,0
94999,0,0
79419,0,0
131819,0,0
7851,0,0
16159,1,0
101669,1,0
62938,0,0
133255,0,1
12513,0,0
4918,0,0
72011,0,0
133424,0,0
1494,0,0
301,0,0
131818,0,0
84463,0,0
100762,1,0
62872,0,0
60328,0,1
85525,0,0
120330,0,0
144523,0,0
119649,0,0
72412,0,0
55828,1,1
16673,0,0
72900,0,0
5964,1,0
77211,1,1
115059,0,0
40833,0,0
12485,1,1
9698,1,1
43600,0,1
469,0,0
44375,1,1
29662,1,1
7066,0,0
16660,1,1
125431,0,0
66176,0,0
62541,0,0
20178,0,0
98608,0,0
59134,1,0
743,0,0
125447,0,0
117514,0,0
99920,1,0
103892,0,0
106907,0,0
122150,1,0
47958,0,0
135954,0,0
63787,0,0
50435,0,0
130736,0,1
104982,0,0
66053,0,1
75042,1,1
116088,0,0
134321,0,0
97112,0,0
101983,0,0
54697,0,0
135285,1,1
1619,1,1
39772,0,0
126418,1,1
135955,0,0
3593,1,0
66033,0,0
126656,0,0
46130,0,0
52208,1,1
107192,0,0
44664,0,1
62136,0,0
132753,0,0
78092,1,0
84333,1,0
1462,0,0
21618,1,1
88350,1,0
8407,0,0
133437,0,0
112158,1,0
93685,0,0
43423,0,0
62937,1,0
15369,0,0
15339,0,0
23456,0,0
50469,0,0
117037,0,0
144690,0,0
68144,0,0
121033,0,0
77180,0,0
67187,0,0
86072,0,0
25569,0,0
113061,0,0
49826,0,1
5795,0,0
76762,1,0
27392,0,0
120570,0,0
9100,1,0
128281,0,0
88042,1,0
90712,0,0
118839,0,0
17267,0,1
115138,0,0
140593,0,0
53702,0,0
42107,1,0
62438,0,1
111760,1,0
135226,0,0
60789,0,0
98775,0,0
140056,1,0
129550,0,0
100586,0,0
54300,1,0
41667,1,0
143575,0,0
110153,0,0
34847,0,0
27606,0,0
13023,0,0
128422,1,1
132291,1,1
17521,0,0
27466,0,1
74255,0,0
50498,0,0
62957,0,0
56759,0,0
90987,1,1
139064,0,0
115295,0,0
61138,0,0
113523,1,0
77150,0,0
108891,0,0
98036,0,0
33587,0,0
65433,0,0
135202,0,0
19690,0,0
15464,0,1
61367,0,0
97205,0,0
141638,0,0
95083,0,0
136344,0,0
85445,0,0
66631,0,0
36790,0,0
124851,0,0
73383,0,0
94242,0,0
494,0,0
21757,0,1
101784,1,1
130473,1,0
76172,0,0
57490,0,0
66275,0,0
114742,0,0
139464,0,0
51246,0,0
20705,0,0
5452,1,1
658,0,0
87965,0,0
29059,0,0
34025,1,1
144433,0,0
86485,0,0
139090,0,0
137403,0,0
39045,0,0
95590,0,0
127341,0,1
129908,0,0
118118,0,0
131278,0,0
119230,0,0
76051,0,1
25964,0,0
5438,0,0
28411,0,0
140546,0,0
19328,1,0
116482,1,0
4070,0,0
96041,0,0
113495,1,0
72835,0,0
58182,0,0
35801,0,0
113240,1,0
15490,0,0
62808,1,1
121471,0,0
68696,0,0
110098,0,0
73779,0,0
8823,0,0
72613,0,0
92428,0,0
139191,0,0
15931,0,0
14263,1,0
50613,0,0
76664,1,0
12253,0,0
133046,0,0
68501,0,0
129689,0,0
41105,0,0
93239,0,0
19887,0,0
15655,0,1
2529,0,0
106150,0,0
143830,0,0
35888,1,1
60992,0,0
120420,0,0
18761,0,0
14643,0,0
110040,0,0
16841,0,0
130798,0,0
76981,0,0
83522,0,0
126828,1,0
23914,1,0
136301,0,0
60921,0,0
7657,0,0
132556,0,0
17777,0,0
27043,0,0
38843,1,1
57102,0,0
34519,0,0
124570,0,0
117434,0,0
125192,1,0
62877,1,1
53119,0,0
109520,0,0
141676,0,0
122850,1,1
137985,0,0
59092,0,0
29405,0,0
3645,0,0
40153,0,0
17510,0,0
130127,0,0
45017,0,0
103381,0,0
21087,0,0
38667,0,0
100432,1,1
53354,1,1
90778,0,0
66891,1,1
22403,0,0
67957,1,1
17171,1,0
113610,1,0
121218,0,0
74857,0,0
137783,0,0
101141,1,1
102285,0,1
12531,0,0
41655,0,0
97730,0,0
68833,0,0
54309,1,1
73654,0,1
1940,0,0
66462,0,0
99247,1,1
123932,0,0
77322,1,0
114098,0,0
96283,0,0
88131,0,0
119090,0,0
103403,0,0
67028,0,0
50889,1,1
130742,1,0
107967,0,0
123766,0,0
14126,0,0
8187,0,0
42915,0,0
20683,0,0
89753,0,0
91470,0,0
32251,0,0
33514,0,0
59954,1,0
6469,0,0
94174,0,0
47141,1,1
59224,1,1
15702,0,0
39814,1,1
137902,0,0
33104,0,0
123957,0,0
21302,1,1
51886,0,0
5206,0,0
85450,1,1
51805,0,0
123643,0,0
51139,0,0
55795,0,0
18336,0,0
93557,0,0
104738,1,0
102402,0,0
131068,0,0
102889,0,0
88142,0,0
108535,0,0
23291,0,0
15989,0,0
20246,0,1
124167,0,0
61565,0,0
93519,0,0
64788,0,0
138610,0,0
8934,0,0
127264,0,0
135387,0,1
123348,0,0
40597,1,0
66020,0,1
9520,0,1
11926,0,0
110306,1,1
90706,0,1
15897,0,1
18933,0,0
133039,0,0
108707,0,0
122616,0,0
113256,0,0
8039,0,0
140422,0,1
43171,0,0
107892,0,0
75178,1,0
109514,1,1
136990,0,0
67843,0,0
46806,0,0
103424,1,1
23882,0,1
48093,0,0
130326,0,0
99085,0,0
30409,0,0
3741,1,0
87828,0,0
124553,0,0
76899,0,0
80797,0,0
28731,0,0
5981,0,0
81510,1,1
132375,0,0
68918,1,1
5513,0,0
77500,1,0
127621,0,0
36291,0,0
67729,0,0
65960,0,0
32574,0,0
75260,0,0
67550,0,0
393,0,0
14543,0,0
30686,0,0
41849,0,1
41582,0,0
49802,0,0
30736,0,0
105840,0,0
80011,1,1
44323,0,0
27161,0,0
138406,0,0
104847,1,1
137940,0,0
85296,0,0
14428,0,0
66816,1,1
108455,0,0
122612,0,0
105252,0,0
20222,1,1
143364,0,1
9116,0,0
16639,0,0
113306,0,0
53751,0,0
140958,0,0
29559,0,0
29065,0,0
12699,0,0
33406,1,1
32794,0,0
113960,0,0
7767,0,0
18541,1,0
51194,0,0
92346,1,1
13965,0,0
92542,0,0
27799,0,0
23575,0,0
13110,0,0
80579,1,1
80082,0,1
70318,0,0
143643,0,0
129900,1,0
116939,1,1
60049,0,0
114347,1,1
97630,0,0
35985,0,0
27034,0,0
60063,0,0
82924,1,1
58361,0,0
132290,1,1
97953,0,0
4840,0,0
105553,0,0
14394,0,0
40838,1,0
141003,0,1
8289,1,1
42772,0,0
11071,0,0
11060,0,0
83205,0,0
115522,1,1
75282,0,0
109021,0,0
135272,0,0
73612,0,0
105422,1,0
22007,0,0
143783,1,0
109382,0,1
53650,0,1
68452,0,0
115072,0,0
81648,0,0
95709,0,0
77665,0,0
143420,0,0
114422,0,0
125762,1,1
23091,0,0
99638,1,0
20734,0,0
117731,1,1
23075,0,1
6714,0,0
59239,0,0
13338,0,0
66356,0,0
102117,0,0
100727,1,1
56915,0,1
4670,1,1
101486,1,1
96740,1,1
88972,0,0
102488,0,0
125594,0,0
139501,0,0
73257,0,0
89858,0,0
8301,1,0
49206,1,0
26792,0,0
73360,0,0
45783,1,0
88965,0,0
25772,0,0
14529,1,0
124501,1,1
15252,0,0
127437,1,1
1630,1,1
43843,0,0
122588,0,0
110112,0,1
129576,1,1
104006,0,0
42872,0,0
91847,0,0
21928,1,1
142838,0,0
27185,0,0
81918,1,1
101417,0,0
1278,1,1
77582,0,0
35214,0,0
24597,0,0
110281,0,1
111241,0,1
83103,0,0
113206,1,1
32415,0,0
5870,0,0
96885,0,0
10204,0,0
82673,0,0
36534,0,0
116360,0,0
62588,0,0
7304,1,1
88112,0,0
141687,0,0
103049,0,0
114346,0,0
104942,0,0
97565,0,0
45914,0,0
49023,0,0
6718,0,0
109576,1,1
139817,0,0
126930,0,1
76562,0,0
87543,0,1
90241,0,0
30998,0,0
33524,0,0
102678,0,0
51702,0,0
105724,0,0
95272,0,0
15227,0,1
7596,0,0
3007,0,0
138416,0,0
127503,0,0
48785,0,0
3718,1,1
15708,0,0
9833,1,1
1191,0,0
50991,0,0
9302,0,0
124718,1,1
76287,1,1
39427,0,0
125816,0,0
125517,0,0
106117,0,0
130532,0,0
16029,1,0
97314,1,1
104598,0,0
9583,0,0
79468,1,0
27295,0,0
117783,0,0
5703,0,0
6166,0,0
14102,0,0
140779,0,0
55104,0,0
43497,1,0
89467,0,1
109317,0,0
31356,0,0
99850,1,0
28097,1,1
106845,0,0
26579,0,0
31298,0,0
103330,1,0
130304,0,0
45851,0,0
127009,1,1
138572,0,0
39023,1,0
22589,0,0
79773,0,0
102211,0,1
45965,0,0
114659,0,0
136584,0,0
58357,0,0
70146,1,1
34950,1,0
96138,0,0
35090,0,0
18506,0,0
95534,0,0
142895,0,1
112016,0,0
33428,0,0
113703,0,0
112634,0,0
88917,1,0
115316,0,1
19870,1,1
131606,0,0
120839,0,0
71942,0,0
75536,0,0
130722,0,1
54298,0,0
111064,0,0
5298,0,0
28099,0,0
79232,0,0
3498,0,0
75382,0,0
72656,0,0
77330,1,1
131206,0,0
77594,1,1
126242,0,0
112794,1,1
75069,0,0
116931,0,1
88543,0,1
29914,0,0
73065,1,1
83811,0,0
96977,0,0
78525,0,0
134427,0,0
60919,0,0
117990,0,0
49984,0,0
120866,0,0
11446,1,0
107933,0,0
86465,0,0
137616,0,0
59089,1,0
31908,1,0
136415,0,0
122227,1,0
106600,0,0
12684,0,0
89125,1,1
116151,1,1
108371,0,0
44671,1,1
85811,0,0
117595,1,1
34039,1,1
92585,0,0
73286,0,0
125430,0,0
72937,0,0
119651,0,0
10666,0,0
80432,0,1
54326,0,0
134597,0,0
5864,0,0
124581,0,0
84230,0,0
41848,0,0
29599,0,0
63373,0,0
36892,0,0
144770,0,0
110668,0,0
20408,0,0
55838,1,1
53072,0,1
132248,1,1
82117,0,0
49283,0,0
72938,0,0
42485,1,1
100375,1,1
30867,0,0
123408,1,1
32793,0,0
98289,1,0
117447,0,0
100972,0,0
58587,0,0
17375,1,1
35526,0,0
1651,0,0
125757,0,0
50595,0,0
21724,0,0
8153,0,0
49805,1,0
120702,0,0
68342,0,0
132614,1,0
37894,0,0
14313,0,0
22386,1,1
108104,0,0
139777,1,0
78676,0,0
78206,1,1
34358,0,0
107255,0,0
12156,0,1
115552,1,1
44998,0,1
54207,1,1
28349,0,0
1707,0,0
72623,0,0
97487,0,0
128491,1,1
125785,0,0
31852,0,0
76859,0,1
96431,0,0
18154,1,1
60206,0,0
95159,0,0
110301,1,1
12251,0,0
49602,0,0
74738,0,0
129618,0,0
103007,0,0
85017,0,0
90268,1,1
103863,0,0
12144,0,0
94487,0,0
75058,0,0
9989,1,1
122140,0,0
6036,0,0
26989,0,0
42069,0,0
19538,0,0
87907,0,0
35352,1,1
64211,0,0
66082,1,0
86936,0,0
205,0,0
28454,0,0
36922,0,0
8570,0,0
69159,0,0
105674,1,1
84590,0,1
6867,0,1
116119,1,1
34037,1,1
104080,0,0
121889,1,0
49457,0,0
85044,0,0
106033,0,0
113826,0,0
2517,0,0
69403,0,0
43725,0,0
20736,0,0
9077,0,0
104692,0,0
30259,1,1
71572,0,0
134817,1,0
9366,1,1
17964,0,1
141837,1,1
107728,0,0
42446,1,1
25307,0,0
137181,0,0
143889,0,0
3654,0,0
82542,0,0
2481,0,0
35240,1,1
56384,0,0
111574,1,1
75425,0,0
47814,1,1
19693,0,0
27573,0,0
138597,0,0
120535,0,0
82107,0,0
39256,1,1
48265,0,0
34629,0,0
8378,0,0
102968,0,0
114303,0,1
72160,0,0
128953,0,0
144008,0,0
59112,0,0
36329,0,0
5151,1,1
58516,1,1
48707,0,0
51838,1,1
127173,0,0
89477,1,0
141298,0,0
14286,0,0
107778,0,0
43397,1,0
131013,0,0
30475,0,1
5526,0,0
27947,0,0
109707,0,0
29193,0,0
132195,0,0
8078,0,0
63427,0,0
135945,0,0
25998,0,1
124006,0,0
120737,0,0
8451,0,0
131797,0,0
83178,0,0
143157,0,0
83634,0,0
17110,0,0
29812,0,0
8789,0,0
91089,1,1
96184,0,0
49488,0,0
141213,0,0
123995,0,0
74902,1,1
67168,0,0
21308,1,1
98710,0,0
721,0,0
78284,0,0
136368,0,0
67156,0,0
86660,1,0
143682,0,0
50085,0,0
105693,0,0
75796,0,0
4731,1,0
107061,0,0
109851,0,0
106903,0,0
25825,0,0
42027,0,1
138509,1,0
125471,0,0
79548,1,0
75369,0,0
94785,0,0
113078,0,0
105842,0,0
16319,1,0
102089,0,0
35914,1,0
37847,0,0
28469,0,0
11499,0,0
26475,0,0
123371,0,0
51274,0,0
42720,0,0
55959,0,1
35178,0,0
59285,0,0
57548,1,1
102866,0,0
86384,1,1
121705,0,0
15243,0,0
132398,0,0
80957,0,0
124013,0,0
75597,0,1
95318,0,0
88650,1,1
137868,0,0
85203,0,0
77935,0,0
17597,0,0
8136,0,0
102329,0,0
134116,0,0
1390,0,0
79630,1,1
119353,0,0
139054,0,0
15420,0,0
28484,0,0
91969,1,1
92263,0,1
93668,0,0
39307,0,0
57238,0,0
87743,0,0
7655,0,0
127581,0,0
62606,0,1
114948,0,0
6623,0,0
25295,0,0
86885,0,0
7558,0,0
79763,0,0
145452,0,0
89655,0,0
7110,0,0
89085,0,0
49879,0,0
2116,0,0
37062,0,0
110027,0,0
29115,0,0
83049,0,0
35670,0,0
115888,1,0
84811,0,0
121760,0,0
22036,0,0
144606,0,0
81951,0,0
122643,0,0
3588,0,0
87675,1,0
97392,1,1
31010,0,0
114141,0,0
83071,1,1
30494,0,0
19856,0,0
144823,0,0
130739,1,1
25422,0,0
113331,0,0
75735,0,0
121229,0,0
77986,1,0
16970,0,0
20722,1,0
117976,0,0
121779,1,1
64715,1,1
122138,0,0
130096,1,0
102058,0,0
30982,0,0
89203,0,0
141096,1,1
100474,0,0
3082,0,1
134729,0,0
142678,0,0
86849,0,0
27853,1,0
81623,1,1
120962,1,1
135276,1,0
114383,0,0
113182,0,0
78379,0,0
59489,0,0
44418,1,1
131338,0,1
137719,0,0
18845,0,0
51567,0,0
111347,1,1
74426,0,0
142197,1,1
34463,0,0
87976,1,0
139596,0,0
127855,0,0
130280,0,0
95834,0,0
17271,0,1
71895,0,0
27687,0,0
127646,0,0
111022,0,0
79174,0,0
54114,1,0
34748,1,1
119113,0,0
51164,1,1
139053,0,0
36000,1,1
97739,0,0
31421,0,0
133732,0,1
109545,1,1
63678,1,1
20866,0,0
109722,1,1
89269,0,0
144105,0,0
92317,1,0
143053,0,0
7969,0,0
91894,0,0
131728,0,0
37922,0,0
1074,1,1
55599,0,0
115404,0,0
100861,0,0
83674,1,1
32800,1,1
15872,1,0
61203,1,1
104168,0,0
44326,0,0
47255,0,0
76105,0,1
96314,0,0
80075,0,0
62670,0,0
65668,0,0
6827,0,1
67395,0,0
69002,0,0
113339,0,0
83355,0,0
129720,0,0
47597,0,0
109958,0,0
30543,0,0
133044,0,0
96373,0,0
68033,1,1
36178,0,0
67939,0,0
9123,0,0
51845,0,1
93175,1,1
85810,0,0
122345,0,0
71157,1,1
87746,0,0
124607,0,0
87500,0,0
81189,1,1
55786,1,1
75410,1,0
66602,0,1
44869,0,0
103102,0,0
18991,0,0
138765,0,0
120786,1,1
23403,1,1
126081,0,0
123224,0,0
138953,0,0
68908,1,1
59385,0,0
133191,0,0
102681,0,0
41057,0,0
143618,0,0
37718,0,0
17963,1,0
119977,1,1
81537,1,1
7225,0,0
129251,1,1
44180,0,0
1199,0,0
94437,0,0
76368,0,0
138935,0,0
46356,0,0
29661,0,0
72061,0,0
136347,0,0
3827,0,0
129566,1,1
50784,1,0
30154,0,0
76736,0,0
8116,0,0
66687,1,0
102129,1,0
116950,1,1
93545,0,0
87342,0,0
5788,0,0
123347,0,0
71472,0,0
6719,0,0
10969,0,0
1727,0,0
68104,0,0
122921,0,0
122015,0,1
129154,1,0
93180,1,0
104422,0,0
12396,0,0
26535,0,0
9424,0,1
16967,0,0
53467,0,0
37125,0,0
30295,0,0
23281,1,1
141144,0,0
77857,0,0
46571,0,0
105398,1,1
53642,0,0
123545,0,0
25779,0,0
36615,0,0
136740,0,0
113025,0,1
89348,0,1
145,1,1
23233,0,0
9944,0,0
127429,1,1
137050,0,0
87293,0,1
131909,1,0
20081,1,1
129581,0,0
31239,0,0
6223,0,0
93912,0,0
15754,0,0
37340,1,1
84703,1,1
41007,0,1
28487,0,0
19511,1,0
60939,0,0
54177,0,0
74253,0,0
10835,0,0
78663,0,0
15795,0,0
16071,0,0
42468,0,0
115354,1,0
95027,0,0
129394,0,0
94729,0,1
110151,0,1
105800,0,0
60104,0,0
45108,0,0
9938,1,1
18553,0,0
75156,0,0
7818,0,0
79937,1,1
111184,0,0
85388,0,0
120561,0,0
50467,0,0
145237,0,0
32304,1,0
117862,1,1
49981,1,0
4667,1,1
29387,0,0
54685,0,0
74460,0,0
94847,0,0
2368,1,1
78186,0,0
137557,1,0
105447,0,0
142882,0,0
73635,0,0
111366,0,0
2024,0,0
21245,0,0
325,0,0
88134,0,0
8698,0,0
97195,0,0
91229,0,0
137014,0,0
118549,0,0
67424,0,0
27782,0,0
387,0,0
26002,0,0
29446,0,0
53026,0,0
62467,1,1
68884,0,0
117130,0,0
138897,0,0
74252,0,0
57749,0,0
88769,0,0
310,0,0
6237,0,0
140724,1,1
43803,0,0
98001,0,1
37440,1,0
59365,0,0
82058,0,0
52752,1,0
81558,0,0
56192,0,0
116514,0,0
27130,0,0
3615,1,1
66543,0,0
106549,0,0
102104,0,0
59552,0,0
9448,0,0
68917,0,1
60187,0,0
18208,0,0
123135,0,0
7555,0,0
46535,0,0
86001,0,0
19043,1,1
25009,1,1
2807,0,0
53511,0,0
50935,0,0
13594,0,0
99523,0,0
28446,0,0
5904,0,0
29383,1,0
20301,1,0
118188,0,0
139059,0,0
54247,0,0
71106,0,0
50940,0,0
94924,0,0
70824,0,0
24509,1,1
24747,0,0
6005,0,0
128482,0,0
28960,1,1
52313,0,0
34864,1,1
98000,0,0
642,1,1
115915,0,0
1117,0,0
5714,0,0
11036,0,0
94425,0,0
132566,1,1
88400,1,1
80887,0,0
30456,0,1
3012,0,0
113999,1,1
56895,0,0
37298,0,0
18358,0,0
97179,0,0
140776,0,0
13354,0,0
106349,0,0
66770,0,0
136498,0,0
8134,0,0
47428,0,0
20115,1,0
107432,0,0
39340,0,0
21508,0,0
11065,0,0
96370,1,0
127159,1,0
137334,0,0
127287,1,1
17066,0,0
9202,0,1
89,0,0
117013,0,0
48500,0,0
126152,0,0
25760,0,0
10472,0,1
11381,0,0
79260,1,0
121139,0,0
74180,0,1
67446,1,0
31883,1,0
91315,1,1
40531,0,0
74547,0,0
21735,0,0
82340,0,0
135921,0,0
128025,0,0
63232,0,0
133894,0,1
99762,0,0
136277,0,0
92926,0,0
89393,1,0
30684,0,0
31310,0,1
114950,0,0
22474,0,0
80669,1,1
72934,0,0
89617,1,0
12778,0,0
27136,0,0
56111,0,0
83599,0,0
93186,1,1
110659,0,0
77177,1,1
125150,0,0
40112,0,1
42072,0,0
141568,0,0
133838,0,1
72763,0,0
33139,0,0
115381,0,0
32154,0,0
142147,1,1
44027,0,0
107602,1,0
115464,0,0
138752,0,0
93144,0,1
118160,0,0
80023,0,0
77103,0,0
38290,0,0
29028,0,0
73036,0,0
118555,1,1
49014,0,0
46486,0,0
54001,1,0
96142,1,0
61299,0,0
99956,0,0
52393,1,1
144687,0,0
22334,0,0
19603,0,0
100132,0,1
67990,0,0
135853,1,0
17015,0,0
40733,0,0
84671,0,0
96814,0,0
56811,0,0
93791,0,0
79466,0,0
29218,0,0
5814,0,0
134324,1,0
133306,1,0
30742,0,0
16002,1,1
16655,1,1
82337,0,0
80275,1,1
107307,0,0
33157,0,0
39090,0,0
115778,0,1
57832,1,1
108016,0,0
74184,0,0
91574,0,0
65697,1,1
141152,1,0
40551,0,0
68422,0,0
59620,0,0
36325,1,0
64961,1,1
141430,0,0
81922,0,0
45141,0,0
10757,0,1
63751,0,0
36098,0,0
17033,0,0
39156,0,0
75685,1,1
34820,1,0
84882,0,0
114691,0,0
91351,1,1
37450,0,0
114441,0,0
124117,0,0
73054,0,0
131676,0,0
33170,0,0
88771,0,0
104608,1,1
113593,0,0
120689,0,0
109605,0,0
86364,0,0
11079,0,0
76371,0,0
27444,0,1
38798,1,1
116139,0,0
79201,0,0
57699,0,0
117383,0,0
91140,0,0
136545,0,0
43555,0,0
110965,0,1
104396,0,0
95431,1,0
56495,0,0
48339,1,1
139682,0,0
101802,0,0
121752,0,0
7475,0,0
99097,0,0
103347,0,0
119286,0,0
75924,0,0
49661,0,0
36865,0,0
4713,0,1
103518,0,0
35342,1,1
52388,0,0
79236,1,1
63638,0,0
75121,0,0
47354,0,0
42989,0,0
7689,0,0
9068,0,0
76611,0,1
128754,0,0
77798,0,0
95479,0,0
64250,0,0
112273,0,0
141242,0,0
114279,1,1
57294,0,0
52016,0,0
35060,1,0
81667,1,0
140508,0,0
4150,0,0
31455,0,0
91457,1,1
85734,1,1
13835,0,0
71063,0,0
89802,0,1
75810,1,1
104028,0,0
12574,0,0
43466,0,0
102831,0,0
127792,1,1
12541,0,0
114434,0,0
126853,0,0
73151,0,0
24387,0,0
104033,0,0
20536,0,0
19379,0,0
40950,1,0
127425,1,1
63975,1,1
96907,0,0
24330,1,1
100755,1,1
47370,0,0
127626,1,0
46977,0,0
132576,0,0
92755,0,0
76671,0,0
43875,0,0
110799,0,0
15288,0,0
10473,0,0
125083,0,0
42688,1,1
45366,0,0
83183,1,1
132045,1,0
46372,1,1
108973,0,0
126953,0,0
78081,1,1
130104,0,0
132450,0,0
18332,0,0
137954,0,0
38362,0,0
74709,1,1
144411,0,0
106862,0,0
114169,0,0
111653,1,1
101316,0,0
128823,0,0
15167,0,0
65552,0,0
47772,0,0
40528,0,0
39766,0,0
18835,0,0
53196,0,0
115530,1,1
40866,0,0
102143,1,1
59665,0,0
88584,0,0
106159,0,0
87336,0,0
35057,0,0
73014,0,0
51295,0,0
37026,0,0
24653,0,0
55323,1,0
75489,0,1
80308,1,1
84122,0,0
89829,0,1
37977,0,0
97755,0,0
52546,1,1
25838,0,0
99995,1,1
52755,1,0
139203,0,0
34486,1,1
111593,0,0
77429,0,0
2605,1,0
75223,0,0
90398,0,0
19480,0,0
60942,0,0
33125,0,0
59891,0,0
17000,1,1
115741,0,0
27794,0,0
141484,0,0
12139,1,0
135425,0,0
93386,0,0
47245,0,0
92064,0,0
76792,0,0
68141,0,0
121074,1,1
35008,0,0
78260,0,0
85178,1,0
50354,0,1
120479,0,0
139361,0,0
76458,1,1
125825,0,0
33939,0,0
109233,0,0
105672,0,0
7574,0,0
63331,0,0
80087,0,0
119710,0,0
48482,0,1
28902,0,0
66192,0,0
62115,0,0
143088,0,0
23843,0,1
51944,0,0
51435,0,0
59364,0,0
105567,0,0
132991,0,0
59624,1,1
37281,0,0
66516,1,1
49001,0,0
136760,0,0
69437,0,0
48274,0,0
107533,0,0
103086,1,1
118025,0,0
108704,0,0
117974,0,0
132706,0,0
13675,0,0
53079,0,0
24764,0,0
100252,1,0
131872,0,0
114783,0,0
93727,0,1
30683,0,0
108768,0,0
92931,0,0
55944,1,1
141377,0,0
105253,0,0
120618,0,0
120708,0,0
31867,0,0
64180,0,0
88011,1,0
129151,1,0
36845,0,0
73662,0,0
59853,0,0
125527,1,0
60241,0,0
23490,0,0
105533,1,1
57344,0,0
98803,0,0
56258,1,1
6887,0,0
133004,1,0
16382,0,0
83548,0,0
24662,0,0
96121,0,0
34081,0,0
115986,0,0
1545,0,0
37410,0,0
129081,0,0
20807,0,0
11937,0,0
61797,1,0
110011,0,0
141894,0,0
18862,0,0
2691,1,1
116091,0,0
3376,0,0
14380,0,0
41776,1,0
19427,0,0
139354,0,1
4300,0,0
76069,0,0
13811,0,0
30732,0,0
83021,0,0
126840,0,0
110962,0,0
14273,0,0
28707,0,0
32257,0,0
102576,0,0
105295,1,1
65346,0,0
113132,1,1
101272,0,0
76793,0,0
90434,0,0
16390,0,0
20993,0,0
47758,0,0
58495,0,0
61517,0,0
47941,0,0
137308,0,0
71186,0,0
55800,1,1
56072,0,1
76395,0,0
12350,0,0
57767,1,1
50646,0,0
92842,1,1
6465,0,0
63996,0,0
63215,0,0
131527,0,0
60817,0,0
94652,0,0
28012,0,0
55968,0,0
8398,0,0
144227,0,0
21948,1,1
91825,0,1
82275,0,0
52116,0,0
121378,1,1
35426,0,0
128633,1,0
59861,0,0
91699,0,1
89290,0,0
138174,1,0
135407,0,0
109058,1,1
136916,0,0
28018,1,1
91439,1,1
31673,0,0
20365,0,0
102445,0,0
86759,0,1
8234,0,0
14287,0,0
12449,0,0
140949,0,0
124603,0,0
113906,0,0
55229,1,0
6841,0,0
8220,0,0
85672,0,0
16178,0,0
13583,0,0
57089,0,0
127759,0,0
15066,0,0
99936,0,0
86257,1,1
19276,0,0
77676,0,0
89484,1,1
14656,1,1
74361,0,0
24648,0,0
69117,0,0
53785,0,0
136101,0,0
122100,1,1
75839,1,1
22093,1,1
104550,0,1
10491,1,1
38516,0,0
26486,0,0
110392,0,0
140087,0,1
85162,1,0
65179,0,0
3726,1,0
140531,0,0
34969,1,0
85401,1,1
63245,0,0
136556,0,0
18948,0,0
66201,0,0
140097,1,1
84185,0,1
98407,1,1
25084,0,0
92515,0,0
42438,1,0
60119,1,0
51271,0,0
21781,0,0
39646,1,1
43916,0,0
78475,0,0
138893,0,0
75539,1,1
132379,0,0
135349,1,1
76496,0,0
15825,0,0
19522,0,0
60834,0,0
119038,0,0
35209,0,0
101447,0,1
131320,1,0
8644,1,1
117074,0,0
50473,0,0
136138,0,0
78346,1,1
85199,0,0
14314,0,0
33673,1,1
137810,1,0
28318,0,0
133331,0,1
25723,0,0
42647,1,0
45895,0,0
9236,0,1
50803,0,0
40715,1,0
70622,0,0
52084,0,1
119948,1,0
33432,1,1
121504,0,0
12263,0,1
24276,0,0
143516,0,0
87382,0,0
114056,0,0
80709,1,1
103883,0,1
61655,0,0
63700,0,0
7598,1,1
130236,1,0
110999,0,0
12039,0,0
102544,0,0
31904,0,0
73485,0,0
76772,1,0
142619,0,1
88464,0,0
71836,0,0
48025,0,0
139869,0,0
110339,0,0
27889,0,0
86547,0,0
94746,0,0
53925,0,1
22389,1,0
20082,0,0
94686,0,0
50151,1,1
7310,0,0
57400,1,0
66426,1,1
143014,0,1
47463,0,0
38970,0,0
81962,0,1
86252,0,0
70996,0,0
91717,0,0
36407,1,0
9332,1,0
125546,0,0
80026,0,1
57527,0,0
111043,1,1
102834,0,0
54578,0,0
52971,0,0
88651,1,1
128843,1,1
123098,0,0
73893,0,0
85148,0,0
83299,0,0
125153,0,0
1699,0,0
133899,0,0
126464,0,0
3791,0,0
143045,0,0
26177,0,0
136793,0,0
22138,0,0
70866,0,0
112104,0,1
96107,0,0
101573,0,0
31974,1,0
37507,0,1
129901,0,0
50526,0,0
57616,0,0
50691,0,0
82032,0,0
138957,0,1
56191,0,1
99950,1,1
4958,0,0
99739,0,1
60456,0,0
101530,0,0
101339,0,0
34966,0,0
81616,0,0
61887,1,0
90176,0,0
113822,0,0
105087,1,0
118081,0,0
6699,1,1
28282,1,1
137457,0,0
141173,0,0
50977,0,0
12746,0,1
16149,0,0
115370,0,0
25661,0,0
53857,0,0
94245,0,0
122161,0,0
82806,0,0
65430,0,0
56908,0,0
135531,0,0
28891,0,0
113536,1,1
120084,0,0
38609,1,1
81835,0,0
113460,0,0
49595,0,0
89613,1,0
63263,0,1
102418,1,0
83922,0,0
125013,1,0
9009,0,0
109045,0,0
110747,0,1
119528,0,0
36378,0,0
102463,0,1
78736,0,0
122385,1,0
33230,1,0
120029,0,0
33728,0,0
74420,0,0
28596,0,0
34767,0,0
112993,0,0
37707,0,0
81429,1,1
65031,0,0
142187,0,0
35314,0,1
136332,0,0
48161,0,0
84438,0,0
111774,0,0
34739,1,1
95014,0,0
129701,1,0
120941,0,0
89157,0,0
92764,0,0
43403,0,0
30294,0,0
62577,1,0
99893,1,0
103244,0,0
122286,0,0
72859,0,0
66637,0,0
92019,0,0
71519,1,0
137327,0,0
137725,0,0
101389,0,0
108111,0,0
138951,0,0
64222,0,0
10313,1,0
99964,0,0
58766,0,0
68836,0,0
6664,0,0
39898,1,1
97632,0,0
108757,1,0
74717,0,0
118043,0,0
117537,0,0
29591,0,0
73585,0,0
119730,0,0
17278,0,0
31091,0,0
98475,0,0
276,1,0
116696,0,0
95603,0,0
57929,0,0
115894,0,0
141401,1,1
142476,0,0
33665,0,0
128074,0,1
31982,0,0
45254,0,0
118403,0,0
141844,0,0
19660,1,0
114594,0,0
42168,1,0
117429,0,0
101262,0,0
119557,0,0
30531,0,0
65939,0,0
30148,0,0
58845,0,0
91973,0,0
68733,0,1
65483,0,0
36413,1,1
92471,0,0
9419,1,1
42430,1,0
145246,0,0
41133,0,0
65136,0,0
38858,0,0
97187,0,0
63695,0,0
40779,1,0
15262,0,0
86637,0,0
9416,0,1
137626,0,1
71059,1,1
12357,0,0
74028,0,0
77441,1,0
1432,0,0
137992,0,0
116063,0,0
33012,1,0
106797,0,0
68770,0,1
97626,0,0
105027,0,0
138041,0,0
20235,0,1
106865,0,0
83780,1,0
102994,0,0
141953,0,0
43778,0,0
120052,0,1
127898,0,1
73130,0,0
4035,0,0
116386,0,0
43641,0,0
137895,0,1
28133,1,0
131465,0,1
5447,0,0
7566,0,0
115870,0,0
76198,1,1
85264,0,0
22998,0,0
9351,0,0
31470,0,0
46818,0,1
133067,0,0
143208,0,0
86674,0,0
66600,1,1
4271,0,0
31491,0,1
87110,0,0
116558,1,1
52973,0,0
14719,1,1
51720,1,0
96530,0,0
10398,0,0
80766,0,0
21770,0,0
72408,0,1
9163,0,0
45359,0,0
65591,0,0
120788,0,0
129718,0,0
96148,1,0
85125,1,1
15377,0,0
139504,0,0
52003,0,0
123239,0,0
100805,1,1
107908,1,0
102800,0,0
122911,0,0
42538,0,1
123527,1,1
120039,0,0
78634,0,0
43122,0,0
55826,1,0
79430,0,0
139226,0,0
124232,1,0
144093,0,0
80934,0,0
54887,1,1
90135,0,0
130966,0,0
5066,0,0
131764,1,1
123393,0,0
6561,1,1
115068,0,0
85798,0,0
127918,0,0
46750,0,0
19981,0,0
39905,1,1
23029,0,1
138571,0,0
84995,0,0
18817,0,1
124517,0,0
12782,0,0
104045,0,0
9876,0,0
101710,1,0
118527,0,0
67015,1,0
77087,0,0
138355,0,0
94567,1,0
50537,0,0
27743,0,0
139148,0,0
5281,0,0
93480,0,0
32602,0,0
16979,0,0
26379,1,1
36343,0,0
124556,0,1
35047,0,0
22417,0,0
77854,0,0
128894,0,0
98077,1,1
103151,1,0
101336,1,0
78204,1,1
65097,0,0
6993,0,0
32512,0,0
33507,1,0
132763,0,1
6274,0,0
39152,1,1
34174,0,0
22846,0,0
53077,0,0
38735,0,0
111942,0,0
76275,0,0
31539,1,1
3688,0,0
96906,0,0
109686,0,0
104205,0,0
33531,0,0
140573,0,0
25942,0,1
102815,0,0
128811,0,0
48155,0,0
42833,0,0
71313,0,0
143864,0,0
1510,0,0
116491,0,0
144673,0,0
80605,0,0
134081,0,0
7542,0,0
43527,0,0
128292,0,0
101969,0,1
110095,1,1
63877,0,0
5928,1,1
25460,0,0
109886,1,1
42415,0,0
140345,1,1
134304,0,0
71804,0,0
125069,0,0
113230,0,1
82556,0,0
143565,0,0
143032,1,1
63468,0,1
1694,0,0
4545,0,0
82373,0,0
17196,0,0
111709,0,0
125977,0,0
87927,1,0
31674,1,1
53414,1,1
119308,0,0
95360,0,0
102056,0,0
125302,0,0
98440,0,0
122237,0,1
94183,0,0
100540,1,0
65390,1,0
38982,0,0
16954,0,0
19271,0,0
76996,1,1
89464,0,0
87286,0,1
29813,0,0
48690,0,0
74731,0,0
49124,0,0
119947,0,0
131468,1,1
97068,1,1
96855,0,0
60295,0,0
79803,0,0
106506,0,0
58449,1,0
120679,0,0
140708,1,1
124681,0,0
5619,1,1
123055,0,0
67624,1,0
100465,1,1
29938,0,0
124879,0,0
30773,0,0
42622,1,0
11500,0,0
76310,1,1
19159,1,0
22287,0,0
137570,0,0
28052,0,0
19798,0,0
144748,0,0
114399,0,0
28353,0,0
94401,1,1
120995,1,1
9125,1,1
93452,0,0
63583,0,0
55100,0,0
94592,0,0
81981,0,1
98513,0,1
126460,0,0
64057,1,0
81998,1,1
41614,1,1
109808,0,0
121086,0,0
93547,0,0
5999,0,0
111331,0,0
85689,0,0
24776,0,0
34755,0,0
19627,0,0
15010,0,0
34491,1,0
91467,0,0
70136,1,1
58405,0,1
52783,0,0
72540,0,0
141879,0,0
100683,1,1
12877,0,0
73817,0,1
39805,0,0
136353,0,0
32615,0,0
117522,0,0
107808,0,0
34806,0,0
68419,0,0
115541,0,0
145023,0,0
61931,0,0
34212,0,0
3361,0,0
134873,0,0
73103,0,0
74936,0,0
10965,0,0
48110,0,0
121095,0,0
130034,0,0
68325,0,0
145395,0,0
528,0,0
21089,0,0
22739,0,0
76732,0,0
106476,0,0
62140,0,0
13088,0,0
100682,1,1
42176,0,0
112609,0,0
12891,0,0
46788,0,0
131286,0,0
112713,0,0
140408,1,1
77919,0,0
56785,0,0
85524,0,0
4206,0,0
52458,1,1
6399,1,0
110720,0,0
122115,0,0
75019,1,0
30411,1,0
40213,0,0
4295,0,0
108620,0,0
139937,0,0
124492,0,0
16438,0,0
142740,0,0
112576,0,0
126949,0,0
123471,0,0
53627,1,0
135524,0,0
110042,1,1
121330,0,0
5088,0,0
36028,0,0
21201,1,0
6118,0,0
18967,0,1
29750,0,0
143078,0,0
102796,0,0
65410,1,0
30763,0,0
143570,0,0
46203,0,0
57523,0,0
36572,0,0
29605,0,0
126762,0,0
103321,0,0
117587,1,1
103580,1,0
96957,0,0
51880,0,0
107657,0,0
136696,0,0
26041,0,0
121626,0,0
120184,0,0
126340,1,1
114391,1,0
60710,0,0
26416,0,0
80052,0,0
119428,0,0
91865,0,0
94844,0,0
139860,0,0
2240,1,1
117604,0,0
96901,1,0
119316,0,0
32969,0,0
105155,0,0
124946,0,0
70290,1,0
141250,0,0
10102,1,1
51373,0,0
83534,0,0
49916,0,0
76741,0,0
110259,0,0
143819,0,0
116099,0,0
125721,0,0
63186,0,0
27103,0,0
12675,0,0
67110,0,0
134239,1,1
63997,0,0
14063,0,0
75797,1,0
36318,0,0
68260,0,0
77090,0,0
21780,1,0
27909,0,0
4776,0,0
41853,0,0
49030,0,0
19575,0,0
104718,0,0
89651,1,0
29712,0,0
13597,0,0
63035,0,0
35912,0,0
45954,1,0
29850,1,1
123976,0,0
5778,1,0
10005,0,0
144194,0,0
123674,0,0
116024,0,0
26388,0,0
94373,0,0
47835,1,1
11859,0,0
45514,0,0
137239,0,0
131052,1,0
80589,0,0
1639,0,0
16426,0,0
3035,0,0
50466,0,0
103002,0,0
77388,0,0
105882,0,0
72566,0,0
74259,0,0
45404,0,0
128340,1,1
100868,0,0
81113,1,1
108651,0,0
6613,0,0
101393,0,1
68066,1,0
43782,0,0
95202,0,0
13404,1,0
35483,0,0
31535,1,1
112473,0,0
108537,0,0
127720,0,0
86799,0,0
3293,0,0
47732,0,0
51671,0,0
40370,0,0
36341,0,0
138135,0,0
34240,0,0
124097,1,1
81663,0,0
92312,0,0
51682,0,0
49104,0,0
67739,0,0
5779,0,1
25574,0,0
83128,0,0
93582,0,0
131826,0,0
24188,0,0
55822,0,0
110580,1,1
35767,0,0
93641,0,0
130790,0,0
50024,1,1
74431,1,0
101910,0,0
126639,0,0
98014,0,0
45819,0,1
116306,0,0
14432,0,0
132806,1,1
98134,1,1
5131,0,0
54156,1,0
27312,0,0
18637,1,1
14910,0,0
140380,1,1
109893,1,1
3662,0,0
123693,1,0
91317,1,0
21115,0,0
135767,0,1
132462,0,1
89772,1,0
38027,0,0
118664,0,0
119676,0,0
30887,0,0
105709,0,0
120215,1,1
41692,1,0
136052,0,0
56281,0,0
135122,0,1
140723,0,1
93222,0,0
66737,0,0
52772,0,1
109525,0,0
97552,0,0
1977,0,0
27986,1,0
15650,0,0
41810,1,0
70630,0,0
75939,0,1
75926,0,0
26676,0,0
76592,1,1
103142,1,0
46964,0,0
72733,0,0
144974,0,0
61114,0,0
7413,0,0
92264,0,0
23330,0,0
49778,0,0
57341,1,1
48278,0,0
55424,0,0
37474,0,0
50690,0,0
79707,0,1
40043,1,1
29496,0,0
65594,0,0
118026,0,0
58112,1,1
4957,0,0
65524,0,0
42434,0,1
76059,0,0
100039,1,0
75326,0,0
130709,0,0
125813,0,0
88851,1,0
121957,0,0
75732,1,0
58552,0,0
30815,0,0
69997,1,1
24826,0,0
47036,1,0
45487,1,1
136979,0,0
139713,1,1
120288,0,0
18359,0,0
132263,0,1
63939,0,0
116425,0,0
22860,0,0
37895,0,0
144486,0,0
4708,0,0
114734,0,0
86604,1,1
133315,0,1
72670,0,0
86204,0,0
70311,0,0
123785,0,0
49945,0,0
74866,0,0
30873,0,0
131293,0,0
114474,0,0
70991,0,0
85739,0,0
83782,1,1
145318,0,0
35025,0,0
33156,1,1
3586,0,0
128746,0,0
60216,0,0
51585,0,0
57058,1,0
25427,0,1
31033,0,1
77307,1,1
28633,0,0
72145,0,0
61574,0,0
19288,1,1
107870,0,0
68207,0,0
137131,0,0
29713,1,0
34309,0,0
123539,1,1
35695,1,0
98628,0,0
15737,0,1
79887,0,0
50914,0,0
92355,0,0
128419,1,1
115363,0,0
116943,1,1
66043,0,0
107461,0,0
40430,0,0
139015,0,0
67074,0,0
21549,1,0
113103,1,1
102775,0,1
74594,0,0
42931,0,0
39107,1,0
5375,1,0
65107,0,0
22549,0,0
9248,1,1
91551,0,0
102424,1,0
78646,0,0
101292,0,0
48882,1,0
62506,0,0
43728,0,0
79068,0,0
89209,0,0
98339,1,0
25973,0,0
73180,0,0
29291,0,1
59008,0,0
83146,0,0
1693,0,0
44076,0,0
29790,1,1
111727,0,0
107989,0,0
40324,0,0
78410,0,0
66885,0,0
36915,0,0
79164,0,0
136542,0,0
43059,0,0
115731,0,0
43109,0,0
86483,0,1
43578,0,0
45666,1,1
79768,0,0
13864,0,0
95319,0,0
124468,0,0
40274,0,0
23698,0,0
73725,0,0
85301,0,0
50409,0,0
98816,0,1
79964,0,0
118224,0,0
112314,0,0
109532,0,0
13868,0,0
143978,1,0
116454,0,0
19929,1,1
33416,1,0
85073,0,0
104888,0,0
44411,0,0
23587,1,0
44603,0,0
124964,0,0
21790,1,1
25966,0,0
49220,0,0
52047,0,0
132508,0,0
83480,0,0
60648,0,0
138039,0,0
127478,1,1
48842,0,0
125222,0,0
120933,0,0
73890,0,0
32414,0,0
67321,0,0
21312,0,0
138982,0,0
87142,0,0
81713,1,1
49332,1,1
30586,0,0
50216,0,1
59781,0,0
73018,0,0
12555,0,0
83232,1,0
60124,0,0
58512,0,0
11584,0,0
67799,0,0
23795,0,1
21572,0,1
74558,1,1
135080,0,0
86436,0,0
6881,0,0
43724,1,1
34633,0,0
59602,0,0
61426,0,0
138159,0,0
81582,0,1
951,1,1
97206,0,0
27346,0,0
86533,1,0
40937,0,0
16944,0,0
14161,0,0
41700,0,0
89656,0,0
112543,1,1
27303,0,0
32573,0,0
17153,0,0
64302,0,0
62969,0,0
70360,0,0
135067,0,0
119460,0,0
22485,0,1
74240,1,1
65682,0,0
71871,0,0
128094,1,1
43504,0,0
40773,0,0
33319,0,0
55582,0,0
95635,0,0
13036,0,0
92662,0,0
43855,0,0
143609,0,0
22947,0,0
126346,0,0
93570,0,0
108739,0,0
66566,0,0
124941,0,0
8466,1,1
42843,0,0
588,0,0
54608,0,0
88988,0,0
135381,0,0
10836,0,0
42987,1,1
135419,0,0
101226,1,1
89514,0,1
77849,0,0
60020,0,0
99779,1,1
119393,0,0
41625,1,0
33639,1,1
5936,1,1
57418,0,0
105793,0,0
98290,1,0
119708,0,0
134522,0,1
133501,0,0
132969,0,1
130932,0,0
145454,0,0
103905,0,0
140697,0,1
75214,1,1
64946,0,0
102758,0,0
144112,0,0
131598,0,0
44160,1,1
68334,1,0
104296,0,0
46076,0,0
101220,0,0
76832,0,0
70977,0,1
82363,0,0
56530,0,0
57870,0,0
5295,0,0
107598,0,0
101602,0,0
38707,0,0
111121,1,0
85013,1,1
92027,0,0
11025,0,0
63650,1,1
124273,1,0
110761,0,1
34225,0,0
17982,0,0
113689,0,0
26520,1,0
18987,0,0
130753,0,0
134098,0,0
41195,1,0
56888,0,0
107557,0,0
120977,0,0
51078,0,0
8853,0,0
14328,0,0
139944,1,0
104221,0,0
47457,0,0
13175,0,0
60840,0,0
89197,0,0
79495,1,1
118093,0,0
110062,0,1
8921,0,0
42164,0,0
127939,0,0
86618,0,0
138302,0,0
23824,1,1
85791,0,0
114212,0,1
109117,1,0
131277,0,0
31940,0,0
68840,0,0
14698,0,0
126696,1,1
80613,0,0
74970,0,0
89472,0,0
96223,0,1
86062,0,0
71915,1,1
27318,0,1
129465,0,0
27396,0,0
35830,0,0
72077,0,0
96342,0,0
120748,0,0
46528,1,1
113492,1,1
28250,0,0
72003,0,0
84787,1,1
142732,0,0
124719,0,1
68341,0,0
144655,0,0
94080,1,1
15313,1,1
25603,0,0
50,0,0
76517,1,0
48516,0,0
11883,0,0
143001,0,0
103534,0,0
58213,0,0
126124,0,0
13007,1,0
100449,1,0
90284,0,0
45647,0,0
128583,0,0
31809,0,0
144272,0,0
99065,0,0
57453,0,0
117681,0,0
35283,0,0
30940,0,1
71669,0,0
134743,0,0
33949,0,1
102870,0,0
138645,0,1
136123,0,0
105281,0,0
9909,1,1
52634,0,0
136731,0,0
122428,0,0
28291,1,1
60006,0,0
72123,0,0
25735,0,0
14157,0,0
9892,0,0
84114,0,0
122081,0,0
67684,0,0
25711,0,0
55291,1,1
121231,0,0
83311,1,1
21286,0,0
1399,0,0
128392,1,0
53557,0,1
65158,0,0
125840,0,0
93063,0,0
11045,1,0
76904,0,1
92914,0,0
102601,0,0
53224,1,1
31701,0,1
103747,0,0
60418,0,0
74544,0,0
108331,0,1
135331,0,0
93526,0,0
100895,0,0
99617,1,0
118778,0,0
42943,0,0
25437,0,0
104955,0,0
103181,0,0
21519,0,0
132919,1,0
140835,0,0
103822,0,0
142574,1,1
131352,0,0
107117,0,0
56538,0,0
60156,0,0
44712,0,0
109883,0,0
71203,0,0
55320,0,0
112991,0,0
126920,1,1
17746,0,0
79476,0,0
135211,0,0
117475,0,0
113098,1,0
68958,1,1
17418,0,0
144647,0,0
63028,0,0
90131,0,1
91072,0,0
26243,0,0
97648,1,0
100054,0,0
54477,1,0
73722,0,0
137701,0,0
87953,1,1
35186,1,1
83937,0,0
62042,0,0
21929,1,0
77628,1,1
114804,0,0
82979,0,0
53567,0,0
2670,1,1
44511,0,0
8224,0,0
101772,1,1
7331,0,0
32277,0,0
80136,0,0
124029,0,0
12158,0,0
87348,0,0
106640,0,0
35986,0,0
49341,1,0
68127,1,1
48142,0,1
73339,1,0
40778,0,0
75405,0,0
78568,0,0
127499,0,0
23107,0,1
93843,0,0
139251,1,1
113733,0,0
105169,0,0
79696,0,0
83965,0,0
32624,1,1
84316,1,0
12016,0,0
139047,0,0
52373,0,1
122847,0,0
114522,0,0
102553,0,0
58456,0,0
122028,0,0
116407,0,0
79159,0,0
128240,0,0
138203,0,0
85232,1,1
73717,0,0
135286,0,0
111622,1,0
21746,1,1
113177,1,1
81641,1,1
67832,0,0
77440,1,1
33088,0,0
77852,0,0
139068,0,0
86258,1,1
47882,0,0
56034,0,0
27544,1,0
98641,0,0
110132,1,0
58606,0,0
118535,0,0
651,0,0
30422,1,1
71581,0,0
142758,0,0
118139,1,1
128255,0,0
33370,0,0
70362,0,0
52637,0,0
89633,0,0
6384,0,0
140674,0,0
61214,1,1
79090,0,0
50168,1,0
111661,0,0
102480,0,0
125866,0,0
3416,0,0
107866,0,0
42004,0,0
106756,0,0
88364,1,0
91846,0,0
138440,0,0
11615,0,0
87955,1,1
3456,0,0
106343,0,0
142567,0,0
120929,0,0
17117,0,0
127903,0,0
18480,0,0
125137,0,1
132534,1,1
63681,0,0
70602,0,0
131862,0,1
47848,0,0
97040,0,0
75873,0,0
44461,0,0
97027,1,1
97414,0,0
123326,0,0
22384,1,1
81766,0,0
60996,0,0
68982,0,0
104162,0,0
1096,0,0
112903,0,0
1383,0,0
17397,0,1
118755,0,0
15548,0,0
12760,0,0
70603,0,0
75123,1,1
92082,0,0
70486,0,0
3693,0,0
99077,0,0
123747,0,0
134652,0,0
72250,0,0
138181,0,0
116511,0,0
114327,1,1
4365,0,0
29231,1,1
119227,1,1
31941,1,0
3244,0,0
40082,0,0
76815,0,1
43634,0,0
44884,0,0
33213,1,1
3798,0,0
12094,0,0
43190,0,0
68100,1,0
118223,0,0
857,0,0
143398,0,0
27754,0,0
79080,0,0
16087,0,0
24671,0,1
21760,0,0
96565,1,1
51267,0,0
13880,0,0
103947,0,0
73492,0,0
24181,0,0
75311,1,1
66101,1,1
68804,0,0
24285,0,0
49267,0,0
2103,0,0
109867,0,0
73375,0,0
134254,1,0
95000,0,0
24469,0,0
131193,0,0
9930,0,0
58045,1,1
93848,0,0
80045,0,0
78641,1,1
91111,1,0
130081,0,0
39407,0,0
121380,0,1
75028,0,0
67759,0,0
82502,1,1
128378,1,0
56898,0,0
34145,0,0
23891,1,1
47709,0,0
72921,0,0
104544,0,0
124630,0,0
75179,0,1
133725,0,0
6406,1,0
13637,0,0
108564,0,0
130445,1,1
86870,0,0
121614,0,0
1829,0,0
132475,0,0
64351,1,1
141511,0,0
22221,1,1
35361,1,1
32395,0,0
85871,0,0
24096,1,1
57757,1,1
133515,0,0
123077,1,1
121778,0,0
64491,0,0
118825,0,0
114913,0,0
221,0,1
111358,1,0
87032,0,0
6231,0,0
49614,0,0
44719,1,0
60473,0,0
39843,0,0
117304,0,0
49447,0,0
73220,1,0
52043,0,0
74982,0,0
65495,0,0
109474,0,0
109584,0,0
34147,0,0
17369,1,1
60423,0,0
100765,0,0
10932,0,0
3184,0,0
66476,0,0
77976,0,0
31163,0,1
66597,0,1
28881,0,0
36450,0,0
133366,0,0
124272,0,0
80337,0,0
112057,0,0
58741,0,0
131820,0,0
48331,0,0
106948,0,0
29441,0,0
70600,0,0
47666,0,0
141718,0,0
38205,0,0
56354,0,1
4790,0,0
28509,0,0
99336,0,0
59522,1,1
41939,1,0
65298,0,0
42192,1,0
122631,0,0
113832,0,1
143486,0,0
115797,0,0
54179,0,1
57858,1,1
40071,0,0
63116,1,0
48776,1,0
46512,0,0
20173,0,1
60867,0,0
77985,0,0
139240,0,0
72785,0,0
59066,0,0
126288,0,0
87961,1,1
10672,0,0
49174,0,0
72252,0,0
124047,0,0
109853,0,0
60630,0,0
20409,0,0
96164,0,0
37238,0,0
63570,0,0
131959,0,0
8022,0,0
1834,0,1
3385,0,0
98648,0,0
50858,0,0
44768,0,1
67921,0,0
99743,0,1
110925,1,1
81425,0,0
112266,0,0
93763,0,1
7215,0,0
8255,0,0
72260,0,0
32248,0,1
138405,0,0
121666,0,0
100542,0,0
59302,0,0
107995,0,0
42778,0,0
112096,0,0
94855,0,0
70349,0,0
141835,1,1
82429,0,0
124577,0,0
19141,1,1
101340,0,0
22055,1,1
76282,0,1
114159,0,0
70564,0,0
49066,0,0
93128,0,0
114942,1,1
55344,0,1
140110,1,1
90360,0,0
139586,0,0
6107,0,0
79386,0,0
88529,1,0
111810,1,1
26317,0,0
127896,0,0
60291,0,0
111679,0,0
112259,0,0
139668,1,1
140594,0,0
51141,0,0
17450,0,0
4105,0,0
125542,0,0
6032,1,0
8311,0,0
145171,0,0
119656,1,1
74726,0,0
13508,0,0
143582,0,0
70129,0,0
38391,0,0
34669,0,0
74889,0,0
28971,0,0
115974,0,0
56815,0,0
15760,0,0
66052,0,0
68890,1,1
138687,0,0
36770,0,0
36428,1,1
126393,0,0
128026,0,0
63475,1,1
22670,0,0
133219,0,1
119739,0,0
41055,0,0
132908,0,0
15568,1,1
49694,1,0
116225,0,0
1933,0,0
124408,0,0
66591,0,0
1738,0,0
46724,0,0
67034,0,0
135528,0,0
83714,0,0
67560,0,0
91402,0,0
5759,1,0
49277,0,0
124072,0,0
22665,0,0
88060,0,0
94052,0,1
102134,1,1
131834,0,0
100623,0,0
136190,0,0
136225,0,0
28736,0,0
70184,0,0
70442,0,0
80305,0,0
69440,1,1
110783,1,1
20506,1,1
88554,0,0
73884,0,0
45848,0,0
23184,0,0
131324,1,0
65491,0,0
110262,0,0
145067,0,0
49769,0,0
68314,0,0
84466,0,0
83915,0,0
27584,0,0
26167,0,0
99562,0,0
137599,0,0
93253,0,0
65455,0,1
39990,1,0
98990,0,0
136669,0,0
120068,1,0
85556,1,0
71965,0,0
81143,1,1
102801,1,0
16624,0,0
11739,1,0
42907,1,1
74437,0,0
50457,1,1
55631,0,0
27713,0,0
30105,0,0
22150,1,0
1894,0,0
127217,0,0
102061,0,0
139456,0,0
56447,1,1
18866,0,0
2298,1,0
76359,0,0
81430,0,1
42422,0,0
46775,0,0
108989,0,0
19580,1,1
34479,0,0
96012,0,0
25940,1,1
13883,0,0
132175,0,0
119235,0,0
3949,0,0
113814,1,1
110471,0,0
132606,0,0
118771,0,0
35195,0,0
133700,0,0
80512,0,0
1583,0,0
26446,0,0
30559,1,0
1204,0,0
106727,0,0
58975,0,0
126287,0,0
14077,0,0
60477,0,0
8975,0,0
24488,1,0
59247,0,0
131336,0,0
70179,0,0
66849,1,1
18001,1,1
36583,0,0
110533,1,1
107002,0,0
55718,1,0
31586,0,0
80947,1,1
89750,1,0
64440,1,1
13173,0,0
100362,0,0
11375,0,0
17622,0,0
46085,0,1
5345,0,0
66759,0,0
40236,1,1
135057,1,1
56933,0,0
104555,0,0
30852,0,0
127222,0,0
96101,0,0
109549,0,0
36316,0,0
12560,0,0
101115,1,1
53285,0,0
53089,1,1
108801,1,1
62689,0,1
47599,0,0
56211,0,0
85716,0,0
12908,1,1
88369,1,0
32122,0,0
87986,0,0
101851,1,1
114634,0,0
18960,0,0
37490,0,0
72621,0,0
102598,0,0
82048,1,1
47104,0,0
2118,0,0
55744,1,1
38786,0,0
58589,0,0
59399,0,0
55402,0,1
110643,0,0
73593,0,0
144122,0,0
14691,0,0
57818,0,0
17432,0,0
44075,0,1
57205,0,0
45605,0,0
129920,0,0
116942,1,0
79458,0,0
29670,0,0
59821,0,0
101394,0,0
94720,0,0
26900,0,0
140234,0,0
130748,0,0
100284,1,1
54435,0,0
2072,1,0
79692,1,1
47908,0,0
43672,0,1
102130,1,1
28585,1,0
47972,0,0
59756,0,0
135152,0,0
51448,1,1
70846,0,0
39943,0,0
42631,0,0
62826,1,1
94532,0,0
12599,1,1
87117,0,1
67501,1,0
109325,0,0
39755,0,0
78458,0,0
4498,1,0
14321,0,0
130053,0,0
10339,0,0
24269,1,0
50677,0,0
10508,1,0
24827,1,1
2553,0,0
21083,0,0
137466,0,0
22770,0,0
72464,0,0
88363,0,1
23785,0,0
32060,1,1
54986,0,0
113888,1,1
47412,0,0
52853,0,0
85464,0,0
136143,0,0
31372,1,1
128041,0,0
29159,0,0
27165,0,0
3917,0,0
33716,1,1
56033,0,1
131308,1,1
85535,0,0
136320,0,0
123600,0,0
117510,0,0
41291,0,0
62883,0,0
124854,0,0
130049,0,0
18618,1,1
43521,0,0
132541,0,0
138457,0,0
90993,1,1
121210,0,0
6656,0,0
58861,0,0
87595,1,1
60912,1,1
30041,0,0
103107,1,1
117115,0,1
88992,0,0
53783,0,0
91940,0,0
55247,1,1
130824,0,0
106463,0,0
90475,0,0
111350,1,0
42234,0,0
24161,0,0
36111,0,0
140434,1,1
85424,0,0
104890,0,0
115241,0,0
89501,0,0
22338,0,0
93184,1,1
36365,0,0
44398,1,0
37037,1,1
4006,1,0
42576,0,0
65406,0,0
99367,0,0
50793,0,0
39389,0,0
108624,0,0
110818,0,0
142098,1,1
128893,0,0
71404,1,0
100487,0,0
24051,0,1
28009,0,0
40238,1,0
104924,0,0
66448,0,0
10049,0,0
56952,0,0
100188,0,0
140311,1,0
120722,0,0
96354,1,1
80153,0,0
142041,0,0
53562,0,0
131299,1,1
48138,0,0
42630,0,0
131077,0,0
14585,1,0
55531,0,0
54575,0,0
62271,0,0
143335,1,1
137315,0,0
31717,0,0
76288,0,1
28938,1,0
108076,0,0
58001,1,0
43792,0,0
50174,1,0
61819,0,0
32567,0,0
65216,0,0
9325,0,0
144685,0,0
105745,0,0
38287,0,0
10422,0,0
130502,0,0
97582,0,0
64777,1,1
35407,1,0
88817,0,0
78007,0,0
133453,0,0
50175,1,1
36501,0,0
135894,0,0
35265,0,0
16369,0,0
94789,0,0
24154,1,1
95949,0,0
84250,0,0
124602,0,0
144912,0,0
102763,1,1
63470,1,1
95015,0,0
34108,0,0
56044,0,0
4314,0,0
66998,0,0
19087,0,0
2059,0,0
115356,0,0
17832,0,0
25299,1,1
82013,0,0
134436,1,0
61498,0,0
104105,0,0
116021,0,0
74369,0,0
125638,0,0
23383,0,1
7927,0,0
139544,1,0
122600,0,0
105782,0,0
8376,0,0
28957,0,0
12178,0,0
136875,0,0
49079,0,0
50395,0,0
123530,0,0
47837,1,1
25155,1,1
2621,1,0
5560,0,0
113260,1,1
56141,0,0
38513,0,0
126516,0,0
140254,0,0
6581,1,0
104699,0,0
46313,0,0
19423,0,0
57005,0,0
58017,0,0
114146,0,0
39339,0,0
77350,0,0
17665,0,0
109518,0,0
37576,0,0
4553,1,0
105307,0,0
83706,1,0
139067,0,0
1368,0,1
14034,0,0
52499,1,1
1451,0,0
107050,0,0
21466,0,0
19491,1,0
25741,0,0
24113,0,0
145094,1,1
117104,0,1
142604,0,1
85236,0,0
144054,0,0
11934,1,1
42798,0,0
115315,0,1
3028,0,0
143129,0,0
97527,0,0
138899,0,0
128911,1,0
119679,0,0
17071,1,0
58009,1,0
36669,0,0
65836,0,0
128756,1,0
9896,0,0
81415,0,1
5053,0,0
54011,0,0
25209,0,0
37817,0,0
36245,0,0
49809,0,0
127590,1,0
101768,0,0
84153,0,0
56014,0,0
35434,0,0
52123,0,0
17076,1,1
65343,0,0
31394,0,0
125589,0,0
3275,0,0
34894,0,0
9798,1,1
34724,0,0
32242,1,0
37883,0,0
69150,0,0
140160,0,0
2763,0,1
20630,0,0
18322,0,0
102274,1,1
136042,0,1
6682,0,0
28004,0,0
34929,0,0
84064,0,1
81767,0,0
88390,0,0
19583,0,0
365,0,0
87249,1,1
48744,1,0
40325,0,0
7185,0,0
31272,0,0
83703,0,0
117252,0,0
4193,0,0
63101,0,0
49804,0,0
87399,0,1
119271,0,0
26823,0,0
115842,1,1
19063,0,0
38342,0,0
58863,0,0
81311,0,0
4002,0,0
16508,0,0
142430,0,0
74986,0,0
64812,0,0
139135,0,0
70923,0,0
17221,1,0
79116,1,1
24604,0,0
113051,0,0
61765,0,0
126966,0,0
105437,0,0
12024,1,1
134218,0,0
122215,0,1
73667,0,0
13236,0,0
74999,0,0
74182,0,0
136038,0,0
132071,0,0
126249,0,0
42733,0,0
12392,0,0
80347,1,0
60429,1,1
90573,0,0
2274,0,0
83935,0,0
91877,0,0
88086,0,0
103989,0,0
126077,0,0
68361,0,0
83531,0,0
91447,0,0
45376,0,0
120584,0,0
65494,0,0
87947,1,0
68146,0,0
60740,0,0
131480,0,0
62364,0,0
119392,0,0
34264,0,0
127982,0,1
31800,0,0
98554,0,0
90936,0,0
9604,0,0
119642,1,0
108110,0,0
122599,0,0
101788,0,0
59275,0,0
18526,0,0
51159,1,0
63233,0,0
17822,0,1
14756,1,0
36538,0,0
90966,0,0
124425,0,0
97697,0,0
22526,0,0
139434,0,0
53244,1,1
84027,0,1
9660,0,0
34762,1,1
66072,0,0
82506,1,0
54451,1,0
108614,0,0
8010,0,0
95246,0,0
108489,0,0
21100,1,1
110190,1,1
83253,0,1
121820,1,1
8800,0,0
130855,0,0
21426,0,0
137349,0,0
65150,0,0
112265,0,0
83880,1,1
14368,0,0
101408,0,0
25533,0,0
73889,0,0
20899,0,0
104198,0,0
121502,0,0
55953,0,1
15601,0,0
111356,1,1
29519,0,0
22255,0,0
36681,1,1
63440,0,0
3134,0,0
76355,0,0
110050,0,0
131900,1,0
26338,0,1
107935,0,0
27917,0,0
49898,0,0
39253,1,1
132145,1,1
2029,0,0
124644,0,0
110929,0,0
11126,1,1
66419,0,0
141108,0,1
133393,1,1
35339,1,1
92530,0,0
18209,0,0
1607,0,0
56554,0,0
37684,0,0
98270,0,0
82278,1,1
39005,0,0
108126,0,0
27084,1,1
12243,1,0
59675,0,0
31429,1,1
61691,0,1
9895,1,1
98081,0,0
54637,1,1
22787,0,0
119626,0,0
77457,0,1
8386,0,1
679,0,0
26428,1,1
87324,0,0
93618,0,0
92191,0,0
140370,0,0
27873,0,0
108377,1,0
49227,1,0
8385,1,1
50422,0,0
87946,0,0
103858,0,0
71166,0,0
68373,0,0
18593,1,0
50843,0,0
21061,0,0
44467,0,0
21203,0,0
137835,0,0
128037,0,0
120818,0,0
86592,1,0
65602,0,0
118462,0,0
96145,0,1
65961,0,0
20375,0,0
78276,1,1
56651,0,0
6429,0,0
45055,0,0
73864,0,0
64721,0,0
76091,0,0
97561,0,0
67040,0,0
94306,0,0
136586,0,0
121297,0,0
20224,1,0
123760,0,0
115610,1,1
45465,1,0
33293,1,0
98087,0,0
91886,0,0
109916,0,1
730,0,0
2097,0,0
100089,1,1
132183,0,0
59877,0,0
120964,0,1
1483,0,0
142169,1,1
98153,0,0
19672,0,0
64213,0,0
131969,1,1
10642,0,1
30884,0,0
113911,1,1
80727,1,1
3573,0,0
1218,1,1
76631,0,0
30999,0,0
37225,1,1
42308,1,1
138575,0,0
117643,0,0
61690,1,0
53106,1,0
110402,0,0
97215,0,0
48805,1,1
8131,0,0
42838,0,0
36957,1,1
3386,0,0
129159,1,1
37411,0,0
19170,1,1
132865,0,0
134766,0,0
123735,0,1
21059,1,0
97022,0,0
129235,0,0
30707,1,0
30792,1,0
26917,0,0
139998,0,0
24811,0,0
104030,0,0
127979,0,0
46392,0,0
13126,0,0
24173,0,0
133825,0,0
29968,1,0
33866,0,0
70187,0,0
12261,0,0
65724,0,1
49421,0,0
96368,0,0
94170,0,0
47489,0,0
51270,0,0
80363,0,0
57728,1,1
72662,0,0
13635,0,0
27069,0,0
77740,1,1
102083,0,0
95921,0,0
124720,0,0
108584,0,0
142666,1,0
65254,0,0
37343,0,0
68848,0,0
106543,1,1
15621,0,0
47712,0,0
11434,0,0
132190,0,0
46935,1,0
28111,0,0
26644,0,0
96353,1,1
76551,1,1
4201,0,0
75521,0,0
43715,0,0
125060,0,0
3960,0,0
141707,0,0
92364,0,0
53997,0,0
47514,0,0
134210,0,0
117943,0,0
105644,0,0
9941,0,0
21190,0,0
62160,0,1
101565,1,1
12461,0,0
110463,1,0
56630,1,0
60986,0,0
93404,0,0
21044,1,1
37004,0,0
110204,1,0
34182,0,1
66067,0,0
106590,0,0
123442,0,0
63272,0,0
103041,1,0
99046,0,0
4858,0,0
31729,1,1
96492,0,0
102656,0,0
110991,1,0
141209,0,0
142328,0,0
37076,1,1
16575,0,0
37540,0,0
41477,0,0
48802,0,0
89272,0,0
47890,0,0
54981,0,0
5333,1,0
52255,0,0
96944,0,0
95293,0,0
51170,0,0
36743,0,0
80386,0,0
10646,0,0
80513,0,0
6909,0,0
122561,0,0
116771,0,0
29079,0,0
76502,1,1
7924,0,0
63474,0,0
52318,0,0
138769,0,0
47751,0,0
50415,0,0
123461,1,0
29312,1,1
73795,0,0
130339,0,0
129675,0,0
53998,0,0
110192,1,1
137736,0,0
4290,0,0
78178,0,0
130763,1,1
116186,0,1
45885,0,0
142514,0,0
83784,0,0
64053,0,0
74097,0,0
102052,0,0
29458,0,0
101813,1,1
42457,0,0
36799,0,1
6262,0,0
5292,0,1
88659,1,0
50751,0,0
47434,0,0
44552,1,1
37066,0,1
140878,0,0
94578,0,0
128689,1,0
4784,0,0
44057,1,0
78715,0,0
29734,0,0
101352,0,0
89016,1,1
65922,0,0
55202,1,0
84198,0,0
115217,1,1
40422,0,0
70204,1,0
138956,1,0
112601,1,1
74668,1,1
79110,1,1
38450,0,1
79443,0,0
93233,0,1
67570,0,0
108903,0,0
39707,1,0
34602,0,0
132315,0,0
90169,0,1
136638,0,0
61232,0,0
144980,0,0
4482,0,0
143397,0,0
44565,0,0
58864,0,0
126978,0,0
53343,1,0
27978,0,0
26487,0,0
84409,0,0
3396,0,0
26272,0,0
126647,0,0
99911,0,0
31933,0,0
31526,0,0
116223,0,0
31784,0,0
137497,1,1
37259,0,0
142394,0,0
107922,0,0
57981,0,0
31424,0,0
108554,0,0
39092,0,0
105138,1,1
127873,0,0
95375,1,0
22776,0,0
4016,0,0
125620,0,0
316,1,0
10715,0,0
32120,0,0
66989,0,0
41457,0,0
67592,0,0
127902,0,0
28344,1,1
145302,1,0
38502,0,0
124684,0,0
108277,0,0
116290,0,0
94772,0,0
58632,0,0
45131,0,1
113275,0,0
90355,0,0
71906,1,1
138453,0,0
5361,0,0
5,0,0
89686,1,1
76723,0,0
38469,0,1
66213,1,0
41896,0,0
1456,0,0
83223,1,1
110126,0,0
71050,0,0
99003,1,1
98886,0,0
54473,0,0
30466,0,1
144219,0,0
62236,0,0
79612,0,0
45849,1,1
3055,0,0
135117,0,0
6963,0,0
44404,0,0
22548,0,0
18045,0,0
127878,0,0
99334,0,0
120054,0,0
118012,0,0
27085,0,0
76831,1,1
28683,0,0
142478,0,0
99140,0,0
131045,1,1
121290,1,1
14131,0,1
128221,1,0
32637,0,0
140996,0,0
79403,0,0
58061,0,0
89661,0,0
8146,0,0
99159,0,0
8164,0,0
80633,0,0
76404,0,0
143934,0,0
59485,0,0
62376,0,0
54796,1,1
142938,1,0
141437,1,1
31875,0,1
113213,1,1
98833,0,0
26926,0,1
105296,1,1
29636,1,1
73104,0,0
116078,0,0
90128,0,0
35328,0,0
3159,0,0
72652,0,0
46405,1,0
133820,0,0
125886,0,1
96320,0,1
30054,1,0
40734,0,0
75884,0,1
57063,0,0
2266,0,0
63549,0,0
40162,0,0
127593,0,0
129796,1,1
5129,0,0
833,0,0
125317,0,0
101803,0,1
91975,1,0
28096,0,0
113340,0,1
67212,0,1
50309,1,1
87622,1,1
106702,0,0
108555,0,0
145415,0,0
33566,1,0
125213,0,0
38519,0,0
25500,0,0
105104,0,0
34785,0,1
82099,0,0
138059,0,0
115470,1,1
34213,0,0
85383,0,0
91767,0,0
8476,0,0
94223,0,0
37874,0,0
12077,0,0
134712,1,0
121169,0,0
85609,1,0
26010,0,0
99053,0,0
142508,0,0
26678,0,0
91170,0,0
112698,0,0
10730,0,0
118762,0,0
140984,1,1
85538,0,0
45494,1,0
67992,1,1
13908,0,0
130381,0,0
34693,1,1
51195,0,0
139060,0,0
6307,0,0
20600,0,1
113020,0,0
49410,0,0
99633,0,0
8984,0,0
25066,0,0
135098,1,0
118293,1,1
102075,0,0
115794,0,0
67655,0,0
28206,0,0
118996,0,0
55273,0,0
113704,0,0
59171,0,0
61774,1,1
102440,0,0
138464,0,0
37686,0,0
77186,0,0
22080,0,0
6675,0,0
136967,0,0
98678,0,0
90455,0,0
31004,0,0
64579,0,0
79059,0,0
109593,0,0
143855,0,0
94181,0,0
114714,0,0
36457,0,0
137755,0,0
46826,0,0
64115,0,0
63858,0,0
86285,0,0
2259,0,0
128596,1,0
121625,0,0
65490,0,0
124212,0,0
77259,0,0
122712,0,1
50310,0,0
67218,0,0
27457,0,0
61322,0,0
123244,1,1
66434,0,0
109809,0,0
132578,0,0
142760,0,0
26607,1,0
25438,0,0
32609,0,0
1852,1,0
105712,0,0
95151,0,0
36695,0,0
50189,0,0
131642,1,0
75901,0,0
107109,0,0
82634,0,0
118283,0,0
73703,0,0
41763,0,1
136229,0,0
94827,0,0
42420,0,1
35640,1,0
60914,0,0
75473,0,1
4497,0,0
70817,0,0
2355,0,0
79831,0,0
56949,0,0
107531,0,0
35674,0,0
118553,1,1
111656,0,0
43071,0,0
99246,1,1
32868,0,0
33413,0,0
143826,0,0
75812,1,1
123277,0,0
86579,1,0
135499,0,0
112032,0,0
47111,1,1
35949,0,0
14068,0,0
1077,0,0
114242,1,1
63053,0,0
122202,0,0
78526,0,0
58756,0,0
54160,1,0
80988,0,0
10538,0,0
72289,0,0
12196,0,0
851,0,0
109331,0,0
3391,1,1
98549,0,0
35145,0,0
74188,0,0
49339,1,0
124682,0,0
114693,0,0
106518,0,0
93881,0,0
938,0,0
109660,0,0
35174,0,0
27762,0,0
22286,0,0
136319,0,0
112136,0,0
58409,1,1
143132,0,0
88785,0,0
136182,0,0
30366,0,0
133236,0,0
107455,0,0
129489,0,0
58105,0,0
42212,0,0
74865,0,0
23879,1,0
119781,0,0
134622,0,0
86315,1,1
72379,0,0
7086,0,0
11258,0,0
73565,0,0
110814,0,0
19429,0,0
37433,1,1
137070,0,0
103741,0,0
8413,0,0
458,0,0
45011,1,1
35537,0,0
104772,0,0
34285,0,0
49150,0,0
549,0,0
46175,0,0
102638,0,0
92328,0,0
5212,0,1
126888,0,0
95377,0,0
33308,0,0
52004,0,0
136013,0,0
25139,0,0
6949,0,0
118513,0,0
92420,0,0
121634,0,0
58060,0,0
69435,0,0
37150,1,1
29067,1,0
3678,0,0
78219,1,0
114521,0,0
27076,0,0
124322,0,0
51316,0,0
683,1,1
137390,0,0
12215,0,0
91730,0,0
97286,0,0
40154,1,0
43484,1,0
104900,0,0
17488,0,0
95854,1,1
109315,0,0
135463,0,0
25058,0,1
16032,1,0
45428,0,0
8578,0,0
18311,1,1
126583,0,0
45827,0,0
29491,0,0
108942,0,0
118256,0,0
56661,1,1
109280,1,1
29301,0,0
56664,0,0
82407,0,0
52594,0,0
53548,0,0
47577,0,0
22284,1,0
104477,0,1
37252,1,1
68537,0,0
49379,0,0
59368,0,0
126132,0,0
74622,0,0
80583,1,0
144899,0,0
88635,1,1
10768,0,0
61403,1,0
59959,1,1
33919,1,1
121618,0,0
49063,0,0
67209,0,0
108675,0,0
46670,0,0
55598,0,1
23096,0,0
115149,1,1
53041,1,1
33897,1,0
128913,1,0
123344,0,0
98531,0,0
5719,0,0
36641,0,0
107294,0,0
29410,1,0
113531,0,0
4229,0,0
124403,0,0
736,1,0
36532,0,0
55474,1,1
38521,0,0
23098,0,0
22975,0,0
140931,0,0
39337,0,0
118436,0,0
22434,0,0
33513,1,1
139545,0,0
86317,0,1
10136,0,1
66660,0,0
94000,1,1
21141,0,0
84205,0,0
72242,0,0
44501,0,0
97784,0,0
136748,0,0
47192,1,1
113022,0,0
95107,0,0
109700,0,0
55263,0,0
39947,1,0
35930,1,1
117065,0,0
132500,0,0
40344,0,0
3575,0,0
52785,0,0
43441,1,1
90006,0,0
40073,1,0
44488,0,0
43868,0,0
105711,0,0
10854,1,1
86497,0,0
96697,1,1
23048,0,0
111255,0,0
132720,0,1
15633,0,0
110490,1,1
74261,0,0
103512,0,0
71258,0,0
10531,1,1
123917,0,0
90391,0,0
22635,1,1
52009,0,0
18097,1,1
78592,0,0
81656,0,0
8287,0,0
132078,0,0
59056,1,1
71622,0,0
35258,0,1
23313,1,0
126627,0,0
139623,0,0
95478,0,1
55568,0,0
45945,0,0
88037,0,0
88865,0,0
104549,0,0
106218,0,0
129040,0,0
75271,0,0
26524,0,0
12305,0,0
117498,0,0
12817,0,0
99152,1,1
124064,1,0
90826,0,0
124182,0,0
50845,0,0
31816,0,0
238,1,0
126468,0,0
91968,1,0
34378,0,0
119584,1,1
93100,1,0
18872,0,0
120368,0,0
75470,1,1
141490,0,1
105363,0,0
2233,0,0
138123,0,0
60148,0,0
127681,1,1
95364,0,0
102254,0,1
69205,1,1
64329,0,0
4700,0,0
898,0,0
132734,0,0
130959,0,0
78677,0,0
28129,0,0
124387,1,0
89457,0,0
136120,1,0
123147,0,0
143882,0,0
89230,0,0
34591,0,0
123576,1,1
67012,0,0
57300,0,0
75584,0,1
2081,0,0
117368,1,1
26031,0,0
28102,0,0
131821,0,0
103754,0,0
29634,0,0
107161,0,0
33062,0,0
131817,0,0
119804,1,1
45023,0,0
113696,0,0
44904,0,0
132304,0,0
138450,0,0
145286,0,0
94405,1,0
32892,0,0
46171,1,1
130749,0,0
63693,0,0
102103,0,0
36348,0,0
94743,1,1
63940,1,1
65671,0,0
96582,0,0
100614,0,0
138095,0,0
93430,0,0
42510,0,1
125927,0,0
43147,0,0
105495,1,1
129953,0,0
142160,1,1
20751,0,1
20253,0,0
143563,0,0
140575,0,0
138570,0,0
92018,0,0
83810,0,0
82812,0,0
9080,0,0
29403,0,0
74733,0,0
81637,0,0
16052,0,0
115891,0,0
110528,0,0
140069,1,1
7398,0,0
44089,0,0
38172,0,0
82790,0,0
49169,1,0
53108,0,0
120180,1,1
121538,0,0
26228,1,0
5294,0,0
18568,1,1
115362,0,0
72498,0,0
74348,0,0
60527,0,0
139926,0,0
10592,1,1
125645,0,0
132711,0,0
115947,1,1
27615,0,0
83957,0,0
136504,0,0
122137,0,0
5699,0,1
141734,0,0
86954,0,0
7070,0,0
10002,0,0
70086,0,0
110900,0,0
22186,0,0
97578,0,0
9635,0,0
43370,0,0
17813,0,0
82435,0,0
135018,0,0
118499,0,0
33525,0,0
78298,0,0
97720,0,0
119917,1,1
15357,0,0
126258,0,0
96788,1,1
51898,0,0
4538,0,0
84983,1,1
134074,1,1
49141,0,0
33925,0,0
45370,0,0
4763,0,0
15882,1,1
73347,0,0
29629,0,0
142809,0,0
51729,0,0
30883,0,0
45739,0,0
125945,0,0
120543,0,0
141804,0,0
5597,0,0
30834,0,0
52160,0,0
95665,0,0
65389,1,1
4630,1,0
137872,1,0
125604,0,0
73209,0,0
111200,0,0
133209,0,0
91966,0,0
127471,0,1
141436,1,1
126145,1,0
85134,0,0
3847,1,0
129679,0,0
136259,0,0
104954,0,0
138207,0,1
106409,0,0
8141,0,1
72617,0,0
140059,0,0
90496,0,0
14669,0,0
139208,0,0
131056,0,0
39291,0,0
44432,0,0
127619,1,0
44562,1,0
2048,0,0
28015,1,0
53888,0,1
115983,0,0
57003,0,0
96655,0,0
118106,0,0
131105,0,0
86531,1,0
28675,0,0
126290,0,0
110513,0,1
57826,0,0
121250,0,0
143533,1,0
103172,0,1
49091,0,0
45035,1,1
122828,1,1
58289,1,1
79807,0,0
79373,0,0
5103,0,0
65928,1,1
140388,1,1
106315,0,0
122863,0,0
42478,0,0
90387,0,0
35918,0,0
17275,0,0
18520,0,0
77527,0,0
108462,0,0
105311,0,1
138359,0,0
17995,1,0
7688,0,0
56214,0,1
114162,0,0
127178,0,0
45466,1,1
34018,0,0
72182,0,0
86523,0,0
4669,0,0
16034,0,0
2035,0,0
136879,1,1
7127,0,0
38090,0,0
132815,1,0
14964,0,0
45682,1,1
52418,0,1
145017,0,0
136203,0,0
45705,0,0
6857,0,0
36461,1,1
23645,1,1
10506,1,1
108600,0,0
123335,0,0
52965,1,1
8162,0,1
47502,0,0
73730,0,0
112442,0,0
135156,1,0
120760,0,0
39105,0,0
60248,0,0
33019,0,0
139913,0,0
97024,0,0
61056,0,0
119743,0,0
15516,1,1
51642,0,0
92701,0,0
39904,1,1
79176,1,1
83238,1,1
48122,0,0
141554,0,0
68903,0,0
136871,0,1
6475,1,0
49009,0,0
124807,1,1
92949,0,0
53639,1,1
97543,0,0
99244,1,1
96037,0,0
63420,0,0
40979,0,0
87168,0,0
8223,0,0
62859,0,0
35911,0,0
119575,0,0
64938,0,0
116350,0,0
54823,1,0
60391,0,0
85562,0,0
13737,0,0
28513,0,0
141416,0,1
112262,0,0
49954,0,0
106629,0,1
91061,1,1
16996,0,0
94761,1,1
104683,0,0
110825,0,0
35964,1,0
8013,1,1
24936,0,0
52405,0,0
113338,0,0
80215,1,1
11482,0,0
33685,0,0
47593,0,0
106304,0,0
29867,0,0
15274,1,1
2581,0,0
134400,0,0
31523,0,1
94124,1,1
21130,0,0
35685,0,0
106293,0,0
94890,0,0
37987,1,1
80902,0,0
94573,0,0
41971,0,0
42706,0,0
131951,0,0
103550,0,0
137216,0,0
90013,0,0
100808,1,0
126099,0,0
5644,0,0
12367,0,0
31698,0,0
105446,0,0
131005,0,0
101590,0,0
59825,0,0
2160,0,0
54423,1,0
126279,0,0
95177,0,0
39987,0,0
11292,1,0
57168,1,0
143745,1,1
56229,0,0
13850,1,1
88918,1,1
53529,0,1
97410,0,0
119229,0,1
19876,0,0
62956,1,0
16182,0,0
70224,0,0
101487,0,0
44358,0,0
120776,0,1
100577,0,0
125690,0,0
81984,0,1
50396,0,0
96213,0,0
14544,0,0
59370,0,0
37772,0,0
15317,0,0
113554,1,1
135356,0,0
9525,0,0
1746,0,0
46209,0,0
59384,0,0
104258,0,0
4609,0,0
33809,1,1
1626,1,0
63409,0,0
92143,1,1
53316,0,0
81978,1,1
111851,0,0
54747,1,1
111583,0,0
72510,0,0
2747,0,0
59597,0,0
31795,0,0
119967,0,0
101729,1,1
100489,0,0
126566,0,0
62288,1,1
79894,0,0
91141,0,0
20279,0,0
122660,0,0
23942,0,0
60894,0,0
108022,0,0
112596,0,1
36867,0,0
117877,0,0
34448,1,1
4570,0,0
25102,0,1
124791,1,0
91602,0,0
123924,0,0
95807,0,1
17454,1,0
111199,0,0
128497,0,0
88795,1,1
3302,0,0
32402,1,0
83381,0,0
27374,0,0
30713,1,1
133959,0,0
2601,0,0
68120,0,0
13659,0,0
55360,1,1
68801,0,0
117499,0,0
81310,0,0
48959,0,0
68150,1,0
22420,0,0
105585,0,0
49354,1,0
93394,0,0
102039,1,1
88166,0,0
132260,0,0
81517,1,0
103398,0,1
70515,0,0
46008,0,0
99857,0,0
102563,0,0
15523,0,0
58318,0,0
101299,0,0
8034,0,0
114483,0,0
15453,0,0
81319,0,0
63011,0,1
3952,0,0
138390,0,0
67886,0,0
121863,0,0
86352,0,0
130664,0,0
134396,0,0
3855,1,0
34714,0,0
97035,1,1
87618,1,1
69371,0,0
48961,1,1
13484,0,0
63878,0,1
79253,0,0
101378,0,1
18292,0,0
74916,0,0
22266,1,1
139439,0,0
113972,0,0
12382,0,0
141073,0,0
64983,0,0
52852,0,0
54226,1,0
75247,1,1
1450,0,0
138343,0,0
102053,0,0
76432,0,1
64680,1,0
45330,1,0
20484,1,0
42614,0,0
13563,0,0
21150,0,0
95790,0,0
73859,0,1
120187,0,0
62816,0,1
98836,0,1
129329,0,0
37145,1,1
93140,0,0
33627,1,1
126597,0,0
30850,0,0
29421,0,0
47501,0,0
60338,0,0
17553,0,0
105272,1,0
9010,0,0
106896,0,0
78345,0,0
55044,0,0
4860,0,0
110467,0,1
51095,0,0
92147,0,0
22569,0,0
7484,0,0
40486,0,0
86248,1,0
51712,0,1
90181,0,0
63632,0,0
101275,0,0
142643,1,1
30516,0,0
17194,1,0
129889,1,0
116135,0,0
11335,1,1
1447,0,0
45434,1,1
9095,0,0
141123,0,0
86453,0,0
22273,0,1
6666,0,0
49867,0,0
23307,1,0
109694,0,1
52723,0,0
11061,0,0
115703,0,0
127454,0,0
72908,0,0
48792,0,0
112342,0,0
43719,1,1
74459,1,1
16808,0,0
27411,0,0
22712,0,0
24602,0,0
26767,0,0
68889,1,1
107357,0,0
92159,0,0
27527,1,1
64965,0,0
111831,1,0
85074,0,1
8603,0,0
468,0,0
115566,1,0
59919,0,0
67542,1,1
89730,0,1
109004,0,0
25306,0,0
41448,0,1
50668,0,0
100064,0,0
121762,0,1
75335,0,0
37499,1,1
27991,0,0
78250,1,0
98051,0,0
92186,1,0
5575,0,0
127599,1,0
85398,0,0
38483,0,0
117695,0,0
44384,0,0
3733,0,0
139550,0,0
102723,0,0
77188,0,1
114765,0,0
128365,0,0
12917,0,0
9220,0,0
134832,0,1
41441,0,0
29244,1,1
16809,0,0
118916,0,0
92149,0,0
71663,0,0
63279,0,0
107815,0,0
48392,0,0
65025,0,0
74593,0,0
70510,0,0
59463,0,0
134373,1,0
88761,1,1
37301,0,0
119158,0,0
66299,1,0
32408,1,1
101028,0,0
112463,1,0
139347,1,1
102802,0,1
1130,0,0
14406,0,0
58977,0,0
108676,0,0
53576,0,0
899,0,1
37945,0,0
78237,0,0
74626,1,0
53993,1,1
122336,0,0
24257,0,0
36165,1,1
37102,1,1
106185,0,0
41558,0,0
112583,0,0
39970,0,0
37601,0,0
65951,1,1
62710,1,0
130870,0,0
67113,0,0
25115,0,0
28812,0,0
83420,0,0
87527,0,0
7623,0,0
93111,0,0
8097,0,0
141774,0,0
4414,0,0
77082,0,0
105435,0,0
147,1,1
145316,1,0
4108,0,0
26916,0,0
29574,0,0
47750,0,0
91050,0,0
112122,1,1
108219,1,1
42454,0,0
137098,0,1
12562,0,0
98280,0,0
140127,0,0
133022,0,0
22187,0,0
2555,0,0
107423,0,0
118578,0,0
142525,0,0
84396,0,0
93322,1,1
76599,0,1
58455,0,0
87706,0,0
144512,0,0
690,0,0
70594,0,0
40625,1,0
59826,0,0
70386,0,0
127039,0,0
93154,1,0
19357,1,0
82746,0,0
77544,0,0
21079,0,0
85213,0,0
15617,1,1
90394,0,0
5444,0,0
114916,0,0
122658,0,0
131426,0,0
90603,0,1
16668,1,1
107059,0,0
125114,0,0
118497,1,1
118395,0,0
57603,0,0
87202,0,0
106704,0,0
45810,0,1
88535,0,0
67499,1,1
63128,0,1
116972,0,0
105849,0,0
126708,0,0
98259,0,0
110553,0,0
125635,0,0
53975,0,0
34216,1,0
18204,1,1
92401,0,0
96078,0,0
136927,0,0
75920,0,0
145322,0,0
62275,1,1
36748,0,0
111482,0,0
106141,0,0
114041,0,0
129728,1,1
33794,1,1
33605,0,0
46616,0,1
100403,1,1
19021,0,0
10644,0,0
112173,1,0
102207,0,0
20371,1,0
50548,0,0
130332,0,0
79093,0,0
6726,0,0
16372,1,1
66229,0,0
113269,0,0
38574,0,0
85428,0,0
58714,0,0
112579,1,0
98066,0,0
84557,0,0
75656,0,0
89616,1,1
62755,0,1
1549,0,0
195,0,0
109756,0,0
137962,0,0
61062,0,0
23747,0,0
63113,0,0
133510,0,0
109411,0,0
42739,0,0
11852,0,1
56218,0,0
40221,1,1
47401,0,0
105731,0,0
42597,0,0
136213,0,0
131490,0,0
88985,0,1
62349,0,0
80722,0,0
6566,0,0
15531,1,1
6584,0,0
9970,0,0
49940,1,1
73617,1,1
4746,0,0
70709,0,0
65427,1,1
100498,1,0
55061,0,0
103099,0,0
124608,0,0
45993,1,1
12722,0,0
54947,0,0
16279,1,1
74306,0,0
110993,0,0
130247,0,0
95103,0,0
49998,0,0
15139,0,0
38674,0,0
104874,0,0
99899,0,0
29185,0,0
36163,0,0
60927,0,0
25420,0,0
95451,1,1
70803,0,0
778,0,0
18534,0,0
91867,0,0
113208,1,1
38099,1,1
27492,0,0
127126,0,1
59191,1,0
132741,1,0
51860,0,1
128826,1,0
39483,0,0
72867,0,0
67513,0,0
127604,0,0
108285,1,0
54610,0,0
113414,1,0
95713,0,0
16436,0,0
129828,1,1
6622,0,1
116358,0,0
124279,0,0
121361,0,0
103384,1,1
9744,1,1
109415,0,0
86654,0,0
128090,1,1
100111,0,0
143549,0,0
1745,0,0
130028,0,0
86525,1,0
74541,0,0
3283,0,0
59962,0,0
6795,0,0
68997,0,0
61136,0,0
1430,0,0
57973,0,0
26334,0,0
25453,0,0
131839,0,0
22396,0,1
115282,0,0
29725,0,0
83271,0,0
32202,1,1
102020,0,0
131259,0,0
129318,0,0
116538,1,0
53823,0,1
111627,0,0
2881,0,0
47103,0,0
131408,0,0
59198,0,0
84657,1,0
118914,0,0
22528,0,0
18124,0,0
50875,1,1
22628,0,1
103692,0,0
61273,0,0
102524,1,1
82912,1,1
64677,0,0
46873,0,0
98999,1,1
54425,0,0
95045,0,0
116814,0,0
124943,0,0
63057,1,0
82392,0,0
80708,1,1
72162,0,0
3415,0,0
36008,1,1
93586,0,0
80438,0,0
125868,0,0
16481,0,0
25470,0,0
33257,0,0
113442,0,1
77823,0,0
97767,1,1
4505,1,1
29595,0,0
25358,0,0
70606,0,0
39259,1,1
70302,1,1
46801,0,0
130497,0,0
11275,0,0
62330,0,0
129589,0,0
103456,0,0
79195,0,0
82250,0,0
134621,0,0
134169,0,0
22583,1,1
66894,0,0
117408,0,0
51384,0,0
49975,0,0
9357,1,1
87478,0,0
48887,0,0
140977,1,0
65912,0,0
128767,1,1
71848,0,0
120173,0,0
115156,0,0
145172,0,0
19607,0,0
23922,0,0
59452,0,0
127838,1,1
69304,0,0
64804,1,0
121536,0,0
143180,0,0
15509,1,0
52787,0,1
39149,1,0
61831,1,0
106402,1,0
49290,1,0
129944,0,0
28074,0,0
110330,0,0
35529,0,0
104042,1,0
60741,0,0
64728,0,0
19481,0,0
138278,0,0
84996,0,0
2887,0,0
117504,0,0
82157,0,0
23483,0,0
80202,0,0
25669,0,0
35651,0,0
138223,0,0
129306,1,1
128664,0,0
139975,0,0
47411,0,0
135668,0,0
12987,0,0
6630,0,0
98653,0,0
50955,0,0
35187,0,0
116948,0,0
36025,0,0
82524,0,0
101445,0,0
43329,0,0
94486,0,0
9813,0,0
30908,1,0
9911,0,0
110355,0,0
112228,0,0
71764,0,0
98168,0,0
31833,0,0
38452,0,1
49333,1,0
12974,0,0
138507,0,0
106911,0,0
123214,1,1
91323,0,0
36041,0,0
38719,0,0
25857,0,0
72311,0,0
105852,0,0
55415,0,0
82443,0,0
55025,1,1
127578,0,0
23776,1,0
94200,0,0
5576,0,0
130363,0,0
8733,0,0
26908,0,1
98828,1,1
99584,0,0
127576,0,0
31863,0,0
125616,0,0
46515,0,0
33646,0,0
137049,0,0
4983,1,0
70156,0,0
26848,0,0
95739,0,0
3558,1,1
117491,1,0
59032,0,0
137143,0,0
57533,0,0
135657,1,1
25999,0,0
92944,0,0
102963,0,0
125328,0,0
129794,0,0
39243,0,0
52284,1,0
58157,1,0
122483,0,0
46170,0,0
36497,0,0
133003,1,0
31715,0,0
64382,1,1
87632,0,1
115086,0,1
39019,0,0
122740,1,1
80235,0,0
22884,0,0
13581,1,0
40753,1,1
37442,0,0
11695,1,1
106653,0,0
74,0,0
35611,0,0
111238,0,0
67552,0,0
50009,0,0
51695,1,0
75032,0,0
103004,1,1
48308,1,1
28744,0,0
62335,0,0
138978,0,0
96313,0,0
139386,0,0
80081,1,1
72175,0,1
15797,0,0
67032,0,0
53659,1,1
112144,1,0
49128,0,0
28502,0,0
49958,1,0
140392,1,1
115131,1,1
23934,0,0
119471,0,0
62939,0,0
13489,1,0
122239,0,0
48674,1,1
85694,1,0
123846,0,0
34423,0,1
119854,0,0
95512,0,0
84080,0,0
40161,0,0
17922,0,0
28571,0,0
43442,1,0
88359,0,0
58351,0,1
93214,1,1
53872,0,0
105403,0,0
74165,0,0
38897,0,0
26047,0,0
6111,0,0
51146,1,0
8889,0,0
116041,0,0
127925,1,0
18129,1,0
42731,1,1
60188,1,1
110465,1,1
61072,0,0
12798,1,1
38423,0,0
141895,0,0
59774,1,1
5118,0,1
36594,0,0
51364,0,0
103150,0,0
46697,0,1
120191,0,0
51371,0,1
110912,0,0
74171,0,0
107994,0,0
59941,0,0
24293,0,0
24856,1,1
64425,0,0
35826,0,0
19187,1,0
111111,0,0
115811,1,0
116550,1,0
51905,1,1
10127,0,0
115993,1,1
15922,1,0
55278,0,0
58605,0,0
79248,0,1
122416,0,0
37971,0,0
116944,0,0
97100,1,1
75639,0,1
110267,0,0
45482,0,1
104439,1,0
44777,0,0
113895,1,1
57672,0,0
84620,1,1
55980,0,1
18677,0,0
42802,0,0
63530,0,0
67599,1,0
133448,0,0
27321,0,1
110193,1,1
35853,0,0
101781,0,0
40171,0,0
13798,0,0
14984,0,0
72985,0,0
56852,0,0
139176,0,0
58086,1,0
39476,1,1
94561,0,0
41696,0,0
81449,1,1
8929,0,0
42409,1,0
94429,1,0
18938,1,0
97098,1,1
98484,1,0
45989,0,0
35144,0,0
6738,1,1
46122,0,0
120913,0,0
112775,0,0
123956,0,0
115349,0,0
18856,0,0
89640,0,0
52497,0,0
4467,1,1
142446,0,0
39877,0,0
34621,1,0
1593,0,0
21248,1,0
59814,0,0
90928,0,1
135610,0,0
137330,0,0
44972,0,0
19923,0,0
38262,0,0
37005,0,0
83405,0,0
111055,0,1
143758,0,0
9880,1,0
124219,0,0
47622,0,0
15375,0,1
119491,1,1
67941,0,0
19534,1,1
76602,0,0
28909,0,0
103179,0,0
109372,0,1
4863,1,1
132933,0,0
92502,0,0
137531,0,0
105899,0,0
36487,0,0
37505,0,0
49577,0,0
65116,0,0
83809,0,0
123439,0,0
6979,0,0
81308,0,0
48972,0,0
26176,0,0
61685,0,0
132879,0,0
141142,0,0
29682,0,0
136445,1,0
11781,0,1
73087,0,0
133634,0,0
144144,0,0
57271,0,0
66757,0,0
31061,1,1
97590,0,0
22523,0,0
118960,0,0
128597,0,1
75729,0,0
60197,0,0
95863,0,0
84174,0,0
63034,0,1
79290,0,0
29974,1,0
122276,0,0
85864,1,1
136309,0,0
30014,0,0
36196,0,0
100694,0,0
139910,0,0
55647,0,0
66240,0,0
140703,0,0
138689,0,0
81383,0,0
25768,0,0
131413,0,0
45110,0,0
39882,0,0
5302,0,0
145186,0,0
48567,0,0
27376,0,0
113465,0,1
107710,0,0
120596,1,1
12143,0,0
105601,0,0
102930,0,0
104652,0,0
66899,0,0
6000,0,0
125539,0,0
126244,0,0
4476,0,0
138448,0,0
74120,0,0
59264,0,0
62499,0,0
120154,0,0
122456,1,1
56821,1,1
128251,0,0
43988,0,0
112303,0,0
67674,0,0
72251,1,1
113321,0,0
111508,1,0
120982,1,1
103910,0,0
131310,0,0
46871,0,1
38330,0,0
11668,0,0
107087,0,0
14456,0,0
19996,1,1
112602,0,0
101113,1,1
94111,1,1
71952,0,0
100025,0,0
66557,1,0
36890,0,0
13146,1,0
104012,0,0
106217,0,0
50444,0,0
117246,0,0
27379,0,0
121935,0,0
65593,0,0
57017,1,1
54765,1,1
101568,1,0
112027,0,0
75432,0,0
98572,0,0
42437,1,0
49460,1,0
78110,0,0
27425,0,0
56748,0,0
86551,1,0
68536,0,0
56506,0,0
118829,0,0
7963,0,0
113271,0,0
105481,0,0
45185,0,0
56621,0,1
95084,1,1
90112,0,0
16377,0,1
89693,1,0
63504,0,0
103044,0,0
102018,0,0
81117,1,0
141232,0,0
28638,0,0
116238,0,0
81394,0,0
129652,0,0
44178,0,0
125710,0,0
57565,0,0
60772,0,0
143692,0,0
53793,0,0
10316,1,1
44340,0,0
106240,0,0
88505,0,0
22710,1,1
100661,0,0
125889,0,0
48976,0,0
3347,0,0
54870,0,0
79545,0,0
39452,0,0
55101,0,0
73187,0,0
29580,0,0
105306,0,0
62188,0,0
51740,0,0
63059,0,0
71467,0,0
125438,0,0
85498,0,0
9056,0,0
22073,1,1
27923,0,0
13916,0,0
33249,1,1
65828,0,0
130782,1,0
123199,0,0
84523,0,0
5483,0,1
69065,0,0
79214,0,1
93163,1,0
137525,0,0
89679,1,1
27083,1,1
145389,0,0
8691,0,0
132949,0,0
17501,0,0
144562,1,1
126887,1,1
3953,0,0
105757,0,0
70448,0,0
65904,0,1
142501,0,0
133383,0,1
143956,0,0
127016,0,0
134908,0,1
20747,1,1
138245,0,0
94674,0,0
65278,0,0
88071,1,0
19991,0,0
36212,0,0
36134,0,0
16733,0,0
3109,1,1
10162,0,0
116742,0,0
102738,0,0
59601,0,0
102180,0,0
105737,1,1
139487,0,0
131711,0,0
126293,0,0
107777,0,0
15969,1,1
134697,1,0
85996,1,0
133443,1,0
32232,0,0
124075,0,0
11370,0,0
27514,0,0
97317,0,0
135533,0,0
124148,0,0
53468,1,1
50788,0,0
126179,1,1
33476,0,0
141882,1,1
121837,0,0
100729,0,1
108030,0,0
126661,0,0
56304,0,0
32449,0,1
29086,0,0
70585,0,0
99464,0,0
25433,0,0
139048,0,0
143181,0,0
60569,0,0
64868,0,0
137337,0,0
10212,1,0
90960,1,0
21050,0,0
37637,0,0
71383,0,0
124818,1,1
15201,0,0
54396,1,1
100707,1,1
87081,0,0
45324,0,0
74247,0,0
61905,0,1
65357,0,0
64,0,0
84268,0,0
30061,1,1
76865,0,0
103055,0,0
27620,1,1
64973,0,0
118195,0,0
78143,0,0
14788,0,0
13420,0,0
30630,1,1
47512,0,0
47187,1,0
11029,1,1
136934,0,0
9820,0,0
60523,1,1
79837,1,1
83117,0,0
2868,0,0
61032,0,0
9218,0,0
18406,0,0
105893,0,0
143779,0,0
4348,0,0
8487,0,0
57113,1,1
83086,1,1
104218,1,0
44306,1,0
61255,0,0
42275,0,0
79311,0,0
94325,0,0
25309,0,0
129671,0,0
123409,0,0
75272,0,0
21592,0,0
60385,0,0
74151,0,0
64231,1,0
50794,0,0
65449,1,1
51062,0,0
19906,1,1
124302,0,0
62839,1,1
19393,0,0
77721,0,1
111066,0,0
102974,0,0
36239,1,0
55397,0,1
32855,0,0
43800,1,1
32914,0,0
91436,0,0
142461,0,0
98766,0,0
108463,0,0
86025,0,0
129144,1,1
44958,0,0
52760,1,1
142003,0,0
99790,1,1
98909,0,0
24183,0,0
10223,0,0
128438,1,1
66907,0,0
51499,0,0
21713,0,0
32021,0,0
132929,1,0
124506,0,0
89899,1,1
99331,1,1
12411,0,0
128974,1,1
56612,0,0
118200,1,0
118419,0,0
117702,0,0
10964,0,0
77469,1,0
77238,0,0
106095,0,0
88491,0,1
86344,1,1
116925,0,0
120446,0,0
113774,0,0
7977,0,0
44577,0,0
5985,0,0
124923,0,0
134771,1,1
115879,0,0
83727,0,1
80939,0,0
47225,0,0
74212,0,0
131794,0,0
138740,0,0
91155,0,0
101996,0,0
28449,0,0
130080,0,0
17684,0,0
105894,0,0
54867,0,0
120128,0,0
64024,0,0
96268,0,0
32537,0,0
33989,0,0
71646,0,0
28621,0,0
37842,0,1
60991,0,0
21080,1,0
82110,0,0
27825,0,0
28447,0,0
142569,0,0
64296,0,0
72877,0,0
119414,0,0
10549,0,0
91626,0,0
26955,0,0
99161,1,1
8602,0,0
18625,1,1
14970,1,0
82409,0,0
58900,0,0
106190,0,0
145434,0,0
24147,0,0
135583,1,1
130779,0,0
120739,0,0
43736,0,1
16960,1,1
33464,0,0
22134,0,0
21597,0,0
97055,0,0
41119,0,0
72426,0,0
36242,0,0
111676,0,0
121180,0,0
115037,0,0
10727,0,0
30743,0,0
119582,0,0
136620,0,0
58668,0,0
112551,0,0
143083,0,0
8557,0,0
75285,1,0
91461,0,0
16447,0,0
50577,0,0
129519,1,1
140597,0,0
37185,0,0
130524,0,0
92107,0,0
108623,1,0
24783,0,0
72856,0,0
114221,1,1
99573,0,0
82722,0,0
140041,1,1
27147,0,0
46137,0,0
118186,0,1
114077,0,0
40830,0,0
22392,0,0
9287,0,0
11742,0,0
99547,0,0
86985,0,0
92258,1,1
1686,0,0
24968,0,0
106953,0,0
39274,0,0
135353,0,1
140961,1,1
27519,0,0
141873,0,0
65723,0,0
86402,1,1
15602,0,0
64455,0,0
118941,1,1
2594,0,0
68289,1,1
139196,0,0
2558,0,0
47060,0,0
4803,0,0
102489,0,0
104353,0,0
45253,0,0
16126,0,0
144528,0,0
7523,0,0
55237,0,0
119378,0,0
102320,0,0
95561,0,0
57644,0,0
61903,0,0
134637,0,0
120389,0,0
68515,0,0
76608,0,1
127103,1,1
49159,0,0
48084,1,1
110271,0,0
139126,0,0
71504,0,0
109842,0,0
65886,0,0
22439,0,0
54093,0,0
64376,0,0
25858,0,1
79194,0,0
62071,0,0
103162,0,0
57335,0,0
13035,0,0
36551,0,0
145413,0,0
11002,0,0
80197,1,0
142343,0,0
8569,0,0
28448,0,0
81141,1,1
129,0,0
107954,0,0
5980,0,0
32452,0,0
90652,0,0
112113,0,0
106500,0,0
97141,0,0
18093,1,1
90531,0,0
28408,0,0
61759,1,1
80037,0,0
105129,0,0
132572,0,0
115103,0,0
44702,0,0
132824,0,0
27063,1,1
129361,1,0
104374,0,0
100734,0,0
117980,0,0
144449,0,0
48984,0,0
99241,0,0
18304,1,1
61793,0,1
13078,0,0
124808,1,1
77794,0,0
104400,0,0
18971,0,0
45883,0,0
65,0,0
67828,0,0
42118,1,0
143086,0,0
59676,1,1
48183,0,0
73755,0,0
60708,1,0
25388,0,0
85722,1,0
9882,0,0
92564,0,1
88175,0,0
8888,0,1
121285,0,0
4526,0,0
58474,0,0
36092,0,0
504,0,0
24323,0,1
5138,0,0
43851,0,0
89439,1,1
53942,1,1
107146,0,0
67526,0,0
21116,0,0
123485,0,0
32997,0,0
90843,1,1
100548,0,0
32037,0,0
475,0,0
211,1,1
29753,0,0
56914,0,0
43593,0,0
4270,0,0
114185,1,1
125838,0,0
3413,0,0
123865,0,0
143665,1,0
53905,0,0
10275,0,0
117721,0,0
111352,0,0
126651,0,0
52583,0,0
37511,0,0
104559,0,0
1184,0,0
62769,0,1
114287,1,1
56356,0,0
32147,0,0
25795,0,0
135754,0,1
95085,0,1
73686,0,0
120015,0,0
25920,0,1
38711,0,0
132754,0,1
130617,0,0
129743,1,1
127668,1,1
32133,0,0
30750,0,0
62293,1,1
23335,0,0
127834,0,0
119174,1,0
18927,0,0
36539,0,0
118982,0,0
7537,0,0
99896,0,0
7570,0,1
19616,1,0
116460,0,0
78606,1,1
128309,1,1
115684,0,0
2635,0,0
140608,0,0
15995,0,0
55812,0,0
15832,0,1
1282,0,0
61268,0,0
6618,0,0
34214,0,0
36301,0,0
89396,0,0
12117,0,0
96774,0,0
109737,0,0
25734,0,0
103749,0,0
16061,0,0
127715,1,1
111683,0,0
98294,0,0
78557,0,0
27455,0,0
125442,0,0
54985,0,0
114611,0,0
58931,0,0
125621,0,0
38894,0,0
31506,0,0
19493,0,1
90737,0,0
120232,0,0
53584,0,1
89638,0,0
10733,0,0
7401,0,0
144863,0,0
1249,1,0
125515,0,1
81480,1,1
51940,0,0
81523,1,1
98991,1,0
87166,0,0
5227,0,0
49976,1,0
119467,0,0
126540,0,0
57133,0,0
77633,1,1
65868,0,0
4807,0,0
9546,1,1
101881,0,0
129983,0,0
145060,1,0
135731,1,0
134289,0,0
120860,0,0
43965,0,0
140356,0,0
114396,0,0
59581,0,0
110364,0,0
88227,0,0
125673,0,0
72779,0,0
126999,1,1
68173,0,0
65647,0,0
24726,0,0
138114,0,0
72833,0,0
112282,0,0
65182,0,0
96493,0,0
63288,0,0
9070,0,0
53169,0,0
38850,0,0
105742,0,0
9651,0,0
97816,1,0
102326,1,1
87480,0,0
122436,0,1
29766,0,0
142871,0,0
129833,0,0
118397,0,0
30142,0,0
111632,0,0
38998,0,0
112513,1,1
43627,0,0
13090,0,0
96877,0,0
92151,0,0
131663,0,0
118242,0,0
110979,0,0
138380,0,0
51079,0,0
4133,1,0
71372,0,1
3882,0,0
29874,0,0
51692,1,0
106050,0,0
87466,0,0
111635,0,0
61605,0,0
135476,0,0
76212,1,1
101083,0,1
54692,0,1
84534,0,0
115735,0,0
43848,0,0
128952,0,0
45866,0,0
133842,1,0
122061,0,0
40137,1,1
14776,0,0
128793,0,0
42607,0,0
125297,0,0
90888,0,0
117487,0,0
130913,0,0
140470,1,1
92547,1,1
38300,0,0
31606,1,0
105904,0,0
119092,0,0
60249,0,0
121224,0,0
126634,0,0
85560,0,0
32448,0,1
97153,1,0
72144,0,0
41883,0,0
94862,0,0
96208,0,0
110016,0,0
51568,0,0
135025,0,0
106881,0,0
142561,1,0
127877,0,1
100784,1,1
65126,0,0
105602,0,0
74354,0,0
34131,0,1
11983,1,1
131942,0,0
66396,1,0
93684,1,0
98373,0,0
53344,1,0
123609,1,1
43754,0,0
137791,0,0
49117,0,0
99084,0,0
98789,0,0
65014,1,0
140325,1,0
44714,1,0
41990,0,0
66452,0,0
68762,0,0
61084,1,0
137248,0,0
39896,1,1
134974,1,0
23625,1,0
128418,1,1
29213,0,0
56998,1,0
55548,0,0
45103,0,0
40111,1,1
108235,0,0
64628,0,0
51924,0,0
21471,0,0
138400,0,0
59398,0,0
82289,0,0
77160,0,0
134185,0,0
54814,0,0
75164,0,1
131681,0,1
77165,1,1
89142,0,0
128787,0,0
11811,1,1
111080,0,0
14124,0,0
113195,0,0
38640,1,0
77978,0,0
134280,1,1
138296,0,0
112849,0,0
144548,0,0
57197,1,1
88223,1,1
121029,0,0
69090,0,0
50355,0,0
8403,0,0
36704,0,0
29289,0,0
144745,0,0
26308,0,0
635,0,0
4814,0,0
128386,1,1
38278,0,0
98410,0,1
136124,0,0
120199,0,0
40393,1,1
95216,0,0
75961,1,0
33502,1,1
144148,0,0
99965,0,0
51480,0,0
71523,0,0
111000,1,1
12138,0,0
79600,0,0
64591,0,1
121637,0,0
105278,0,0
77017,0,0
120495,0,0
57316,0,0
83348,1,1
117112,0,0
104362,1,0
12250,0,0
125291,0,0
68128,0,0
97970,0,0
23050,1,0
25812,0,0
11711,0,1
92284,0,0
30080,1,1
88925,1,0
47677,0,0
140426,1,1
43009,0,1
44880,0,0
49323,0,1
75953,0,0
127378,1,1
9571,1,1
85593,0,0
11793,1,1
93645,0,0
108068,0,0
38096,1,1
144132,0,0
106235,0,0
88285,0,0
48322,0,0
60095,0,0
96549,0,0
89634,0,0
107707,0,0
103319,0,0
15504,1,1
35598,1,0
131264,0,0
20715,0,0
83312,0,1
84373,0,0
120613,0,0
122146,0,0
140900,1,0
31924,0,0
46759,0,0
14481,0,0
61348,0,0
81647,1,1
82339,0,0
119354,0,0
120513,0,0
78756,1,0
81947,0,1
134991,0,0
40441,1,1
106142,0,0
129147,0,0
142591,0,0
26819,0,0
142117,1,1
42429,1,0
45126,0,0
33439,0,0
87397,0,0
94781,1,0
4695,0,0
61424,0,0
70588,0,0
33203,0,0
99543,0,0
97060,1,1
56905,0,0
5160,1,0
26867,0,0
63210,0,0
60540,0,0
2263,0,0
130263,1,1
65045,0,0
131754,0,0
104834,0,0
79409,0,0
127864,0,0
40351,0,0
76041,0,0
137004,0,0
83789,0,0
35783,0,0
31377,1,1
110246,0,0
13234,0,0
81539,0,0
42488,0,0
15836,0,0
85879,1,0
85533,0,0
73784,0,0
56271,1,0
90937,0,0
112974,0,0
34879,0,0
20944,0,1
26024,0,0
33640,0,0
33032,0,0
76804,0,0
9145,1,1
32944,0,0
43084,0,0
36456,0,0
77716,1,1
78608,0,1
67364,1,1
37963,0,0
46422,1,1
73056,0,0
68414,1,0
36806,0,0
62181,0,0
27832,0,0
6075,0,0
2362,0,0
69197,0,0
110759,0,0
117221,0,0
54634,0,1
56924,0,0
52709,1,0
115343,0,0
63114,0,1
20874,0,0
9261,0,0
94632,0,0
31214,0,0
15456,0,0
71955,0,0
64492,0,0
58953,0,0
116302,0,0
128027,0,1
31474,0,0
85144,0,0
87009,1,0
66782,0,0
132680,0,0
142416,0,0
67153,0,0
25855,1,0
137909,0,0
56269,0,0
128733,1,1
44346,0,0
19369,0,0
88788,0,0
12761,0,0
21025,0,1
99327,0,0
24440,0,1
53678,1,0
72513,0,0
9553,0,0
45208,0,0
133015,0,0
17014,1,0
32494,1,0
129752,0,0
90484,0,0
36391,1,1
142109,1,1
118677,0,0
144207,0,0
78750,0,0
27366,0,0
46242,0,0
122880,0,0
51117,1,1
134709,0,0
72046,0,0
38239,1,0
46820,0,1
144364,0,0
49742,0,0
117274,0,0
32990,0,0
37786,0,0
8108,0,0
56667,1,1
17845,0,0
63894,1,1
27601,0,0
133055,0,0
63146,0,0
14420,0,0
79624,0,0
1570,0,0
30685,0,0
15073,0,0
93742,0,0
144738,0,0
90815,0,0
39740,1,0
14120,0,0
14861,0,1
124066,0,0
108243,0,0
59830,0,1
41209,0,0
95254,0,0
73883,1,1
5761,0,0
12502,0,0
35191,1,0
116590,0,0
86773,1,0
144387,0,0
1129,0,0
101178,0,0
44287,1,0
15458,0,1
38630,0,0
141833,0,1
9131,0,1
138908,0,0
133767,1,1
116014,0,0
33013,1,1
83215,1,0
42690,0,0
139568,1,0
106524,0,0
16940,0,0
29247,1,0
29339,1,0
85695,1,1
22114,0,0
131289,0,0
24741,0,0
19590,0,0
144971,0,0
125376,0,0
35807,0,0
46157,0,0
135159,0,0
100268,1,0
144572,0,0
63796,0,0
26173,0,0
9118,1,1
125393,1,1
5902,0,1
53104,1,1
37533,0,0
26869,1,0
108826,1,1
110250,0,0
25266,1,1
61723,1,1
30461,0,0
23549,0,0
111348,0,1
108692,0,0
128296,0,0
76,0,0
128530,0,0
91397,1,0
49017,0,0
38436,0,0
61544,0,0
104829,0,0
7033,0,0
135052,0,0
104207,1,1
2055,0,0
57228,0,0
93893,0,0
17918,0,0
5908,0,0
85114,0,0
124873,0,0
40829,0,0
85835,0,0
86851,0,0
138146,0,0
83796,0,0
94451,1,1
50800,0,0
93809,0,0
76213,1,1
139589,0,0
98382,0,0
40210,1,1
77787,0,0
4267,1,1
108549,0,0
30840,0,0
54455,0,0
72369,0,0
9795,1,1
11142,0,0
50352,1,1
77326,1,1
75666,0,0
34347,0,0
107453,0,0
115503,0,0
12548,0,0
82876,1,1
55235,0,0
7029,0,0
42513,0,1
33084,0,0
83377,0,0
64769,1,1
93333,1,1
60863,0,0
24093,0,1
79372,0,0
82679,0,0
62831,0,0
82120,0,0
75412,0,0
55615,1,0
49160,0,0
46456,0,0
115170,0,0
87621,1,1
60704,0,0
28856,0,0
19297,0,0
111147,0,0
125000,0,0
24908,0,0
57214,0,0
94753,0,0
74340,0,0
17506,0,0
66711,0,0
70628,0,0
115525,1,1
113137,1,1
63543,0,0
49282,0,0
95645,0,0
114161,0,0
37769,0,0
22809,0,0
5146,0,0
62721,1,1
144276,0,0
63164,0,0
37044,0,0
125964,0,0
144404,0,0
133465,0,0
142005,0,0
1157,0,0
13044,1,1
29371,0,0
55035,0,0
129540,0,0
10167,0,0
77840,0,0
30346,1,0
62871,0,0
140195,0,0
115127,1,1
8724,0,0
130059,1,1
9094,0,0
140294,1,0
108625,1,0
84087,0,0
69003,1,1
129150,1,1
91706,0,1
56659,0,0
30035,0,0
117416,0,0
137597,0,0
47938,0,0
110356,0,0
12093,0,0
112552,0,1
116961,1,1
66380,0,0
24699,0,0
58451,0,0
23797,0,0
25282,1,1
68014,0,0
24036,1,0
65146,0,0
75443,1,1
44319,0,1
99212,1,1
142677,0,0
52830,0,0
53794,0,0
118830,0,0
129998,0,0
110058,1,0
7646,0,0
136391,0,0
84096,0,0
124575,1,0
127157,0,0
70835,0,0
21288,0,0
67687,1,1
57269,0,0
107175,1,0
133310,0,1
14978,0,0
115654,0,0
24361,1,0
141785,1,1
12698,0,1
25667,0,0
90793,0,0
11849,0,0
27753,1,1
121738,0,0
88909,0,1
31393,0,0
84135,0,0
56564,0,0
103014,0,0
25166,0,0
6109,0,0
54876,1,1
55391,1,0
2769,1,1
17729,1,1
143321,0,0
15485,0,1
53167,0,0
12689,0,0
16510,0,0
96721,1,1
110706,0,0
144733,0,0
20901,0,0
49307,0,0
108278,0,0
45290,1,1
120551,0,0
22239,0,0
63982,0,0
73289,0,0
81416,0,0
26502,0,0
4601,0,0
72710,0,0
23005,1,0
102905,0,0
37978,0,0
131070,0,0
61684,0,0
132346,0,0
64276,0,0
4756,0,0
78789,0,0
1489,1,1
11805,0,0
101991,0,0
53082,0,0
133562,0,0
136978,0,0
71920,0,0
13500,0,0
109324,0,0
91643,0,0
84509,0,0
60378,1,0
54530,0,0
130848,1,0
13995,0,0
63225,0,0
119738,0,0
135160,0,0
63783,0,0
5831,0,0
55451,0,0
10231,1,0
91668,1,1
90942,1,0
21301,0,0
64766,0,0
130309,1,0
28561,0,0
106596,0,0
14499,0,0
78541,0,0
58166,0,0
89608,1,1
139324,1,1
12445,0,0
79432,0,0
74672,0,0
53933,0,0
30522,0,0
28334,0,0
50460,0,0
141737,0,0
40427,0,0
19710,0,0
48235,0,0
59228,0,0
128425,0,1
66253,0,0
111852,1,0
142683,0,0
118016,0,0
78358,0,0
108434,0,0
100320,1,1
98721,0,0
45584,0,0
75053,1,0
88458,0,0
64904,0,0
13724,0,1
30482,0,0
65374,0,0
118474,0,0
116293,0,0
128359,1,1
45707,0,0
123748,0,0
61093,1,0
116801,0,0
25072,0,0
143631,0,0
120289,0,0
79595,0,1
84745,0,0
75355,0,0
77997,0,0
93990,1,1
113181,0,0
11970,0,1
66163,0,0
46687,0,0
141662,1,0
139854,0,0
40226,0,0
60766,0,0
78699,0,1
12338,0,0
131365,0,0
79580,1,0
124524,0,0
118662,0,0
121472,0,0
98224,0,0
25242,0,0
53086,0,0
66696,0,0
123125,0,0
117580,0,0
98509,0,0
4101,0,0
96657,0,0
130135,1,1
104500,0,1
31667,0,0
73582,0,0
40182,0,0
67781,0,0
24196,0,0
22246,0,0
135440,0,0
29414,0,0
103066,1,1
115450,0,0
139717,1,1
130614,1,1
3767,0,0
77154,1,1
88211,0,0
135380,0,0
4704,0,0
135247,1,0
86421,0,0
38440,1,1
63675,0,0
3248,0,0
31916,0,0
73200,0,0
42231,0,0
8926,0,0
75829,0,0
27503,0,0
71305,0,0
70005,1,0
11662,0,0
101033,0,0
51543,0,0
25627,0,0
15952,1,1
96232,0,0
27647,0,0
1914,1,1
19207,0,1
17905,0,0
68052,1,1
22264,0,0
38257,1,1
126248,0,0
57754,1,0
8057,0,0
29286,0,0
73417,0,0
85434,1,1
125319,0,0
42250,1,1
143317,0,1
7144,0,0
114168,0,1
76438,0,0
117897,0,0
33499,0,0
116753,1,0
61966,0,0
130861,0,0
33642,0,0
67616,0,0
84357,0,0
82300,1,1
77547,1,0
129648,0,0
118653,0,0
92443,0,0
70884,0,0
111218,0,1
59939,0,0
72231,0,0
116744,0,0
119028,0,0
99968,0,0
42381,0,0
106380,0,0
135967,0,0
107205,0,0
92686,0,0
124444,0,0
140157,0,0
17187,1,0
106541,0,0
137023,0,0
61875,1,1
78629,0,0
12122,0,1
98356,0,0
50196,0,0
116393,0,0
110630,1,1
21455,0,0
73474,1,1
102833,0,0
114979,0,0
113771,0,0
115288,0,0
116857,1,1
55639,0,0
141404,1,1
57930,0,0
36017,0,0
140267,0,0
101163,0,0
48623,0,0
66772,0,0
14801,1,0
83073,0,0
20534,0,1
76786,1,1
112427,0,0
41359,1,1
122777,1,0
11846,0,1
123249,0,0
53541,0,0
26391,0,0
58170,0,0
83906,0,0
96824,0,0
103753,0,0
28337,0,0
103370,0,0
96685,1,1
87357,1,0
18277,0,0
11932,0,0
35818,1,1
70683,0,0
21452,1,1
61192,0,0
97560,0,0
65707,0,0
140932,0,0
122691,0,0
133830,0,0
83000,0,0
46681,1,1
92460,0,1
2980,0,0
78697,0,0
142496,0,0
101885,0,0
63143,0,0
52972,0,0
48833,0,0
10787,0,0
66385,0,0
90464,0,0
30223,0,0
71689,0,0
18669,0,1
38037,0,0
35267,0,0
118298,0,0
73348,0,0
56075,0,0
136981,0,0
143914,0,0
136393,0,0
113472,0,0
45498,0,0
129673,0,0
3938,0,0
142230,0,0
70639,0,0
89284,0,0
123480,1,0
112657,0,0
67131,0,0
132751,0,1
110870,0,0
67697,0,0
140748,1,1
74301,0,0
54803,1,1
104625,0,0
27086,0,0
122774,0,0
9904,0,0
62580,0,0
103521,0,0
134820,0,0
79746,0,0
122834,0,0
121254,0,0
26162,1,1
60615,1,0
91419,0,0
82595,0,1
91769,1,0
110430,0,0
124203,0,0
141791,1,1
58764,1,1
31568,0,0
18377,1,0
29803,0,0
8041,0,0
24206,1,1
106336,0,0
27484,0,0
5566,0,0
83432,0,0
48934,0,0
41217,0,0
37858,0,0
2631,0,0
111339,1,1
100985,0,0
78981,1,0
137107,0,0
107169,0,0
95284,0,0
144416,0,0
38920,0,0
79268,0,0
94790,0,0
14152,0,0
140565,0,0
86629,0,0
36627,0,0
29066,0,0
32410,0,0
4382,0,0
24230,1,0
39663,0,0
44428,1,0
131848,0,0
105445,0,0
111744,0,0
105773,0,0
5069,1,1
60174,0,0
5680,0,0
11475,0,0
51500,0,0
116035,0,0
25792,0,0
120923,0,0
51392,0,1
54237,1,1
96635,1,0
24234,0,0
142023,1,1
74917,1,1
17244,1,1
134104,0,0
37747,1,1
136723,0,0
30449,0,0
31895,0,1
141285,0,0
81646,0,0
5493,0,0
82608,0,0
43781,0,0
124520,0,0
132117,1,0
42120,0,1
57096,0,0
115436,0,0
86358,0,0
54109,0,0
8036,0,0
100367,0,0
44064,0,0
144092,0,0
100273,0,0
137425,0,0
54604,0,0
58217,0,0
841,0,0
70944,0,0
117655,0,0
114643,0,0
80409,0,0
106844,0,0
66496,1,0
104512,0,0
135262,0,0
71626,0,0
11761,1,1
104698,0,0
43384,1,1
13296,0,0
47528,0,0
42016,0,0
103453,0,0
142141,0,0
85225,1,1
91619,0,0
132983,0,0
1119,0,0
133689,0,0
33388,1,1
22741,0,0
119072,0,0
98614,1,1
61330,1,0
14122,0,0
17167,0,0
117094,0,0
107334,0,0
30771,0,0
6515,0,0
140445,0,0
30024,1,1
96159,1,0
7973,0,0
62215,1,1
136378,0,0
101362,0,0
116892,1,1
120707,0,0
21096,1,1
37057,0,0
109565,1,1
69157,0,0
46710,1,1
133933,1,1
12393,0,0
4947,0,0
123302,0,0
121178,0,0
89346,1,0
129420,1,1
105180,1,1
114550,0,0
54280,0,0
8480,0,0
92558,0,0
33322,0,0
11940,1,1
9441,0,0
143920,0,0
12736,1,1
82611,1,1
62221,0,0
140704,0,1
2110,0,0
14763,0,0
96803,0,0
82190,0,0
97198,1,0
22657,1,1
55116,0,0
72233,0,0
118961,1,1
29018,0,0
30662,0,1
57972,0,0
47615,0,0
34502,0,0
53946,0,0
98156,0,0
79158,0,0
123532,1,1
74850,0,0
108120,0,0
95775,1,1
18419,0,0
124876,0,0
102572,0,0
111438,0,1
28488,0,0
35107,0,0
3496,0,0
6780,0,0
45864,0,0
74821,0,0
25808,0,0
2128,0,0
54934,0,1
98506,1,1
43582,0,1
2122,0,0
106906,0,0
108552,0,0
1524,0,0
119505,1,1
31127,1,1
75914,0,0
66251,0,0
73234,0,0
35757,0,0
26245,0,0
12542,0,0
91657,1,0
134186,0,0
10521,0,0
75252,0,1
78683,1,1
61241,0,0
56436,0,0
54623,0,0
140077,0,1
18267,1,1
86067,0,0
66629,0,0
117979,0,0
116869,0,0
88567,0,0
22360,0,0
120375,0,0
101917,0,0
127161,0,0
106839,0,0
78181,0,1
104551,0,0
93215,0,1
27057,0,0
51074,1,0
68047,1,1
17633,0,0
85857,0,0
19415,1,0
37620,0,0
94868,0,0
68191,1,0
62299,0,0
120196,0,0
31709,0,0
143823,0,0
126869,0,0
73368,0,0
47408,0,0
87154,0,0
43542,0,0
14047,0,0
140774,0,0
118751,0,0
102256,0,0
76320,0,0
17390,0,1
128448,1,0
115820,1,0
43215,0,0
120099,0,0
121438,0,0
93934,0,0
113172,1,1
36764,0,0
142102,1,0
75976,1,0
37123,1,1
544,1,1
28593,1,1
137658,0,0
110327,1,0
19062,0,0
107402,0,0
88117,0,0
22895,0,0
20782,0,0
116084,0,0
136664,0,0
88268,0,1
94153,0,0
4906,0,0
75021,0,0
35705,0,0
72374,0,0
43865,0,1
58629,0,0
125381,0,0
38581,0,0
14018,0,0
16435,0,0
85070,1,1
115821,0,0
86369,1,1
26252,0,1
41923,1,0
130638,1,1
46465,1,0
90102,1,0
20829,0,1
41506,1,1
99307,0,0
60745,0,0
9826,0,1
78368,0,0
99517,0,1
99423,0,0
23424,1,0
90513,0,0
87378,0,0
2225,0,0
124296,0,0
10009,1,1
140913,0,0
96553,0,0
80467,0,0
110270,0,0
70001,0,0
22723,0,0
129045,0,0
92901,0,1
50648,1,1
107836,0,0
105521,1,1
93344,1,1
51539,0,0
92655,0,0
10767,0,1
58066,0,0
70680,1,0
136903,1,1
24231,1,1
21076,1,0
81477,0,0
140208,0,0
27675,1,0
121911,0,0
119118,0,0
127566,1,1
88370,1,1
22793,1,0
4157,0,0
130286,1,1
23361,1,0
96410,0,0
130949,0,0
99511,0,0
87295,1,1
123076,1,1
122642,0,1
29553,0,0
66471,0,0
103814,0,1
130542,1,1
27728,0,0
31418,0,0
43519,0,0
73125,0,0
1871,0,0
21219,0,0
100286,1,1
87825,1,0
74534,0,0
133949,0,0
7094,0,0
31373,1,1
11766,0,0
99491,0,0
11925,0,0
112694,0,0
44617,0,0
30512,0,0
122516,0,0
121288,1,1
22380,1,1
94596,0,0
2082,0,0
94039,0,0
51572,0,0
97819,0,0
63639,0,0
101941,0,0
36138,1,1
50087,1,1
3986,0,0
97445,0,0
63411,0,0
122851,0,0
13934,0,0
34875,0,0
65986,0,0
26280,0,0
51165,1,1
9360,0,0
70434,0,0
128714,0,1
95501,0,0
100655,0,0
35569,0,1
52834,1,1
90308,0,0
60930,1,0
15630,0,0
58392,0,0
136954,0,0
133885,0,0
12348,0,0
35836,0,0
83731,0,0
138707,0,0
111905,0,0
42935,0,0
6095,1,1
89801,1,0
30839,0,0
58203,0,0
27448,0,1
58614,0,0
105485,0,0
114170,0,0
55901,0,0
91336,0,0
33384,0,0
16313,0,0
21070,0,0
31732,1,1
140555,0,0
94097,0,0
8766,0,0
93872,0,0
31167,0,0
30665,0,1
65464,1,1
128236,0,0
113159,1,0
34901,0,0
82695,1,1
9693,1,0
46334,0,0
126937,0,0
75253,0,1
36479,0,0
48808,1,1
90495,0,0
128900,1,1
50299,0,0
60549,0,0
31173,0,0
119016,0,0
54650,0,0
93535,0,0
99858,0,0
68887,0,0
58103,1,0
131629,0,0
126714,0,1
88258,1,1
84309,0,0
41064,0,0
112215,0,1
125215,0,0
53193,0,0
139335,1,1
127117,0,0
73781,0,0
7069,0,1
21522,0,0
85385,0,0
109093,0,0
17205,1,0
44429,1,1
87963,1,1
7397,1,0
63086,0,0
68674,0,0
63770,1,1
21826,0,0
72195,0,0
101925,0,0
89012,0,0
129256,0,0
90783,1,0
117661,0,0
144022,0,0
83280,0,0
73754,0,0
73941,0,0
144026,0,0
83665,0,1
37881,0,0
54827,0,0
91745,1,1
6822,0,0
134979,0,0
119563,0,0
47417,0,0
38976,0,0
99409,0,0
36750,0,0
126899,0,0
84828,0,0
29902,0,0
75323,1,1
72449,0,0
63740,0,0
38783,0,0
16335,1,0
13478,1,0
88467,0,0
62088,1,0
9140,0,0
140795,0,0
50555,0,0
73997,0,0
112939,1,1
80242,1,0
17668,0,1
62607,1,0
93539,0,0
143733,0,0
118746,0,0
6101,0,0
73583,0,1
67142,0,0
26340,0,1
26225,0,0
44299,0,0
15823,1,0
97603,1,0
51238,0,0
39764,0,0
36741,1,0
126334,0,0
121337,0,0
110874,0,1
72394,0,0
140998,0,1
135474,0,0
141606,0,0
90010,0,0
246,1,0
66700,0,0
59940,0,0
108532,0,0
137767,0,0
8149,0,0
7749,0,0
108300,0,0
37823,1,1
62406,0,0
51049,0,0
105454,0,0
140682,0,0
3033,0,0
13337,0,0
80685,0,0
101440,0,0
9961,0,0
7099,0,1
34539,1,1
61924,1,1
103450,1,1
61969,1,1
127066,1,1
47952,0,0
18004,0,1
30562,1,1
43247,1,1
92006,0,0
8412,0,0
59536,0,0
58485,0,0
23362,1,1
116758,0,0
46501,0,1
68338,0,0
45549,1,1
78008,0,0
31036,0,0
74618,0,0
100488,0,0
91265,0,0
65500,0,0
139267,1,1
67188,0,0
111962,0,0
30052,0,0
37226,0,1
22204,0,0
64757,0,0
18469,0,0
125637,0,0
79102,0,0
107208,0,0
48664,0,0
110037,0,0
85149,0,0
106295,0,0
145401,0,0
109033,0,0
45908,0,0
86583,0,0
26503,0,0
50403,0,0
9800,1,0
23819,1,0
43049,0,0
77577,1,1
24941,0,0
52845,0,0
137051,0,0
35747,0,0
7146,0,1
49508,0,0
135154,0,0
40697,0,0
90617,0,0
47617,0,0
3008,0,0
50702,0,0
56050,1,0
88966,0,0
1726,0,0
109200,0,0
77286,1,1
80857,1,0
57701,0,0
4673,0,0
835,0,0
36771,0,0
5140,0,0
7274,0,0
80651,0,0
107734,0,0
142885,0,0
141943,0,0
123460,1,1
127996,0,0
126702,0,0
72629,0,0
24654,0,0
83671,1,1
66166,0,0
65730,1,1
135258,0,1
105022,0,0
41502,1,1
36846,0,0
126681,0,0
99289,0,0
124899,0,0
72945,0,0
54214,0,0
120852,0,0
66635,0,0
72434,0,0
3631,0,0
16537,1,0
4278,0,0
142600,0,1
130548,0,1
127238,0,0
68471,0,0
111693,0,0
13312,0,0
97019,0,0
36782,0,0
94934,0,0
26940,1,0
6433,0,0
24095,1,1
18548,1,1
114016,0,0
74370,0,0
42060,0,0
59761,1,1
87139,0,1
93219,1,1
34861,0,0
23163,1,0
41533,0,0
63382,0,0
142165,1,1
132328,0,1
23211,1,1
7457,0,0
106686,1,1
130037,0,0
76492,0,0
64984,0,0
42557,1,1
7178,0,0
115876,1,1
109276,0,0
100816,1,1
21319,1,0
11837,1,0
44747,0,0
10702,0,0
109689,0,0
100358,0,0
37106,1,1
79411,0,0
64444,0,0
76940,0,1
125002,0,0
58873,1,1
64496,0,0
28412,0,0
58599,0,0
109490,0,0
45526,0,0
33312,0,0
140319,1,0
29222,0,1
45211,0,0
143062,0,0
108731,1,0
123915,0,0
117483,1,1
85275,0,0
60027,0,0
63797,0,0
60803,0,0
25330,1,1
22407,1,1
59169,0,1
8100,0,0
98906,0,0
95580,0,0
122837,0,0
106453,0,0
67615,0,0
85019,1,1
70352,0,0
43952,0,0
92769,1,1
123462,1,1
133554,0,1
23283,1,1
56761,0,0
21905,0,0
105467,0,0
19082,1,1
140566,0,0
81409,0,0
140548,0,0
47098,1,0
54269,0,0
118108,0,0
44123,1,1
75837,1,1
65522,0,1
13318,0,0
97209,1,1
47632,0,0
99846,0,0
99875,1,1
108899,0,0
48335,0,0
112476,1,1
136419,0,0
20947,0,1
127245,0,0
43144,0,0
68986,0,0
122962,0,0
31952,0,0
26585,0,0
92743,0,0
66920,0,0
80858,0,0
128909,1,0
56755,0,0
42474,0,1
138229,0,0
22,0,0
111273,1,0
54587,0,0
4506,1,1
115252,0,0
82644,1,1
84211,0,0
144911,0,0
102741,0,0
75007,0,0
85589,0,0
143581,0,0
4675,0,0
11097,0,0
11023,0,0
74075,0,1
115457,0,0
29536,1,0
99287,1,1
141515,0,0
140172,0,0
105541,0,0
131331,0,0
144710,0,0
35979,0,0
29676,0,0
67343,1,1
28195,1,1
8366,0,0
137099,0,0
115639,0,0
482,1,0
113547,1,1
120792,0,0
86835,0,0
73016,0,0
119263,1,1
73063,0,1
57982,0,0
77523,1,1
130378,0,1
135328,1,0
49781,0,0
107281,0,0
75744,0,0
142937,0,1
127481,0,0
19171,0,0
140611,0,0
21330,0,0
128687,1,0
88935,0,1
105036,0,0
31557,0,0
38572,0,0
80374,1,1
82151,0,0
88933,0,1
28886,0,0
93569,1,0
12705,0,0
62196,0,0
82179,0,0
56571,0,0
135313,1,1
58619,0,0
69161,0,0
90050,0,1
93053,0,1
52905,1,0
47271,0,0
88986,0,0
110495,0,0
61631,0,0
8948,0,0
97678,0,0
67608,0,0
43290,0,0
71441,0,0
59981,0,0
136716,0,0
104018,0,0
95253,0,0
84378,1,1
129334,0,0
69421,0,0
10612,0,1
136754,1,0
114397,0,1
57807,1,1
17161,0,0
81885,0,0
107694,0,0
131674,0,0
125495,0,0
8014,1,1
135802,1,1
105080,0,0
129697,0,0
111837,1,1
138157,1,1
57145,0,0
94359,1,1
91578,0,0
